Satellite_ID,X_Position,Velocity,Altitude,Fuel_Level,Signal_Strength,Battery_Temp,Solar_Exposure,Y_Position
10649,38.0985585981127,0.4082748352798292,3.0244624813339005,-8.395000588327898,-0.13463261952413438,-2.706550976079203,-11.211854718144735,52.78229485540272
7462,63.86621622808654,9.219310476733828,-11.422148157498533,-1.8540791502116016,19.114556633010743,-8.485698728309385,15.204365917348621,79.98498888225086
5130,38.63572991412955,-2.641277891051729,3.262010797138626,2.1736399738086054,4.620972751671314,0.746471332464002,-4.111033254014434,60.60199457182514
6026,66.60819352873305,3.9023759758142944,-10.4508274213538,3.6066451246829914,-5.719200638316309,15.093068054572914,12.370997297807493,30.261751487641472
9983,87.1865412466361,8.971301458922044,-6.531111604107867,-10.47576462827114,-8.763477494368452,-2.2498966669897924,-10.490466080570613,48.674557523400374
2584,75.48414902639556,7.919427953181959,21.01920292264065,14.485309000540237,-0.21296431740155705,-10.222207874499592,4.400506304661981,76.65977892515865
9347,68.68592985095887,-8.143572019705505,-11.38217730527887,-5.459056941914015,12.55441785631977,-14.457131311761009,-13.228265198763642,30.655181213860416
8171,86.97542860524997,-6.500031281722843,-7.3114889156766685,13.87271287199522,3.539370968198608,2.273755650978707,-1.5831943171520615,47.91629876444797
5180,43.6709692213048,-4.502273900187344,-10.693273020266433,4.592350435386232,2.191957025859141,12.471878558601883,9.700283172859907,39.14476209083403
443,49.859367936354694,18.112497029976158,7.574468949324436,-8.454413352750489,-11.088985605140419,4.663039302818799,1.3188131192511672,76.26790513820994
11316,80.08897417264578,-1.662680936050446,1.2668348215186973,-2.0794678256867165,-5.675833125257402,2.379092771565992,-18.026771866199184,36.75261767467329
12495,51.94431147701501,4.958436067317992,-16.7912426878037,9.304671112746849,-13.217472827388214,-9.182932579299756,5.044164959532186,32.57742763903441
9852,64.94420552731567,6.925940793688932,9.329864666252746,2.3501589759052837,-14.486557230713036,7.8222009054598285,-2.2396754272317008,30.075713352885
3723,87.94018564170995,-8.475385889069383,3.6889803281663616,-6.958911535869522,10.976430657969892,-15.415213923614335,-5.2971888839219865,56.728334503805655
8028,77.84186203142623,-2.0643053782597915,-13.445807115866216,0.28305661646292146,-5.682398835129444,-7.060851515974606,2.4571887435712494,34.88236764825174
9670,43.36511805034918,-16.452850268834688,2.026071567854981,-7.490615999485524,2.8610799643547002,1.5905717737139429,-9.807122028654295,39.52513616139785
2204,76.60869289881053,-5.4807529217406685,-12.17897894853612,6.554701528801692,1.0480426903591957,-7.153419886938109,-5.38187936121855,34.028507979023914
6463,41.526716307317756,21.674500433828715,6.955912879135014,4.32878615780744,2.2674805247422394,-1.8611836406220938,8.748272620619312,67.80226884007624
4684,48.62670471393942,-20.894687672982467,-8.157118019771207,-1.5052241100382138,-5.801697307521554,10.536642583512162,6.598940344159615,34.54496681450483
6193,63.037828965820175,6.542224866234292,-2.8397760896206696,7.850185961633428,-6.030551041966076,-4.455187314953054,-8.993201417045928,79.99997137937052
2596,74.65175265332667,-10.92681436782065,1.8083407633157615,12.922320557985858,2.162853713095515,7.2970267113763025,-18.71713516242166,32.88130518982426
11003,38.55878605662151,9.201313325452524,-5.902343174974264,25.499601247941072,-9.68883301956607,-12.196992576431283,6.618673873239082,60.25614506782307
8018,87.08098704830282,22.04311037847837,13.733225082682353,-8.725874538273247,5.564768960279604,1.1268546991258457,2.854346693644305,61.71610473261637
8558,83.22157726081156,14.580789779201982,-17.78439943676633,-5.441833611605585,-5.739878206883894,-6.5739318158968265,-2.1733588714458825,40.30007438505116
3552,49.90240320501864,0.22705239643376096,-6.958487552086698,-11.856767696031955,5.164448588211238,0.10359488379603754,2.94212047674778,33.7055650885943
190,75.8274076754467,3.328291158678703,2.4817152332448376,-14.641987057044963,-7.0882758754261985,-4.357745869496334,14.929719364346106,76.45827608005571
3715,86.43726526527456,-16.102833302863516,9.9465471453903,-9.98141112128066,-1.0982330419850748,13.672939469241465,-2.665196689713824,46.29973581520915
10874,45.89481356243518,13.584190016976933,-5.927625419671495,-8.112216325506019,-14.859111340980016,-10.039471935579181,1.0086765968657647,36.76781425785299
11727,77.81636425663693,16.098703413006653,-3.5386656515595387,18.17130932211475,-6.916900523120075,0.8437237011795664,-11.457128100296934,75.13641850515259
10631,47.297073215980426,-10.113403268799583,-5.890363284529689,13.7116328164002,-7.360940727107968,-2.296928337950323,-0.37784534111377144,35.54702875096659
11270,40.31133799379012,-8.197053481681053,-16.44232642102858,-2.7988094006016535,3.5665630871834897,0.07384385796489161,-11.952926009106653,44.50120881396491
1492,54.82845328763135,-8.48898606415071,16.148905867218424,-5.350521484889016,-2.4543848610291024,8.851698387811455,22.2322700002996,78.62680309156482
6328,38.22612833353082,-6.93903765950421,8.57414279125998,2.366276698017302,14.397203293103054,3.1696725655285607,0.9687628222818813,58.354889365286986
12132,53.40235565936451,20.06730652546722,-1.4048850600403102,11.56614912055918,8.468605345084049,2.602894850670745,-5.693981344186927,78.08430685792119
12380,66.87780379779501,9.028109954270837,-0.17652868038489078,9.100154408643037,-5.718206820305634,1.6280102159431236,-16.33288660049984,30.30257831866236
3928,41.09170617796632,-0.2500250823329982,-4.504273327014825,10.608404503815617,13.094560950363078,11.945925200695026,-3.0174867170794393,67.04270159920277
7989,85.26707359489515,9.63592021048331,-5.175356611610274,-2.449202433738181,-9.861233672683884,0.8990996800554751,-2.4627827650463594,43.63437491734295
4208,56.94993465070894,-0.29707677426474444,3.9851580563812683,2.164589577876332,-8.556895832825864,-10.461176434296247,3.716949071926623,79.2568899339818
1047,79.41081077206137,-5.855380026690947,8.676055634390998,-0.9317944003345597,-3.1338163035769355,4.466377189076109,-7.870417913781892,36.14037938335994
7151,78.79705748069821,9.309160649596546,-9.654546765609378,16.66663318974589,-8.135828119134862,-8.596402247698705,-22.16039916579731,35.62339103579998
7882,87.46536724030587,-12.650142879531,-1.0418877383776994,0.8494120647022235,2.685129090022917,4.728774259859883,14.503071563328621,49.85745142979003
10980,38.007560417960946,-7.9025571207786935,0.15679875201800822,-12.731578979371323,-4.929390624480857,-8.470055515194165,9.541261908295361,54.38521244471972
2885,48.31694656862007,-5.513246871800391,8.564176801301741,-2.582354766000707,-4.0513060223399275,-0.4038155744669818,-8.463917840378672,34.76616838235422
5752,59.648162577305925,-5.5990619011164835,8.033088750850654,3.0405982181715414,6.280568762829183,3.2232942335298187,4.180928448337143,79.77428477054035
11070,38.7540003063524,-0.9895945183078707,6.821282719489085,7.501458338647495,11.207585378441182,-4.943301582667622,13.861874832984853,61.09356208269356
1035,71.78502471739297,14.782100830274844,-13.428851139864959,0.9826713923677282,11.618584245285977,5.348021378511292,2.3312361838995113,78.40562626196518
7496,44.54452061677344,6.917667627402958,-15.998263633088337,-6.624214000794478,-4.733743025938686,-10.758940198986265,4.013892245648896,38.13597673343341
2729,85.45253137399143,10.092768956595163,1.0323798615167503,-5.452551911857419,-16.228198509899794,-13.734055273075995,-12.886888129619011,44.00528149974133
12114,65.8157172951299,-17.586983719310073,-8.508235426845426,3.20743363596649,-2.7255416057457724,-6.312138167566274,19.623268276905723,79.84092864838
11939,54.85068377653787,-2.343936658236807,2.8209100782398284,-11.849037652250038,-8.163522897297828,3.28686465718956,12.072599040994218,31.365519995353885
7301,44.55968409958604,4.40858115372936,26.02863033469078,2.0652849149223913,-4.324887377441842,-11.952785071481156,-7.609715882776759,71.88060275857886
2658,60.930891941727644,-3.9396169447970926,-9.635714164929174,-0.946774032404682,0.8040792020298837,-7.041613624441714,0.693518499562743,30.08577129744546
4373,39.70486694794421,-4.22333776252634,-8.8037847178464,11.275133156043232,-6.85984454907818,-18.719731740564356,4.954003937416998,64.0739614329695
1725,77.0377972321506,-8.155797541778808,-18.88554790936525,2.877279668438998,14.52760315114739,-4.568519735823923,6.418949349062467,75.6867167252086
12744,78.44154711049747,-6.794793667219371,-11.458589951486672,5.5131030716044815,8.242372063748041,-1.8333581855595753,-6.619323916441444,35.33890585866882
7644,75.51246996761567,5.080550098024064,4.390768076815546,2.350527033381092,8.935972900715628,-16.9666793498297,3.154643984815499,76.64343076569692
1976,75.74081127307949,-3.0262504647622688,4.085402463323227,-6.7926066174147115,13.060847231494414,-13.143344491602303,-1.4405169988406994,76.50980539437236
10517,51.2171494182282,0.6998814637836843,7.98849984199387,2.4647748257945636,-1.9100921834723363,-11.776343991035702,-14.898115878359558,77.0491367669494
8107,45.58077841458884,-6.889845033155614,4.138030804838681,-9.767019299321237,-10.335871593764258,-6.1016540689464085,-14.592854241042701,37.06760698182348
9764,77.57347304103381,-12.166303124833949,-3.182247702741201,24.23877902030966,2.4824663315446887,5.0573302818,-16.62306483627453,34.68710056337942
10398,87.74138441741175,1.0806804836867698,2.182305120720804,-1.7031503429833164,-12.441451543523902,9.674482704674224,4.8605183558775,51.413372460115916
9135,39.07999691036481,-2.895599206147075,-11.189232348603573,-16.837927378158433,-32.91292580392063,-12.78687747128803,6.567190329739615,47.73133766145083
12260,84.97275348695567,-3.759491338813812,8.112723358091218,-6.222922158816415,1.1403730641632528,5.413550955819741,-24.488187752290877,43.07531534163366
9982,42.07184948561437,-10.066822705287347,1.5145997360810384,-22.11630790078289,-7.228272442618076,17.451450981384816,-0.5871078452814762,41.32474804447024
2557,74.45020869267614,-20.817852919031413,-5.618306549362323,11.59725237466349,-4.48233516145368,6.6627389765790515,-1.327186925953339,32.776302717725756
12122,82.66867964361282,-8.472887065484231,12.177755272055714,-3.9477643916053573,1.5111729116147572,-0.8673405664891677,-6.104882385990606,39.56811608788704
5252,82.26096048882663,-8.076947712517908,8.64991712511078,7.775506978057783,-5.798191237750826,4.633778774686491,-14.243135270410878,39.062139382970514
2407,44.59509804568341,11.236521086921211,4.284275113546795,-7.22795443702535,-1.4593257609899968,-7.552996979817984,7.120523960482068,71.91920754799094
1989,50.283260996948094,7.205024636055195,0.4835592132037985,7.4881498949991965,-0.671779235687401,-1.500005922595141,17.51658855639808,76.52404583548963
6309,43.509313093580175,-0.5213832874286999,7.981180824203891,8.724102535382043,2.124995386314747,10.377033346281578,-9.809880483773405,39.343910963592634
968,80.10687655354619,-1.776796469616484,-1.4152568154334146,7.1668373494197954,1.831506750906435,13.400985229682563,-8.860198856273549,36.76940004877152
2101,85.08317501699923,1.0478871482331797,7.381958105452356,-10.808362210364933,-13.536651102268571,0.8056357370825319,-20.137925881665176,43.28106740489643
9211,44.85429234587511,-2.4212833810761945,9.075277768012782,-5.745516504996294,-8.862160170197587,15.05259530914999,-7.450627784050966,37.80310220618168
461,38.89899669667708,10.797199800821264,-9.375737118939329,1.496071662926345,-5.796514080055398,6.7237754123118165,-12.707533820263357,48.356082498012356
11718,73.66155717714086,3.607531403731041,-7.457253662514505,13.434712708242085,-3.57042142069403,-3.3596991410708577,8.209139582074659,77.6126336051013
290,42.00976259499347,2.594028290517298,3.731053255818011,12.594162814003596,4.846640454311313,-9.856346931302532,7.551069441592643,68.57976191549265
5921,80.64130160590744,-27.502358130314377,-0.43512214394270154,1.428159191317535,9.17693772562744,1.6163358554390945,8.790532332424384,37.286037212147946
8228,74.9212146055182,-5.3866034226352335,4.95491949528187,-1.0712192073206683,2.0559303054310787,-3.6685864185758597,2.236746166366532,76.97463634122713
5574,81.8504465905594,22.08091626805832,-2.5656365576225864,-12.452891417556275,-10.259089362258491,4.735790094232285,-1.3603873703747764,38.57865220706694
3344,82.22244860878577,-5.969751275878757,-7.504225993933882,4.668320867957889,10.131657343968701,0.5532394553449913,-0.8677005534981409,39.01571179305785
6420,50.582195392970924,18.121306680359215,15.710211618047618,-3.2584910166754133,-9.275021778349132,9.533523493274407,-1.5145529466581966,76.6978830474691
5058,41.031174200895485,-0.8154592299944432,14.242824639522393,-3.2930509208572967,-13.176371039503893,-9.443067023489114,2.2507533027971975,66.93191908322379
5945,74.32614615023317,1.9369343168822457,5.093954701454101,8.85146839000176,4.527441097773081,-5.449003893163597,-11.400439479244184,77.28718047182187
7499,71.3561271991219,0.8982246291010403,-1.6146771915223848,-11.847662788725177,-11.188074859373456,-20.497078396033718,8.385370915586666,78.56215478754214
12212,86.84386102598538,2.5008340902907973,20.937394120771003,4.473320990835444,-8.055624652384042,5.568161030257706,-9.248173076266218,62.514671740900965
3771,38.412651971245225,-1.9201461830094546,-17.821893361012165,-2.398746255443181,10.50834649577363,1.2543925232545896,21.689569965818592,59.52352925412102
12318,80.62499448886581,8.293896079684597,-1.2800092799321885,3.448839343041001,-4.506590131020424,-8.179541609311972,-7.75767213538686,72.73018807761073
12707,59.373822863799774,-1.878771885075928,2.193255937468917,3.9109718089100394,-3.350942537905761,-0.7936564902158705,-23.498975238119023,30.264381160421745
8262,64.50491454620808,-2.5928861032261614,5.684250503721493,20.10963475658421,-4.682732301024755,21.389892433696897,-15.965334220645262,30.04533646372664
8093,82.70146373743191,-0.09415901612575711,3.430261483967361,-13.13562834659233,-6.5779782726613645,1.3265217737283033,6.249223964019942,39.60999263799216
7640,61.51782291112484,1.3321543847283082,8.83544248898993,-11.402435327937333,4.452626991763363,-10.539571636736984,-3.929285811846323,79.95602434437852
7618,51.408634290699766,-12.959135403954997,-9.85368007832645,-2.2536311645090725,-5.374368507676631,9.576351121051749,1.415255462460876,32.849599529731776
5475,46.511010064181235,-3.01164869701835,18.372612287323165,2.62830604871167,-6.4014820953744405,-5.663331960648872,-1.128192408315647,73.79130679054725
3950,38.52039265046689,3.640923083631687,1.6133944495192405,11.323146397316414,4.199199741819577,-11.119181929402629,2.9040408225184855,60.07432990774984
10430,39.35642278578675,-0.41954467389647865,-9.376584107289357,-9.645239363504302,6.192812084279879,40.75754315788788,-7.311475267801382,46.87711525900214
464,82.87928664530415,9.381721663681423,2.752220257009092,-2.6892657428032427,2.943388322992073,10.01374686169468,9.135092357036536,70.1596161717186
1235,79.08827937449485,7.3227925476583025,-1.1980081303336223,-14.97775283707352,3.299301573143081,17.336800860336833,8.155225616037946,35.86450244262764
11863,87.19627316660818,27.26491301278623,9.854576510479369,-7.99398685938966,-13.820878116693772,-9.479767840201625,10.452260629948372,61.28811297981175
3480,75.58040539476671,8.096675059587351,21.105341946990656,15.777767752930226,16.08341714887263,12.100666630035757,6.69996712269461,76.60401351840265
9116,50.91644878422375,-1.4986148785181093,0.22583533375027975,1.4688016889717521,-5.565836646124678,-7.867054910162152,1.8652760070362273,76.88578968225073
8393,66.57881096237377,-8.680729295750687,-4.779991085313226,-12.370759354590739,-7.6578629161349285,9.812911960225874,9.784432011726825,30.257483715361662
2284,62.48053561658622,9.152935628356936,-1.8066926946187896,6.218550659705956,0.6457669047831189,-7.696814742279452,5.988822566099379,79.9946025524385
10533,44.29168144668799,4.420705520482228,8.957706496268166,-10.512187259694254,-6.305960871605068,0.30882798585350446,-11.431489541279882,38.41691171983332
12213,56.35239723835877,-12.45387351406072,7.174475890357921,-0.8583133490585464,20.880108854830027,19.258658217140262,-1.11389049010207,30.900012914455328
5587,70.30712151181395,-3.929578624237408,-13.425768938581427,-3.836904282167114,1.5012022468146906,14.112708711589786,-11.895470500004162,31.09171743492256
5187,75.42200214080061,1.330607303598352,-6.99803556288066,3.757519493228889,-2.7646276319683833,1.0853686495835158,10.933090918441957,76.69548023930203
1226,64.81550943536878,6.8266402383609055,6.829018432795275,2.6138539913260566,-16.0466383569281,14.278541267177282,-7.960135068310349,30.066008632990847
2606,67.72673306839735,4.722200019927245,9.080739808397583,-13.105903782263528,-7.611227066127098,0.5029540646027271,-4.472270425533702,30.450906442393457
4710,85.71289606653687,0.4933783805650618,-13.63847414673068,-7.806585509279574,-6.011623896562078,5.20433632063653,-5.919651430031646,44.5537397949939
1166,40.221325684658694,-2.227336461513226,0.49385025650327347,16.692540269890543,-3.5840503892893554,-7.272909204112636,20.970944155954214,65.30203846020827
12449,83.96954213133691,1.294192128101295,1.1372681311378128,-0.4920627655892217,7.160873929212221,19.580201756981964,-16.8013014559859,41.38830272147935
12126,38.0027217245291,-7.100282036083957,19.462226760053063,-9.40796200889628,14.939916002744711,-1.0205164107082507,18.03456378918738,55.36888862637758
5687,87.69098367465281,7.352394414934521,11.426126875407954,6.61080278715358,-12.919292507635465,-15.778059644088074,-0.9765060909892873,58.918587140542904
10187,71.2360563147517,3.4522391520906863,14.145678221376134,-5.48803412912766,6.962523490927859,-14.16517219352726,-6.1111728563643,78.60439315848299
2271,38.032004167988106,6.3280417324949045,-0.8312194734428853,-3.9706080346958155,-1.9835255235233993,0.8774751407419313,12.694850900865106,56.264588523052716
3207,85.28080620753144,11.044365954458677,-1.3016457203973317,-0.676955864472928,-2.1258880439424406,20.86051856890166,3.100809360240506,43.661319532572215
3802,87.60391554248527,-16.14236449547945,10.151361319485957,-8.866188151955585,5.608095498323617,3.1042654012407205,-1.6806852191606052,50.56746799467259
3385,39.45673596684121,-9.166782435811038,-6.080813221750016,5.80765494713737,4.263936391037692,-5.002733497309428,-8.058505179281463,46.59079559857345
12050,57.17377068872493,4.8341602338945675,-2.724242915935015,-1.7242852872310113,-5.924598605493854,12.971371476919597,5.703559051732966,30.68837619548132
2175,85.15835812807151,-5.879996160533479,-4.635430258290691,3.5095830171331617,2.8069231926393314,-9.070935765852528,0.6630652328946305,66.57614638245937
7626,83.99350938721619,-8.62611619023922,-2.663409236578189,-10.107066371722253,-7.720793500981902,-3.8717882116644367,11.11733289518191,41.425296923731054
5212,38.098902480231004,-2.705018866856353,6.148975851760136,-3.5307443408327206,15.798351545631652,-3.0320123566685697,10.864319000304949,57.221563033306595
3218,60.46288537533074,-3.485123603019919,11.601594165608187,-19.78069355321535,-4.2260800207056874,11.165573948079526,-8.746219971545827,30.129072205056577
9470,71.04563525600243,11.409765642557323,4.052605804235484,-3.5824857626849727,-2.056118806810014,-8.486261761535578,0.0430322095752455,78.66997577792108
12147,47.33629353718726,-8.541068538152132,15.400495420140352,7.08858635161774,-4.449364166707744,13.846862481089632,10.30081903924955,74.48456568278694
9946,38.22599985507194,4.558286425180512,-1.8500155656612187,-9.19887452776355,0.06059820151994654,-8.53761596697166,3.115066896047739,58.35394049128849
232,81.85319003141032,-3.9074830090222905,9.535887994078992,5.724710816835748,16.537482361534536,13.467616338443811,-5.721768229542184,71.41819800220263
8302,82.71398945669615,7.827689481067587,-5.2494870437522545,1.982266475661699,-2.6277061624989786,3.395208398003965,11.16766030058229,70.37395914204512
7253,80.48115002655726,6.468070460208902,-28.607324376201653,-4.987063743688189,-11.840140749201673,23.40876703143264,12.405687540831007,37.12797175055397
7677,83.76063865237603,-4.943588945250303,-7.230862615281538,0.2716217386973812,15.618369450711956,-22.239063525606436,6.472195931750482,68.92824047557589
7322,87.78417770067054,13.18285496584936,-8.486466678100268,-9.478106705917869,-14.149854326453815,14.880474147885126,-14.980462670057262,51.72211414146478
8104,55.64113558326539,11.733123736357973,17.07052583893414,-10.829459607283178,11.41674745600001,7.531661934759986,-6.390432125981556,78.89240704692847
281,76.16993965833278,2.849870529041598,12.25433625250581,-6.5238618845314855,8.306061611937892,4.277278618713842,16.181595257184792,76.24976916100204
3157,42.84106223762612,-8.992307063630347,-1.5374587751710778,-5.675597868789816,8.56676931066901,-4.707036577341379,-10.10357115326655,40.21428972647116
10639,79.05350775698844,13.59901304203891,-5.133272946840152,-4.607622734308347,10.978957749493365,-5.249118912248899,7.225053036120924,74.1646781526931
6809,42.995620543404215,18.318982444617507,-6.219766556311761,-15.254721624667688,-0.9986807765906698,6.648982449395162,6.158871545599768,40.00584105204535
9767,38.29244424454014,-14.956809203876576,-7.058243151457066,9.794586898126028,4.693602419744267,-2.9187768245999592,13.85969341958341,58.81270095743719
11594,60.05425296445389,0.11685029773612884,-14.942599564366697,-9.737562695481095,6.258188050876788,-4.188660346993097,-0.3937923818274374,30.174155112009355
1180,58.81970283810409,5.558183961701234,8.072174624951602,8.976414744498726,-13.34783511829474,5.03532950961369,7.001645039003632,79.64802457882264
1795,75.1999740648274,-17.565425532647627,2.932247427718769,10.90565541492709,9.518020561056147,3.832976437220819,3.5854607997918375,76.82110521530792
3565,87.77776682088974,7.33891351366451,-7.956051922254828,24.747601937174572,2.495190132712462,9.231215420314072,16.76977253242799,58.32599930391087
7134,87.18339217939341,-1.5058297899440076,16.917225676617,-8.55504685533736,5.341835089550587,-22.313677844630305,1.5209314301319468,61.33747131730422
2735,40.97695385228096,1.5447519894286141,-8.53752311110864,6.807747710996061,-4.925240770027867,-11.866528551193717,2.093971810773411,66.83154420925001
9095,45.85374429538868,-4.619450597637289,5.942779920433376,-3.092652860720142,-1.2643250499314707,-1.1162937409168414,12.27281132889351,73.1935679654125
12003,85.54216986791923,9.746888643452095,0.12655766699976562,-12.845268970992578,12.708761500355434,10.20944011627066,-1.3110692870626905,44.19025543105322
2823,71.41885138875742,16.974151173945888,26.10215846522633,-4.306402973310558,-9.466876685165616,2.158323940043479,5.538588752265685,78.53981608454104
4618,86.36878324662288,6.041788057467398,-11.86661976567027,-10.831436073528273,-4.061050288535217,-4.500879823597505,3.074862981377411,46.11743451629217
10500,45.520794637448255,3.1557776939376705,-0.5742799975021077,-2.5513749136571855,-2.8911675854624166,1.3879867922907394,-9.647810429043998,37.126069825196744
1506,47.665911505568154,-0.10385424216263943,7.856823901073733,-5.951369952807473,3.033954622807456,12.621312384806338,-11.99103734342848,35.254982146249326
3756,39.93756271279891,7.004997419927878,-6.9450681257745694,13.801026576858884,-8.427364009384004,5.019281779448306,1.668763104765841,64.65007701388527
12699,43.11745184323959,3.1061588335552166,22.212723015838765,-13.752967467156301,6.132570448637544,6.643186494856201,-2.7052927829885753,70.15533829362127
3880,69.55571289112497,-9.79808349727847,-13.612535398919823,-3.2878679635187247,9.693928389908383,15.712698672192762,10.506705451368319,30.874854850402706
4806,70.8333158052015,3.836359289845242,-0.1706793947983567,7.097841766870005,-3.8161185435295137,-2.9254873984656222,17.11367094904545,78.74108597970995
12215,82.90237817443425,1.2317642973139624,-5.026950648810957,-4.020888545982281,4.2647090863217585,-14.378234965560647,3.139121335132989,70.1292875906899
1674,74.0179909375579,10.962238399610865,2.9473217501810636,-12.222768806518005,-10.60079486586057,-6.719450327888153,4.946005138942035,77.44112019708223
7012,45.127745516871045,8.744899153297492,-2.899517360454504,0.5969863278655181,-23.492382024665353,-1.012649580275421,-10.00287953123441,37.51908126870109
12157,87.97994599058333,10.846874502852637,-7.898116631251959,-8.294829489453242,6.0670067286459854,-6.745801774856278,2.7243573374854724,56.00114849425034
11578,65.51114233738402,-8.80843371764562,5.0571268842938055,-0.11565143653362678,0.6765522699929821,7.246532243777426,14.911393960224169,79.87356355975953
1654,52.19228483274941,0.9814385421565669,16.271445795631962,-1.7905587678882808,3.7575312837004153,-6.512417324715804,-14.206303882851765,77.5431429233721
3053,87.98389779005508,-28.557394290463186,2.8869525376919896,-21.351272715321997,-7.2523796813796,7.3162285131323745,5.5754022445323255,54.10286499562173
5751,87.88374138372977,0.9578529885181843,5.983578919296137,6.21994400697496,-2.287552123047342,7.42175580634124,14.562509778038189,57.408197406288444
5488,44.712662714190344,6.534591629370784,0.9620935919376736,8.238285267604441,-1.6382533332014795,5.942744034340634,13.60019073325022,72.04621057581525
6849,38.0141398749132,9.159641106588579,6.233346034344981,-10.358604378498189,5.4934109384244305,-1.8762882981000875,7.301897080077328,55.84071030063711
11730,44.363530013355884,5.877563105836748,-4.659590905624785,-3.098447844072112,-13.17650119087904,6.874113004736062,11.44756391207692,38.336207321353484
2167,66.92490967446,11.908899226068023,-9.199912586234978,15.511621206169522,4.145989779369116,13.005414578302382,6.018565807073989,79.6899794258183
11261,72.43326112991542,-3.3541402168988066,-5.212166131444959,2.703040062560092,-1.3119956441637683,15.617617425881624,-3.316487750030113,31.848032816738296
11504,85.60629407728652,-2.97856421016046,8.271643178920517,13.597660423422639,12.532199087330682,-8.760372230736879,-18.369969783532945,65.67499265064104
11833,61.224516857873105,-6.053337907438399,15.149245121772019,-5.722097676426819,5.754603884548112,-7.415915854320817,1.5577393035861864,79.93687349312306
4893,68.9039256855219,0.011223168133635381,1.928511944162368,0.747500755856802,-0.6564706194406387,-0.5858414198291171,2.4625634108986234,79.29287264816236
4868,38.00172731612554,-2.664999844313542,-1.2332226340844608,-6.600421091335588,1.7405042311572119,-3.5103593756327363,26.173809762534432,55.29387552238308
10131,70.70470474671856,-8.040584842279008,3.2180045809100832,6.721053399915161,0.07032494179992374,-3.713199288189105,-20.805155118843327,31.21686469857491
12307,78.26422819115055,0.9507404903472816,8.860897083191638,-11.956383560029792,-1.0610034258560812,-7.380957068822603,-8.710547514065071,35.200925836583046
3930,76.5956119161981,-11.674614778772323,-4.977925250229662,-14.329707297254469,3.8974000943249583,-10.044545870737103,-3.161726168650506,34.020025342624166
9836,55.43834754183587,11.887081574231884,-5.321074730436388,-6.427513365305276,0.24153038592156828,-6.88183701737572,-9.62983869260836,31.170996409796313
4113,65.96282497975757,5.383734801635059,-13.175792613053677,-3.2081873467376747,6.169689730893406,-10.25177138853476,1.9711227396961215,79.8238125222401
5511,65.10625875297487,-2.3288026626484504,1.0593376502948717,-9.989155214278979,6.132800383951277,-1.830083572436826,3.4906852464070792,79.91111547212442
10294,48.9557329433708,7.982107694009807,-6.009348832285736,-10.120134430615197,-12.678845329475404,7.274969612742838,-19.03579497642456,34.317675110324764
1079,38.01036112529043,8.833438194996182,27.012344419760094,15.108990332805398,2.3102030284789326,-10.853971166708558,0.191617182836742,55.71968667599464
4445,51.06384482683056,5.908223987253241,18.197172382000108,-4.928293889606524,2.7390147954104673,0.42230853735210516,11.011220591307564,76.96652452442171
8968,61.40198234125042,-6.485248572418538,-3.535881644621668,-15.40339904437994,2.589045153815606,-27.331858415402266,-5.9194090669293695,30.05112548505796
4754,43.68590357648492,6.266439761177556,1.1011906598555483,-12.264545112785699,11.131486708763859,-4.9307636063810705,17.908825180464117,70.87342683049762
5773,77.76681127134606,11.446400368106143,-8.250063312596595,9.464125953185798,-0.13366533009505602,2.637939664359816,-2.929651400496114,75.17278574903445
11435,41.0509588133735,8.490374859975047,-4.125935857339628,-7.51438920815322,-1.2847595998710581,3.9165785389673595,6.918351929833529,43.031725647037774
8791,87.09538193723546,-22.065777822923245,-9.041978676839555,1.6477731475558735,-3.045227625886391,-6.857432638321842,19.773926568548653,48.33572439804992
1902,71.58770708199245,-2.932262984716712,-3.499255453738073,5.856645037057476,18.54851198402047,13.680085002763068,-13.416838312404485,31.521258826889873
6696,87.82276010397214,-10.950530134307009,6.698343462828422,-7.035679343880429,-16.650471322574706,-5.493150046160188,4.029776707122978,52.028370679130916
165,63.983153390763796,-12.8160103510093,-7.727026979222282,3.2150034165188863,-6.68959371735901,-17.439344081856348,-9.922585687866578,30.019339291959678
694,46.29266135852497,-13.792884113814951,-30.692133164709276,24.202823453201,-10.987356390101157,2.949147209570997,8.004785387109267,36.40255836091762
9093,45.18653424886679,4.383157060068522,-0.589484864101184,-16.585034579846326,-0.664458072907051,-2.8365983490483657,11.262386170756084,72.54082204268671
4423,45.39191622891017,-1.0065040595770023,-6.980594655689432,-8.80111895437244,7.639823356470527,-13.89404491574732,18.068061993065744,72.7469824452013
1218,85.89357268900861,-5.4573153177163185,12.907836971329056,10.871527261474277,-0.4796401599658091,-23.939518893432776,-2.876804649952761,65.04411915167672
12580,83.18440156608304,3.150996587147822,-1.7355264373021169,-2.0090741068197877,1.0607603564108645,-1.4681584917637767,5.458734036946844,69.75092991709691
7052,38.11441560882871,-3.8785720266025954,-13.641869697187968,-23.3191809043236,4.850667002968458,6.213013704306328,4.219017222149506,52.61092287485486
12150,80.31025943924529,21.744221643794084,6.59060793957423,1.9520129315010268,4.817431695417258,-15.899584333653587,1.6604256349321989,73.03759734959232
1830,41.98699492429009,-4.410686194268449,7.670943424991847,23.075868898253425,13.148361620768195,0.8416794054306713,6.286393914607772,68.54450507357834
7843,45.197933061291536,19.670318774911433,6.546292546104172,4.30581606414334,2.358511816351691,-13.321881022491247,4.108927060378028,72.55239051268353
3864,38.616625167664694,8.093277526436923,-2.3852250593193545,-7.152295238726136,10.273214937896412,-3.6344987186189543,12.259998506233465,60.518245353899836
934,66.45054267353196,-0.19193109506761996,-11.4307766979945,-10.108572102104192,9.243422691718106,5.783608887775974,16.6153759061737,30.23926989650477
5451,38.08903126808346,-2.668778073438181,-4.622580555066346,6.838560321983612,3.9119149579574906,5.628986606608595,5.087869449063667,57.107993557266354
6922,69.96298440764342,8.784440356387185,5.440991137109052,0.14671593092252957,-6.013505115613635,12.724913168093009,-20.333995254354974,30.989234744829258
12667,79.60106422760339,4.747678363717525,10.861299051814175,-2.846983866723254,-1.3558710342287104,-0.7184106635763068,19.36462165764119,73.69236920540003
10569,38.523056592397666,-17.04373614295388,9.871426338718443,-8.071932618202096,-5.410186841101118,5.255047969060287,-8.238447124713721,49.912835620796926
2081,83.02228026794725,3.1551597749147406,-0.9783019113484039,15.013829533480315,-18.105159368474904,-14.88809216303508,-3.690828953926792,69.9702469208684
9370,39.21944443883128,-1.2614654617206442,-12.987106811436762,-5.852749260522675,17.916007124469132,1.1835109095187386,-9.039537735632408,47.28733656885201
3413,70.64014055314951,3.4047524998938172,3.1252648849157127,-11.002304631300966,-14.187985056265264,6.170015682797368,3.7876651963562584,31.196045447696715
12572,53.55612685390192,-10.245211891477886,-4.866995961753541,2.5982270685682196,-10.016571296823425,-6.5546577193031395,2.4804051107408136,31.852359515483926
3420,64.89767752473404,6.187043751321479,-14.857561098242902,-1.3844065632210674,18.192511121966632,6.991870097675761,1.0685964300943858,79.9278723522911
10624,86.81569692220913,2.5308332475762763,14.264481024222011,19.703678862327127,-8.390273743107148,5.076648422948277,-3.842433685365549,62.60345843083781
5764,70.37953567758812,0.416184783849915,7.172810359633681,2.8863497230666884,2.359871464792161,10.982837234480282,5.507692150922846,78.88603050285258
8148,78.88861320907407,-1.2193234663273353,-12.900743408121391,6.6502725128172715,16.379478413667854,1.6813909535964249,6.14421914038682,74.30160538122249
7426,49.612843570406916,-15.89730197733699,-0.6724202439404641,-17.023114153546985,8.688624353770951,23.884140448609884,26.188911318601225,33.8864014737041
9705,73.02440772040947,-3.7959864236635443,20.76190329373756,-3.733914168009373,10.09183998012599,10.55450218541041,-2.666427117743642,77.90221058882733
12470,87.27793982951258,10.373546219673422,4.461117134440174,10.446569294925826,5.62948601118142,1.6091600053159194,-1.8418863285647682,60.96503458787683
267,47.33141058361794,4.439567115311989,-6.217427919973243,-6.7511564834192335,3.644076841040988,16.18517790490585,-10.25967249435713,35.51936074712023
535,48.160726393926545,-9.212470037823998,14.964272210820388,5.151346269711782,-5.61858300941925,16.404495106318073,-17.39277483892465,34.88045828444167
5414,43.568800658294045,-6.357634180532998,-1.706355141522626,0.6710906929707112,6.3651656756809585,3.6521765689672536,-11.938832584032593,39.27014011051319
11363,55.87508433867671,11.144847471912389,-11.724019705373582,-2.274034369890493,0.6742120041974354,-0.6114875517760804,7.866953650531845,78.96321299031142
4513,73.89726465458698,-6.34963048968391,-16.7332318105964,-7.369844854547685,-6.186818898262487,8.429331220180636,10.897757385703725,32.50000837671513
1281,75.7507355336569,0.3031243763790018,7.893265043879326,11.277215257835767,-3.276733988073871,-7.679949962049997,-7.472249870773958,76.50392390590005
3542,68.08045832037284,-3.328003252455931,-11.494233059771929,-6.19961246577274,-8.951022776659691,-6.721642064193539,-2.2080521998204823,30.5216637972481
2487,38.09426650656167,0.34170936012929637,-8.220079880716064,17.410364959617663,2.0492916108134236,6.6684284603551225,-20.230462585560357,52.831028088281464
7318,86.35224941004756,-3.561141674062907,12.097541434156877,13.590715651737701,3.4623554780317507,1.5018829098063997,-6.114024829662038,63.92594238671376
10848,43.26524168404974,2.6824109304427046,-10.57277488578295,-0.5437192532791223,16.69008306822996,-2.16553771494961,-13.534993993433249,39.65270987401906
6362,86.7213469457462,-0.7369576955228887,2.7575673272799395,-10.603301180738141,-1.0849326704797442,-12.544268888685737,-3.546962359979897,47.10711085346201
5984,53.89384621981107,8.424457447353005,-1.4382752427930112,-17.4561920559953,0.8749922998816475,-2.0352454392478334,-6.449625890317579,31.71743220064525
11850,42.207182388041176,12.254250824155783,-2.9797790855284645,6.505722432804263,-15.31954265785105,15.639722265359811,-1.980686577287607,41.11984381370963
6090,51.944736081645786,1.3917085490881957,12.494522812801705,3.6210716038589164,-5.855813052237623,2.040557874076276,-14.233288666133623,32.57721828818879
2851,87.97489117972584,-0.9716627344705349,5.822805424491314,-7.374390993189276,5.724088190551699,9.715336566813876,-12.971624570133955,53.87981672890004
140,62.35065436769726,-0.3144870859693976,5.757195690807309,-9.900843070715638,7.466789366814313,-1.2886450403738379,18.897975572972086,79.99156558220812
4455,38.02222377453822,5.4646900296319165,7.34255061347603,-4.384333547116554,-14.615630651181206,17.94226275479533,5.505223950452485,53.946104924218645
8297,43.978501695171694,4.734443057251115,6.054774989245592,-8.947810422329201,10.159568387159707,2.508085935686269,17.467611646393134,71.22290363157637
8669,45.77028265743874,6.397901509182381,17.018814393404757,-8.086165410973893,-7.541246644820917,-22.888073998117452,-14.664791471530217,73.11454775299245
9510,68.73882860354922,-5.163354335861074,-11.862154847772635,-4.001081492771636,6.500343029676716,-7.333276757779879,11.36602931178775,79.33240321585777
3193,74.02295747200358,-11.81634954630499,-20.75118394267085,-16.0711034253869,-5.566149723781809,-2.287277511293272,-1.039265225634986,32.56131892088128
10788,85.05461787431989,9.53447511876451,5.6274043005125085,8.152742589218377,-9.775663852449325,-9.176129337776054,-7.233108742810127,66.7725880934368
5262,38.96618306942049,-18.351273972274893,-1.6807580842321304,12.404516059533751,4.241114355393533,5.7110709862676465,0.6307972814689035,48.11700328727453
2222,38.57258748710832,5.132097725056543,-11.528652946080385,-1.7902673613517597,-11.7365587068851,-0.6223283441167017,5.072857494798858,49.68008290242949
180,86.9354610450597,6.373133570461336,-9.296193062784276,-26.24086484578932,-2.259141336629192,6.5907615430846525,-12.238432746840672,47.78240313120567
3384,46.297729426570726,-1.9440691970595834,2.6151570990859807,-9.685449677879602,8.78248508714838,2.0579407967746586,14.303761409609276,73.60199337952679
9384,83.49150068100151,11.021973113102582,4.098409863164674,10.09722225673763,10.077223561140178,2.6077614535758937,-3.576816097834633,69.3212569225091
5326,49.52106153754096,4.102903688565323,2.469472942823297,-9.180747602533737,-12.459891288257696,-9.061125777383003,12.302650665230539,76.05512331774008
9666,83.06613133648652,-10.092417302036258,-12.006059332891281,17.135115535914633,-4.300351144059466,-3.297786599656785,-2.398720078553573,40.08858245548487
2382,46.15119886694595,-24.77362640164492,12.523926266730063,-1.221895347546311,-7.418610052660158,-2.434690470195597,13.002483658595807,36.53062263153421
11949,38.02755840564225,0.6346694605724162,-14.274611353256148,5.185054696508749,-6.444431632857203,-7.221196728328706,6.852170776186722,53.826475046540935
2287,41.86079580482263,-1.134755047894984,2.5774451948597927,-4.567064446671477,13.160253007419998,10.156294827376751,3.1707984866270196,68.3466867047442
5088,48.72005852372027,-2.8888863716443542,-9.674276347945339,4.034882072666303,-1.8992057589554443,-0.05251379927768596,-9.746967448869494,34.479686370963385
9707,52.91489530021946,-6.120017605387692,-10.50714995396526,-11.498673429687315,0.3896415699063168,8.01094090725431,13.509897979029216,32.12445272360758
4387,59.1711528671784,-5.048366014749133,-5.901928704720371,16.062696394448942,2.275325942109259,-6.845753298939817,-27.48862185225144,30.29494121372135
8598,79.79714196954679,-24.295752377075228,-8.042105818943014,-5.065756259391079,-22.443458526874885,6.813398060435064,-8.392647775889335,36.483628280494855
7925,38.29767752531569,-11.221692642436807,-9.446020854133792,-7.508415876729017,-1.0894186150389449,-2.6998564177993356,-16.861892656210074,51.15353872283803
2513,60.685774157300166,-12.833646326508587,2.867445088985772,-18.426327223453264,5.532790244732286,-3.9084876347228277,5.3935481189126,30.107343276601025
8863,86.53135961731883,-11.453100529122903,-11.848702708289176,13.734718990980033,24.021734122423936,14.561979468778588,5.6823413535303295,63.44245903516367
4646,67.95986898481833,-3.4981778789185682,-20.115966150566816,7.17802212666807,-2.7491419086933777,-18.458831254121545,-4.407893674096291,30.496945095489885
6879,59.23289023063466,-2.91597268265504,-18.641988098173293,-17.448384044598786,-13.819091996564241,5.883258233380629,4.652719546191879,30.285451976911407
6066,61.97140050291297,-5.7197810558573225,-0.6120915538257179,19.221812883685413,-11.26095912461092,18.790014012401862,-15.308522036014141,30.0211693012945
5756,79.32734396335832,10.678715510469601,-2.573724314056886,-1.3158444290140006,2.4409434076057215,11.038447455228578,31.736390408296128,73.93192644984093
7079,43.527664323529606,-1.6409407214107659,-6.930287807794995,9.595385945866314,12.283393318421805,2.198704339281102,-16.085309568478063,39.32109240722242
942,82.09003178462359,1.2136628884143876,-8.994912266550559,6.142531289914976,-0.8654229303061642,-0.07148258263605824,0.24230234123839023,38.857797967375674
2894,59.903084144415665,-18.587746954831935,10.007300762572171,-11.275488043959584,13.261661021367217,-5.32120237636768,0.3527137106164662,30.192559338306776
3041,45.64310802217685,-3.2292637243394875,11.458757897800496,3.189422750081248,-7.91611024025452,4.173275417577038,-4.478198084431729,37.00727088876792
5906,46.89354341041465,-9.71137837969771,7.102651413528756,-7.090865330999719,-10.29175412248776,-6.9704112182133935,17.881796339982422,74.1202002114989
9824,83.60061030640706,1.3895492934816602,-5.212859797241906,15.794862135013421,-3.9938667473047933,-2.9343019099515146,-0.17255198165867705,69.1638573490259
600,40.200910197962145,2.525419546893688,-2.2092696907227345,18.927422792217364,2.476460094368644,-11.008110158312904,8.759357941124101,65.25677845127862
4752,78.63622442821557,-20.475024916020352,3.3761696719921606,-0.5685952094277315,0.7521300450653594,7.565953304365538,-4.571621079732793,35.49337328930308
2202,84.19594536633045,7.185332651102614,0.14536852383178492,6.304443284828198,3.8536763763998576,-4.339360021307442,-4.312784512628167,68.25639091259514
3266,70.78178265420586,-13.01842892862139,-1.115978121474852,4.28440923772908,9.367948972667374,-5.500968488487928,0.35055868990322336,78.75802724812607
5365,51.19755973425771,-31.514541617881562,-8.534038097860016,-10.60925701642229,2.6430507851446827,-10.82862964543662,3.8833608518634954,32.961342968012204
8020,85.41261748165583,15.31503876405527,-12.12398634379052,15.054793300084944,5.309381998242513,17.273638937860582,2.491234579490506,66.07585561575156
2568,38.55015817323148,15.20491682268301,1.6116722240163974,2.4578584735395186,-8.9439524349024,0.29656507192226006,-1.9869319060838007,60.21586374879565
6072,85.98299075123455,-1.0562825599499976,-0.22663929320511983,-9.24927817348532,-10.211336679238022,11.681037309330755,-3.897041865969067,45.162208777948834
8126,46.191344277306484,-1.412797122771259,-6.831025670276954,7.091169932494813,3.7367500690119044,-6.600361403208534,6.576942075646174,73.50592047956444
6986,42.156199628578364,-12.015521112372692,-9.405873387961076,8.20902962298534,-7.755038892363442,21.06691072488561,0.09416185296439479,41.196522681718086
6078,56.798255962351874,-20.998139139550773,10.675643881374029,5.232296403722435,-12.239143227009999,-11.714866003503364,-12.464618324264531,30.781445730772948
5734,86.3313732414716,-6.405388271237652,2.0248677963671295,5.128023707000613,-9.746244068659056,-8.38865190609527,9.640767212043507,63.980368737816015
5371,86.58978000163127,3.2728658083831563,5.693941526176137,0.024381512506311896,3.4102180762658096,6.8719293954867045,20.032548741659106,63.27781852148484
3873,38.00222944442636,-17.993695739419955,-3.5383909468821493,12.756747094324828,-2.4333681720553253,0.610204946091717,-3.983670763216403,54.66613288437515
1337,87.973449176811,-14.193953829000737,14.412178540239815,-12.566891759549048,11.6398144337914,-2.51331655276638,-8.231542270899219,53.848116232757
1209,58.522217486513874,4.337591561482912,-28.74342962216883,-19.193563921357132,6.323657200773941,-0.7869046484235913,-5.6700032131336595,30.4042795640803
5310,76.73726593017257,0.6363904675810252,-17.271548177372235,6.9933925277477185,7.7141631716674555,5.71364325018671,-5.723331376534778,34.11250314748749
3568,86.78498730717801,3.5770865476060725,5.459036188386314,-5.337571804207379,-14.298356158548987,-11.06299811264806,3.9961080952089425,62.69898556937086
2853,44.814457754242696,12.189625138039444,0.6180212436468053,-3.5244147720349317,-1.4251030449282611,-0.2560203167580654,2.20142510413412,72.15476765298138
10990,42.48427741744054,-7.952480732769278,-5.238777464293439,4.7020318753200145,-12.388912103568012,-0.022433656795795873,10.457546954560243,40.71346343876657
6133,86.38749640266506,1.486546661829056,7.573470891598726,-18.328473028089654,-5.05710928570277,21.00785372347593,16.965211211746844,46.16682322064543
6050,50.98603628506614,9.802206954391641,7.64511283810543,-1.8614369480953161,-14.012934567738132,15.369685180709446,-8.75610500320854,33.07593386581192
3127,87.71464898908037,18.553093154719846,7.973535591134684,13.887197842844106,2.1749868436035964,-7.645684420770657,0.6001276354875167,58.76644731100124
9151,76.75919202291911,12.303724233017935,4.4593768891402,3.5002122786675987,7.985865400943563,-3.767478545557296,1.564754332340633,75.87306002665731
1239,38.601415696824986,-0.8388262778485176,-20.510088225148422,4.336767295007936,-13.139116010369236,1.0591063435851154,8.832775816768443,49.54939599669341
2520,57.76774284158571,-25.46001577779855,-17.641393034536822,2.3560738911828785,0.7253641046262466,15.940366616231646,0.7955209633823994,30.553661111973792
557,81.39763580385937,-11.983415605816717,14.481316082171025,-3.7431674159433164,-6.413997310986633,9.658255718524929,2.3965024131071684,38.07289165780074
10865,38.1782578306256,-2.1781336058285294,10.061288783596101,3.168275143082147,19.75332065318679,-4.708191230036674,-5.924876985628293,57.98012007763119
3305,75.59360487562887,5.816801796396053,-7.2301537987451026,-8.909223152230375,-22.875192890234928,8.581389472930336,7.554972659851375,33.40367817806614
11573,86.58552337470199,14.802373598434786,6.425723756500386,5.160384187690438,-4.128774307315694,-2.2316370579468234,-2.971283781820598,63.28993891059433
1733,72.90306652142647,0.28480352808388454,7.422434837933163,-12.067214041895646,1.2057499913611525,6.70729033187842,5.529633685982035,32.0450599331603
12039,38.0069732073477,13.724816730750966,5.168636994253028,-11.12657415000555,-1.6121167939173695,5.502414104985688,0.6080299124927939,55.590433520190224
12469,41.09945456516908,-1.6814422926800145,5.2322094719305055,2.9594630710183845,16.171088975307708,1.1397889900635663,1.0824629311914844,67.0567868711737
4837,73.46230352722806,-5.193970272566315,3.8122187183589222,-11.01303696181458,-15.730263378387468,7.5330079686201525,-16.05947420742155,32.29448954759768
4442,57.340188198971674,11.851033091023984,-5.630296061190463,11.28561700327837,-1.334047520388966,-6.07881171666344,-25.63254834129088,30.649095902268012
7395,87.92669128775842,3.984466327741441,-4.0066920909557435,10.79866825223207,-1.248316916342753,5.7618096274749835,7.067543841578937,56.913128705756264
1399,48.20792195789759,0.28050442597175157,-5.833955216868012,8.193286330214642,3.6273014545556337,6.33447615434537,7.778402951779243,75.154265732007
8506,85.99299760147612,16.21847798005182,-1.60520962428896,4.448593100968658,-10.791445852803372,4.939999911807077,12.248512420777741,64.81438033186575
5849,84.2665421425231,-5.621184410061902,4.344537507371312,-20.93418303109202,0.41513701064860864,14.022911344459775,5.434251593060193,41.8571622052051
9602,45.17727639529937,-4.768500979905578,-7.9484552158668995,-2.8355589311714113,-2.8180686349697504,7.746046760160512,6.916621278943057,37.468584674634876
9029,87.99907205257398,-2.284477541857108,5.661290433685396,8.94651000317008,-2.4514660601189977,5.643991018876057,10.313118469870425,55.21539849167221
5535,75.57296452787234,11.283832824851904,-3.5749474920320976,-11.358143588963765,4.094612056275601,2.930094805785615,-13.234504619608574,33.39165524662141
12112,40.51902373136778,1.0339051072930343,3.5866032261006775,-9.844659235998263,-0.6559545722070164,-4.5124972889997235,-5.5530530466876735,44.06356063386282
12520,80.69310394302316,0.9745820338684783,7.391793971008237,-10.471685047205678,-23.574896308081396,-13.257037548224579,11.251084166548676,37.3377783712983
6196,56.656588627853445,-11.736846961855996,-13.701026305480982,3.0900630260482886,9.820189848942002,11.41001403050864,-26.087053377413476,30.81816524405723
5935,87.741069899301,3.0847190933741455,7.000507164349115,10.06355346032677,-12.69316567126941,2.6821917145578524,6.606196798465539,58.58879648878314
2882,45.05651672333541,-7.105361486487211,2.0321749341370094,-21.342971790904347,-9.400830842202396,10.091194557002934,-7.491859931916468,37.59220266949151
4409,83.3180971884496,-4.823425284946896,0.33155160833340314,17.771611343621156,16.30307448667565,-4.156711538458245,-9.56190459725298,69.566225545443
8826,38.36552825005887,19.30513269145717,0.48580930097842706,-4.761444068257813,-4.54339500002542,-2.5926663692535867,10.179045285593277,59.259436770437205
12782,38.88890940469271,-0.5496943953958682,0.6208493195938021,-4.070569476566056,25.214712773356514,10.954632551933464,4.195177885095184,61.60721653231408
9272,63.587197297819344,1.4193209736279462,9.017745252055487,-8.623120705897607,-5.525118590484533,4.283733067960387,2.7803012631298647,30.006896964693766
10618,38.954847675390184,-14.728895162534927,0.2686495445423961,-0.43188601428833023,-6.928468873405809,7.665495517863301,1.3095463394143807,48.15670768662399
8153,43.70842154680024,3.870508976539755,1.2246598134364204,17.904174781933865,-8.84068683909905,7.1914872287845455,24.406183738119896,70.90078616874143
9908,87.05528598499542,-0.23918353608497156,1.7774725438258299,12.358939284537955,-11.383679629545133,4.30221197860503,4.701488195874766,61.8075851944785
822,54.93478694613924,5.2838589867920716,-1.3173343373751467,-18.714503532906768,7.366622316085987,-15.272197162583801,-5.712009904835621,78.66331207578166
8350,38.44461894419819,-0.9535621045457852,8.87426089324408,10.866625236040592,-0.939499434775863,28.46655035361165,13.057580413951088,59.69396007698933
6125,77.12119595105656,3.587506433659875,-16.40698961296242,-10.492061335969627,-10.689870034263054,-13.868175109007508,15.354564075056265,34.37012300298754
6448,52.62949703731216,0.7108027220782984,-0.5758081692223795,-0.2578909166418576,19.945939014816627,15.083454629822059,9.886137002040185,77.74758598842706
2091,84.5741094733925,-2.26341149018794,-21.74614345084209,-14.945442722182937,-15.710875053809074,-3.0205343912016085,7.075061283398182,42.36838092602235
9781,42.3849602023407,-10.103158909800698,-10.251184604068582,5.428462371556346,-10.865199670681713,-14.185390980252224,-2.6346175457831196,40.857152544804734
7786,38.05516755749907,-12.88654748623294,-5.010278326192381,0.1211225493136337,0.8893842489096881,-12.506640257237532,18.832596822591267,56.65992000275705
7742,43.602857816871555,10.249075188721893,-10.676496923877622,-0.5974320907775053,12.768160385096545,-10.849808696426944,-2.290665790284953,70.77183803896993
11780,73.21106257674467,-13.152445499776897,9.520519587471835,8.830994453620352,10.429510183167856,9.319704836240804,8.77272832473685,77.81960124659948
6472,45.09935438035375,7.053728235871325,-8.082011580475903,11.342633447959154,16.438189647091065,-4.977893122274148,-1.6164403903223221,72.45184478500309
10342,78.59412440560578,-17.627886890686455,15.901728232622478,9.327448294588768,5.323736418035613,-8.710343542422146,1.64328911884726,74.54029897474678
11564,40.72811008326667,-1.4606605030681596,-18.001327600962384,1.2017355568539063,-2.804383260717363,-9.52215822108981,-7.118815118104792,43.64381580208774
2808,51.13090488102411,18.956040524828243,-11.603570192438843,-4.061195469439855,-11.535084463878817,7.9399545194787855,9.976768695082104,32.99716879452322
9991,47.48347966970857,3.269339205908257,6.500280597064173,-14.013281943200814,4.787883678380943,-11.446486378776438,2.7913082079021057,74.60197941126489
5111,87.8965201720359,5.242094458885612,-4.84468544634851,5.04979311653405,-3.106556576925303,11.912200182601328,-22.02452311514333,52.72771407533971
2678,38.73523229880169,-9.868740084163242,16.809182686321254,-8.825436468310793,-9.790486699773666,7.401528183282834,-20.82988265973745,48.981607489795685
2324,85.5570149399167,-13.067486412935024,-3.819746632237746,6.763198456443805,10.802822678696323,5.542376179334038,-12.086939216920472,44.2212673750401
3137,86.27067344201194,-9.582957373456171,5.591262521226399,9.36774039508164,6.6900824940119294,4.089784518052292,2.452076477587329,64.13650685739579
8411,74.5183725941162,1.9571289586368974,6.289688000957304,4.001395753992346,-5.052172517957923,-11.820276258528821,0.525961528608173,77.1884450285078
6471,71.55801009195788,-7.295380660669971,5.053594483579125,2.6006192189507855,4.394371664614417,10.296757817726544,7.775419071159301,78.48958201556484
2465,87.97122264105633,16.265367753519786,-5.249699930021165,-5.250489649514978,6.688387678219531,-14.338169009712944,1.0134547096022544,56.199182976361726
6653,76.61135152041865,8.04856945413706,-4.611428811932414,-0.4001933157669856,-14.670969309558934,-6.398065461481698,2.7816018795284188,34.03023343507141
1825,38.60912386891545,11.169042985714876,7.080884248725773,13.5117742645173,11.486533101420502,-10.806344626491878,-1.8181734590549299,60.484994216778155
748,87.40845054800543,6.43214046617398,-21.748104587632504,-6.870897378984333,0.6381188340852045,24.645920659176,-1.1366698063918839,49.59374974260595
2019,72.30044147503817,-23.119302040451917,-8.72397136617195,-2.261237238651176,-7.287742219168382,-10.423943899009888,-3.529881432135973,31.794358695149366
1019,38.541874148611456,-12.446545222850677,-1.4563900298371468,4.069481933731752,-3.272228513710958,8.36456864244731,7.411363679869531,49.82312064679508
7224,74.98382050618078,12.198012699027206,-1.5886428869375906,-3.940888984823088,-6.688556837237462,-14.823416987514308,-6.2874067357728425,76.94055710495158
447,55.02105818846039,20.201762240889497,12.944189077750094,-2.7975968581786965,6.534181931001885,-0.4006204232808433,-3.274995651305073,78.69254075796991
11391,40.38575559441739,-1.0119336136383896,8.159915053932012,4.988831508652216,-1.8622626198658283,-1.7897771145887207,-10.258643653124082,65.65814007998466
6401,64.95131245378958,-2.1240524661876563,4.8764733359345245,12.651327144456438,-15.807614220691848,-3.545307055198542,-11.302282914388947,30.07626874427335
10675,49.472012863276966,-5.0899702620556875,-27.683820450855194,12.927793899302213,2.235701312483547,-13.466770687522603,4.52274693371512,76.02364297710214
908,49.50180085317829,-12.009401599624468,-3.2993391749402585,-4.8926937160544,-12.201853038354617,15.617095114657731,9.862509354066539,33.95721929514206
1716,42.7067799946044,-2.1601535438051256,-11.965400586036,-2.9363085509156677,-11.683034238155905,-8.372592003622984,6.171953951944872,40.39913626484337
5241,52.205730180478874,-7.6244058365185206,-17.10792330187554,6.3774993176678265,7.481177410494853,15.893441131029318,14.974592933296735,32.450415989127976
1520,53.94779513563423,-4.25043353119516,4.543292202143928,9.681112715215312,16.19100057161919,-8.626114273756158,-13.471884353558202,78.30359601206544
6513,81.16295927721583,9.311517130241977,23.371955855311942,-17.579316887024273,-7.626281994101686,-4.506564453000001,9.792573653979904,72.17867603438052
6939,73.70047385050817,10.982154366492434,20.68647691882056,-10.579850408886388,-5.856204277563274,8.70901701662737,18.60841434569569,77.594243943416
1315,81.2642045784837,8.497414982021883,2.776560228932256,-0.4364146176433644,14.583896629532662,-9.070282304912293,-11.911365186880904,72.0709938525938
12225,40.67453269200648,15.220200997479981,9.593882471074116,-13.59120391079207,-1.2805821740563461,0.3656519885686015,-10.96089687719219,43.74951070043117
5063,74.07657365498416,1.0611214832433924,-13.937754022248221,12.018252847915738,0.8690346551284689,-1.2939150681551492,-15.974515042677433,32.58773737290876
9839,38.00564043348059,-0.4246207607953352,16.52212619760469,9.955394312020886,1.5473352945239494,7.302387653622656,-1.4879341993340642,55.53102717401265
7807,85.92245471740722,-5.9532453868580095,0.2218368035701524,-7.46648833709018,6.414963783391522,-1.514276399442246,5.114002555946073,45.0219706490502
5495,38.57373734745443,-7.266808852027539,1.53510451602652,-1.5089405916161767,-3.2750288650422448,5.170208578841243,-4.204705218342521,49.67480584120564
10141,73.94679080430308,8.884862748279621,-11.479742175444978,-8.398001663333828,7.314982479533914,2.3660806896316786,10.379709766059852,77.47593760195168
7561,39.52219011054963,3.673045556885512,11.66760517496294,4.812110287800993,-2.538843686776608,0.36249533260544486,0.5367044537965475,63.59025277828461
12091,87.97229482685398,-14.335200236580556,10.767096973813493,-2.388496272645976,21.754636985483877,-9.017187873048547,8.971116182109547,56.17664399062838
3647,40.59438933456586,1.0774142906742017,9.268881265261205,-10.098348281548118,3.744756548090832,12.386613141777987,-4.279313994602299,43.909976974370885
3896,67.83485853150596,-4.646616464935308,1.610028076509689,-2.93075906553911,20.744999544441846,-14.062034669937287,4.693658962600853,79.52802770261653
10186,87.33109479951625,12.970817975056697,-4.680292198519715,8.376057872412202,-6.077731862856294,16.066892150326638,-1.0799469959820511,49.25562659144157
3872,85.08680533790222,9.615910429478827,5.84434521279034,-3.7986142406953602,-4.431060021443854,-16.65292558140655,8.556844884042397,66.7120890521552
2586,52.25926690619596,3.6463121562935346,7.033788514295049,-0.6447175989933533,14.090337549990242,-6.414430464523778,-5.1669785632420915,77.5751335014361
9745,81.12051652081453,-6.921888625748202,18.66173479248501,19.391671321197993,5.478109077269744,-5.0038291304261,-2.6206694336960794,72.22343987183999
4826,38.094797536154324,-8.993072779306772,-16.21733453368806,6.257035055628092,-1.8071665455826234,-11.771509901843684,13.548510280103672,57.175060972675325
3842,47.136397580873435,25.758954889906317,4.1255901020248835,4.417765349809004,11.591714822102286,1.3622046931022511,3.9900638942506275,74.32216650088395
1298,38.07652752593451,-4.963440190866185,-12.582374146055756,-3.630035073553166,2.1082651485189436,-16.155896828448164,9.991046871931616,56.95461500927927
11929,81.36746351337547,8.087126940829826,-12.462413279211127,22.999331107348603,-0.46211130895536023,-12.333203596287127,4.368998427903779,71.95984328007842
8839,41.29755895097408,-3.425713823634072,3.6793333244982946,-2.873985281542719,11.274249023837708,14.81760940108299,-15.244042065445162,42.590163074659095
885,46.5589432545515,2.695858506340569,-10.497916856595166,-23.558732542822685,-9.591640741906668,-6.675341937739874,0.753823221236106,36.16674077348951
7332,47.81902952786199,-1.1388814288332314,7.009452722767763,0.46516542874936007,-1.1310339323215026,-18.293432878282267,4.559545186180201,74.86298405386447
9321,82.6191502031272,-4.149887871350774,0.19934592210722232,-12.91328069262929,-7.595092705595166,-13.442389693435729,-2.119636024087356,39.505196183651314
8225,80.20593741505087,-9.815568132817363,9.01930765969113,1.6936434435917542,5.141235483975684,-8.528231448384032,-6.059024083214344,73.137136424181
4954,45.14646965139225,-5.5097770901319,-12.085573995201628,-3.651909781930343,5.344221197274628,-25.082091522444134,7.7064741616631345,72.5000415454176
3301,67.50081341685427,-11.271073762036455,-4.196273264327914,5.499048478857928,-9.797020031902342,-1.3848368511631703,13.890750628888938,30.40848360538406
11488,86.10955328809034,-1.5406262343219213,-19.559679697627487,-4.1869321037275515,-0.30628529323285314,2.8884855942595604,-9.49117638446014,45.46330524631762
7231,79.0884226228406,14.27059318104323,1.5960028395201102,-7.297093815832803,-3.527645862741692,-4.290260661543785,18.851768693742088,74.1353771195885
6546,39.82189427189728,7.541742367671795,-14.500656995273841,-2.559991398938176,21.943709320777533,-0.9848227978441632,8.67946290126525,64.36885344409292
10850,39.14162013167412,-2.493096374750982,-4.888394231307931,1.0568218534763427,5.459486001178425,22.940016851808927,-9.475117710412773,47.53155236621008
274,64.80642999919789,4.822312153494845,4.082643463388168,-2.621455192194121,-6.007366523527997,-7.849363316540154,-2.283243670349994,79.93465080280849
4663,56.74698414352552,4.988805036044355,17.186365928663164,-29.628869705112173,13.215905976718567,12.900305016668197,3.35618468672197,30.794632977401918
12704,43.50826307518766,-1.90310103054009,0.9447462013847796,-8.726335628495686,-10.598604979747702,-5.621337694220908,21.659468003488307,70.65478175043992
2767,87.56506502131285,-8.80489413326539,1.4245392753082897,2.8428949315064047,4.88541741470795,-10.449930969218846,6.8247534257608775,59.64301416093813
3259,87.15844293832686,0.25704073883675665,-10.716715828254163,2.911196312321996,-0.22248050837186809,-3.289119977254797,-4.210694378888842,48.56807689756748
3487,69.4372224473374,8.007330313092627,10.429446963808962,-10.402970504770561,18.129743006317874,4.678655693842616,-0.7924150551852199,79.15703142282791
11004,45.79214940245882,-5.149558445682461,5.78389839402186,2.500432940128336,-10.291379285303648,-10.80651993413129,3.180057497127331,73.13532127679854
4637,62.82630697319204,-9.767244142619067,0.3478293391499493,-7.246499920384151,-2.1381637946355787,11.016711589601806,-10.535259012420097,30.00060339263289
1956,87.52850243463938,5.316692138139705,-1.6810511490882927,-3.6286868887513406,-5.4708273627884365,7.486062647100099,-1.2428751964286573,50.167550485117296
8906,49.56548003565283,-15.837326100829237,4.283426747329875,-6.303231838692068,-15.789206839413472,13.385718489583988,-13.18396932591871,33.91650708901494
12195,87.77784295537758,-1.8334618067322914,14.988902907063043,8.17611025515515,1.4003725531763314,5.131187748457697,-3.834833931724804,58.32543207397861
3640,52.62690931498752,-1.446937121058354,-16.692103564214882,3.3366761858528813,-0.9926190127130741,1.3609721390934384,-0.8404693483726365,32.25359391814814
3170,61.6316822741887,4.428684814268246,-7.3932644092685,7.433101032222401,-6.131349483811235,14.062458483929847,-0.45315598982177735,30.037473953919836
10919,81.5227926484701,3.685510053471695,-2.0576548878292518,9.473988525225254,-1.9160224412301972,-3.409799510505186,5.866645642718826,71.79006112263389
10047,77.18356479818206,5.079971092684121,-9.37601487512799,-19.437231708248937,-7.431201766275132,12.889819249690014,-6.936474776038171,34.412953353728206
3022,46.76408313792536,9.536082074659625,-0.9228555145778582,-11.970527301615899,-10.437284198477963,-0.8668158319721573,8.799179735573958,35.9896080090967
7504,86.10149966964772,-1.6663121056977135,-2.5697098796834523,10.796665202857936,-17.932219623532845,-3.9035810943676257,1.484243044996111,45.44381284123913
9084,58.504504045053025,9.298619386322565,-4.889666502262396,14.984898040507177,12.741413568633714,2.275096648243677,14.207477254766914,79.59248901837826
850,77.53390748713349,16.14033453274547,3.6194744511191375,2.727127196372879,-11.169937540184227,17.127799715107457,12.997906797087253,75.34122742499687
9207,85.76793066806982,14.865959967646399,1.6218882344554777,4.724706297704018,-11.090237830967734,1.8569457153192335,-21.23675231489733,44.67423934550264
11055,61.46266294200888,23.28021182089229,5.0269581449641105,2.5705933065691755,-6.2220687829340084,-2.9454212811185583,1.0572553369290614,79.95268712524017
7369,41.09349095972672,4.7508030805815205,13.543721440248325,9.321601286427766,12.12773999643078,4.355707032547475,-14.403843224117397,67.04594793565144
11737,73.97521076003771,-10.080140984505128,-1.1385522620529205,2.4872068643024243,-1.961510310192682,25.568743489415372,4.380423247466215,32.53792643648516
1785,87.94659109776632,1.3811484724310814,12.646955751897845,-4.9558489537093555,3.2433141016794025,-5.282228200650938,9.640278227342252,56.63327664553389
9985,85.75003499803127,-0.3482220816418579,-0.9951925646337036,7.517942797992503,-2.0202313746195126,12.3149829586157,11.248716254989294,65.36512940528735
8816,70.50730248489938,0.4729625677217155,3.9198653447243483,-1.5849690235076825,-15.915927833821595,5.820929744129536,12.170698017001289,31.153817718548247
6643,43.73358254648559,-12.303399015391445,10.213695385231457,-4.084840334445449,16.688526922659133,-4.951526981259795,-1.4633424290410402,70.93126355650786
4695,42.49736777729849,-8.36955658848843,0.4694619988082404,-23.1001736069961,16.07324859344039,-3.84735196000421,25.367515937898713,69.30531621253589
10922,78.1920413747196,17.875143592914082,-5.776174557253718,23.882245919147756,-7.518013496322346,1.6525091776409992,6.0129668518346335,74.8545178452867
5035,58.28349246390795,-13.097180175908559,3.9417747793200104,-9.010733939751086,8.885833950783114,-3.490622878625518,6.569944221407681,79.55106019425611
3311,86.89547730325583,2.4046821071759283,23.311509420961485,0.8473202076997631,9.778856290976893,0.2982218077062807,2.125144958905302,62.34888865404732
1966,87.57765933918849,6.157228071766504,-5.810930594998661,0.65527081844526,-14.18472340188442,-5.084475940361316,-2.5195897613738505,50.42412178846497
6551,46.070407347654,1.5581140866738266,0.5216836310460811,-12.111976473277817,22.5622069836313,8.534273720138781,10.269794594123766,73.3953497554581
8061,47.785705273271674,10.129886749614883,-1.9859605570898102,-16.81590878990735,2.448870022387652,2.021058843684234,9.012156769621589,74.83747050327351
1722,59.17124255807057,7.593645758396228,0.17052096525468144,6.163988360983209,-15.488561818737683,1.2498051009906401,22.570983585998206,79.70507268661378
142,38.3243913877033,14.026459435370423,-7.656919298143443,-11.554523308776625,11.873656440300007,31.025999992217137,-8.638982869672596,50.98573299184659
10547,59.665162078640066,-26.793243217683926,-19.30763400376798,-4.864465874670618,-11.495232236244677,-9.629916908744322,1.9619643756281226,30.223421220066324
4087,44.50159124932422,26.387986577809702,5.3889021605466345,20.333712871567784,-10.733005201647522,7.206572757702245,16.180380450072647,71.81692224198358
10899,65.03457476242995,-2.526382983560599,-11.210811760272158,-0.15529064867095393,-2.61570730509578,16.477058328492692,-11.379338423741054,30.082927428446112
11708,41.02889258270355,8.806994208899026,3.250893958693475,4.460609358530915,0.08271338775815906,10.172621548854092,23.668432802936195,66.9277172525853
3051,38.0364538098609,-5.4388569871118015,1.7299513646751823,6.873312668617483,-12.331175513489255,-14.306696975320584,-3.2023607789716517,56.34957830924765
12647,69.2557070750107,7.788479349867512,6.25024568592085,-2.051132845388472,1.719559364404877,-11.507164613960558,-6.258593189336348,79.20467163569175
8838,64.62347490028735,0.6211620453170998,-12.241615046912708,-4.07504810542043,-5.8770839597367095,6.370386699380491,-8.439462098510024,30.052769106609507
9932,72.00394412166337,9.354928462897439,13.821852891997722,-8.544345016607824,-6.320957963198723,8.246196231302394,-11.895689752749028,31.67771472917022
4206,82.3344397937001,-9.001661951954675,-10.650076111245015,-0.38198158814529715,19.16625042183759,4.826416268113887,-9.109937496732009,39.15135848522701
5113,46.84137798241244,-5.439587325001794,3.1673726016030193,-2.69336991949902,-3.7103508700297,-0.3949074675127058,-0.5875376958885027,35.92386479150626
7939,42.359206134714285,-4.428809559512607,7.990885685467999,15.774835336881878,-7.689125263418698,-19.179980043449397,3.0328568529817095,69.10523408564295
10164,59.83322179362726,3.5072369418806844,-0.30776896534566367,0.3289951029275124,-4.296995846878212,-18.093706816657026,-12.481494660838592,79.79861923155487
1744,86.86261533862869,5.017943874814016,-11.341419664616888,-5.2194011589640334,8.451545396287042,12.565113964726745,0.005400850981984387,47.54509629836555
11128,83.47733664604061,-5.3372806145382565,-13.930520259706885,2.1307698398815784,-5.085893993663484,-2.149201563932311,14.643598789672208,40.658497851176044
9220,38.071283909333374,2.374179015981074,-5.4892979929245875,-8.805874218064424,-15.438045183224784,5.5314460554953735,-12.00031443989149,53.1134385589282
11007,78.07662538947359,-8.452841682894014,-16.098549195828788,22.038563222564598,-3.5951310585323264,-3.217826632195378,21.80255580013144,74.94230094210496
2052,75.53302435911138,7.135223934850684,0.541558693060771,-3.819379408955625,-4.537080942697554,18.44225002896534,-2.982526627644551,33.36846513966425
4405,79.83375432436141,10.903090346432535,6.9568359160206095,1.6495590898783163,19.26545801748538,8.035357652285377,-8.647849606671247,73.48309268891555
11081,65.4417844249287,-7.0795114908703605,-23.311552128843154,-4.606536675251467,-9.295444854532763,-4.959898862021435,-12.996276556911203,30.11953198144827
10418,41.3962478561765,-8.405644639708168,5.50897890214187,-8.067023057789443,-4.4039011511058845,-4.729890476518925,-1.0283883111111758,42.419145763969695
7189,39.31979508823524,-9.759902289182843,7.974643395187577,12.047760215633854,-14.269189325952883,0.3564150544326421,9.420144944074034,63.01547848458419
12136,68.93567599396263,6.6948734956319615,14.054801887948553,2.519568101786678,-6.6981184826723705,-12.716962703403858,-17.783074487672884,79.28513435200011
8215,74.82878270541352,13.013511841942474,6.185467568818185,11.813712602049598,-10.603500400159135,-2.0768462278692392,3.673655567274688,77.02452950026651
5031,87.99165775857071,-10.993292022969062,-5.5475224316845475,-9.374831666529648,-2.310662971894815,7.592412765282145,-6.032385710253894,54.35421173866935
11964,55.04036804475301,6.033802203463093,-15.273963405182986,12.363590841028905,-3.8905580779936844,-7.529586946177754,-11.642313520683505,31.30096501675625
1391,38.56840290214568,17.413696058661344,-10.470123313987237,1.69123638489754,1.1546903932665074,-18.525151850598142,-1.7643461299928498,60.30066630227901
6027,44.54357788659493,8.193091032165276,-15.547616229644166,-6.361702847718405,-2.559774049753268,-6.894108172892879,1.0320477501370535,38.13700848687243
10344,87.77593405621282,8.254626380950297,15.947084124970644,-15.716236103899611,2.656180335262512,-4.285094353703811,-11.615239212599048,58.339624476223904
10946,77.59886238186738,-2.9027881247626515,0.9376404601614158,28.142018701886478,21.929588282798697,2.3919215624016457,11.43111201148799,75.29465981866406
3222,71.50977659173428,-5.27673423313259,-1.98392369804406,1.5315312627948439,0.5442766676240332,-1.852211860496602,-9.586082910019158,31.492901022057797
9071,67.09918907272673,-23.23356511980117,11.235851713379557,-13.299013315392884,-16.91483409810769,14.298205797427386,1.123596776341119,30.338356726567515
8722,81.65415492275723,20.902097466272163,-5.311471924235207,2.5363919953564684,-7.667522749934922,-1.7065343508555468,4.9112353346343,71.64399303405803
9929,78.85086866189167,1.0889843095856246,1.6444582413895545,3.531848007985256,17.04846056383222,25.373536275391007,1.3146383481069837,35.66738603645486
7306,79.3606656894268,6.556946279065187,-22.393122971500024,7.284631732906336,-13.413777636679,-0.16594989502854723,-2.2158789798478438,36.09686221288082
436,87.15159343272549,10.463063070914362,-9.884366975327632,9.031184005171133,-8.965260360562105,-4.196386987873592,6.301419886335599,61.45759511430772
5803,39.56721730827175,0.6620517072431737,-3.310221753357962,8.035202098157402,8.65917675937975,0.12388418960452506,0.5669966586989362,63.712330074224745
4406,42.48706923993845,2.2275301373379808,-5.3425007550584,5.9587138750835775,-10.171821130540978,-1.0778718379853856,-9.197772350454478,40.70945516668729
10272,38.00393061033704,9.83620758384191,-2.784167356373648,2.332445364154521,-16.082641311691145,-19.8152208706627,6.730249000243606,55.443300199812974
4899,60.591909351147315,10.298134401221917,-13.713840369317047,-4.397008450817115,8.655841145312518,-24.851169373442477,-4.54888040068292,79.88375171526408
11427,83.64497796895506,-21.102175121610536,-2.1224986532322694,-15.033892723310409,-3.47524122946178,-4.823129281069197,-4.2473315252035615,40.90089064297464
5359,80.11875267240217,-7.399112315578985,-1.360474483461599,-12.57613988691968,0.3189553487401675,-7.387294904959485,-4.950611355191848,36.78055140952055
7927,61.46540187297582,2.875883700857587,-6.218625840468307,-3.2133743218979056,1.5330083413411386,-7.799245263085592,-11.200186127727873,30.047144279891853
4833,79.91762141006348,3.4889162048550313,9.434710718989706,-1.471616921840643,-6.272788806160795,-3.961054417328228,-5.496591947998779,73.40635992872468
10376,85.70777998372301,16.447487388229256,13.055741750658596,7.28031868755293,-15.220392387068504,-7.898383454670361,14.596296442361012,65.45737673658306
522,54.80546946883982,-3.570570941952248,2.32481957918036,-4.7757525989807945,-11.599020354896778,-6.351569858863718,-14.351860831549716,31.381158593743773
4818,87.33515091847295,-21.138023665019322,-13.174092513372283,-4.5790372284171275,-16.06437378121988,10.110920711887658,3.382948783710715,49.272834053814634
10284,84.78184333590434,-2.381306999179897,6.2499203100501655,5.43752938038553,-4.912624790340965,6.034471088597908,11.05961010679712,67.26993483642516
4111,80.55391717602058,-13.653023066376273,9.17655224611744,-4.450680336886533,1.1088209396005864,24.92644485037222,-5.045431023527605,37.1994384420769
5580,87.98025004500522,-1.4805658011364025,8.75665330951991,2.549194911397807,3.9625244789736787,-5.827356638330421,7.590356379164019,55.99353293303072
9304,70.10621477831809,12.182671122141908,7.067889331499994,0.921257089679361,-12.958922613191362,8.363882544258036,12.429355300524747,78.96876533166474
914,60.53386829851192,-0.8531702192445556,7.327009289642504,-8.238939731906418,2.2481221838682575,-1.8468153564386223,8.502844211844444,79.87806653321185
5604,72.38888631451438,-1.7669269754526535,-7.160887640518059,-11.213114199695122,5.783114503012561,-0.832318986735373,2.5202838410825246,31.83000186074404
3807,86.50609704259156,-2.348677565708644,14.72999030551778,-6.802022095452629,-15.947912153690853,3.838724271075385,3.5789009324862042,46.48745620720409
7889,82.38390965855899,0.6917991859236173,4.529395519718234,-5.1477381044890755,-3.9639286404606495,7.738500844040218,2.2956265870490453,39.21190175008961
8085,75.81178966996615,-10.728790059430251,-2.23146397016279,-4.5373277840223665,-8.614850917283919,-10.320817576547407,-8.915548167448213,33.53239544214239
1627,69.51882290613254,0.07161381056976575,-10.434125754471937,-7.622873452870315,3.3920912236554175,-4.805079827907749,10.276800813142133,79.13513927696465
3153,81.63850680240913,-17.144443971818653,-0.8205154028360674,18.976080899429345,8.770907859767807,4.012440454710531,-5.030956257800943,71.66151446227349
12219,41.77442471801615,-3.1612181334475946,14.759280811029118,0.8850390693643141,-8.663183150190786,-17.23657978554456,13.24151270555551,68.20889677258613
2864,45.32763613418496,11.73958832268805,0.662059927869011,-12.047030180085592,-9.207046908669032,1.2188064244648125,-12.017926217678818,37.317026398418314
3587,53.997224668772176,8.056637233480846,9.239921838631243,0.16301514799842712,-5.548917388408549,19.868688037648194,3.640010774776944,31.677263532436086
11337,58.36608073146742,7.144136486037096,14.090118714449718,-3.397272244225414,-7.555937360860813,-8.017187857558987,7.676315708961341,79.5667822926146
755,86.27639519575663,9.8056695788639,7.928536567076481,3.5579147441627654,9.750514979555797,9.279382327989513,-22.226583410235037,45.87807987916155
12785,72.49865108036691,-2.161222891192807,-3.2566516308665463,2.4244593676479527,5.243222463404137,-6.2602172310181645,-8.293484594517146,78.12521627257667
10530,76.98568632391431,-16.329015508195962,-14.544851682829808,-8.082942037862919,15.483592657342623,1.5224017292528043,7.053673628178727,34.27801703385807
8622,73.06325648167346,0.8242139330300999,4.618709606180578,-9.173387514090209,-3.61335705880103,-15.051811599571343,4.602618525540018,77.88516700800011
216,84.3192268253421,9.86436727644203,16.44700758198603,-3.4948611664121634,17.83707938655708,-4.897756740353904,2.285464775112695,68.05720366577829
11295,38.203350985845354,15.770382516933743,2.1161759157797944,-16.030486664324393,-3.5491043028076277,1.3000169862594162,-7.396396905661906,51.817831294726275
1587,40.3818535846015,20.007653982981473,5.566178696836515,-12.304018833101797,10.07258152484023,23.398925939015307,1.6979171368478907,65.64985693479476
4280,58.07043027120506,-11.83616969268309,4.615166199363554,1.1242044962173867,12.902547521094432,-3.1416857101531837,-6.9163842266443325,79.50916853524306
12014,87.90841028641402,6.828166855612575,-3.8480420701452616,10.573891219560895,18.61818161141066,-7.840999357729157,-14.92883065508261,57.13801239558241
8561,85.72711023919304,4.662509725212465,-4.55687691437654,-4.206377729106775,5.9211844606818484,3.0172587992165827,-0.9371596478115685,44.58470066798044
11897,86.97816627946825,-20.455677267815098,-1.0215495056987232,-0.8871690516876649,20.05626644540127,-7.023543272504189,9.966951580449315,62.07442873129496
9614,72.00388244803813,25.855806768297576,-2.913087477079956,-6.690746526278282,-0.3119988680594694,4.762672236718779,16.103517296304993,78.32230908083312
7673,55.0239834550012,5.100490733232182,1.1111546889410306,-0.9995263423551658,6.346154823962392,8.149636308376637,6.391984316191027,78.69352569952191
4344,38.98245029742269,13.29010536929816,8.512574522188853,6.5247763393627265,-10.865586146436891,2.900902466189237,3.620668088299031,61.93954654745023
10892,74.93287529107155,18.934898138386597,-2.3495129832571293,0.13616115869687406,-3.6903142641156634,10.577112097723989,-11.092813459205125,33.031693572609335
7239,74.53238286904163,-21.05904736085092,-10.695673546808546,-6.1442444508333205,-6.890673120167184,-13.584873865149543,-10.7003286568103,32.81883354370571
10777,47.070675585326775,8.071866965474989,-0.9918242043688246,18.9516585262863,-5.0586751769399445,10.732291050043068,-5.270719879441577,74.2680207518078
10512,82.38911677909242,11.511612907533088,-5.632679447682603,2.232979198770455,-6.617190693425002,-5.8185508827377195,7.822432995867187,70.78170302998751
12659,62.79952853411729,4.896696398228167,0.9935308622100636,11.114082866840855,-14.287043755622976,-7.525680772758026,-10.52545020085529,30.000803789094203
9463,59.686252074282784,4.636642598681159,7.5448110993681485,-1.083155541768588,1.691243095220845,7.488801599745604,-0.6346492601223539,79.77940827955351
12504,71.47366640529157,5.081876646822493,26.167773100772248,5.7981836934162825,17.32078110021645,-0.8335558765819028,11.49669810202717,78.5201398306182
8180,40.30994820584057,7.32414794689772,3.4714878770954405,-17.22128381319599,19.292912992935786,-11.578697390058505,16.53758643107153,65.49578723004437
2275,52.262403458577445,6.439749294102831,17.921029675577145,-3.143753785655217,-0.5161031246659091,-12.601174245869512,16.842399929707128,77.57662553424737
2158,79.23092689908069,-9.194429025576964,0.16841704313324452,-14.555181112906252,8.458977755897944,-6.972985589683002,-9.819128944780735,35.985347439495534
1990,44.49468779947428,15.055680597917876,-4.043915351167577,-6.9156944437835355,15.255245389168676,-3.47247886002082,-8.480318563969837,71.80932539875036
2948,40.86930518132558,-7.3338270763782205,7.7120904169892155,-5.915578904970417,-7.30181343553148,10.14020081046546,11.576038232506594,43.37105564366665
4716,86.12956475581363,-12.992708753123058,-6.894964553093264,0.04494211630395686,18.134095241870188,-1.9854514638566376,9.874631977518082,64.48805745169284
5375,38.4296424171375,1.0294974317390413,5.719071721639914,-14.405519633729329,9.285644475868043,6.126693438942797,-19.333337996470448,50.38507548812862
1643,46.814309606912715,-7.261823262000653,-3.75390004825185,-9.32571983139403,-23.31917988966445,1.4954860594835626,2.250870807299259,35.9468263404985
1811,44.442690909224154,-19.85383175244288,-8.434904092542377,-8.240049802976454,18.88760302692606,-15.666504485714814,-7.374368751554867,38.24809624820486
3045,55.196288430378914,-13.302882291541865,-12.95295618644397,7.4790913770281,7.735535794038632,0.22974005876251205,-11.51847707631616,31.24916663065984
10456,44.50803942383145,6.9154312673999705,4.939553504436866,-14.978129074074007,-24.799141134241314,-4.466114889532209,-2.3409148960173183,38.175987575806175
9967,52.00462541262011,-21.323567891617415,-1.9500604515527928,-3.684260557758916,-8.809986764452093,3.639308930079339,-11.360126389605982,32.547789915395846
11036,41.54271034469316,-0.023125768189647435,6.470911195376954,4.442965518625752,3.580206918729634,-4.6615265435155395,2.24635691899234,67.82905766797633
12685,38.16129058986586,-2.896650438863854,5.234756503892109,-10.306848836831833,14.220216030899147,6.643446431946668,-10.54048116285192,52.16477252430893
11346,57.318648356607824,2.3925540760095365,2.2338722476362034,-12.695399429332305,7.911706120258595,13.60675660849893,5.056602067606124,30.65411239030039
3907,85.62296631011242,-19.080741043351253,18.248130398262433,-8.562640692684145,-10.511352186397776,-6.900395302614064,13.204395080926215,65.6396144352847
954,61.55322570808972,-10.127928360982095,-0.3761328017728574,-5.430726872194148,-15.116202643373075,18.555120831201755,-11.302181950105298,30.041898226261928
1672,77.8740055180729,-9.59292131063007,7.294704064697768,-2.7897429387878567,8.39813031831209,3.1793089572226725,-19.614626867029273,34.90612133389034
12696,57.924712273003294,6.734688052414775,6.8130740391510844,-4.6960228256904655,5.556921673056206,-17.101806978506364,5.561633475454526,79.4794087855119
6477,38.45635500014565,0.38557343560450313,-1.685634157709389,-1.1777702036699447,13.826082945433942,13.891764316346384,-4.55728119465269,50.245056244168126
3806,79.22465774373423,-10.164801204675404,-0.7739227473001298,-18.291694728062296,-4.193803650174786,-8.085407106824121,-11.349166295991646,35.97999786806834
3139,40.74583216899077,2.7091059372462105,-12.410743476283017,-5.566854728592431,1.0752067870059254,0.34377637898392827,4.891840737074028,43.60912583910813
870,86.84712796228789,6.408156484548555,2.566424768079629,4.25213339460184,-0.7376902921531581,-5.775576451946876,-1.154777067727162,62.504297965184165
11219,53.79618792639421,19.93240289776565,17.470364783850858,-5.014474663946129,3.8651523957858065,-10.109012413602915,-6.502339779726801,78.24413567577311
6426,66.82121934313363,-12.426913253418935,0.9390953350504567,-16.223187595119718,-1.578866768898512,7.806940505091022,2.433031524872316,30.293760247021375
9638,45.42036325306735,1.2494458539962887,-11.060166492717583,-1.7635297471017188,-0.8455094738903812,-2.1023595647927427,-16.91902175520218,37.22483834543564
273,48.920148277826755,20.04126790510559,-15.808555282113856,-4.937927654477464,9.746118272151389,-16.221131689711616,12.719978559690201,75.65811645532126
950,42.22374863073237,8.01117209941573,19.49156004804601,17.831114136782798,-21.884174145559285,2.295492710136627,11.87020265674281,68.90494081400583
4119,81.72685920793958,9.860529824841569,16.034355801208257,-8.047577126405775,4.997757993015719,14.798823649310975,3.759379715552652,71.56214793455271
411,81.46647510586429,-5.740410844564145,2.5919822327563216,-16.781547081986837,-13.738429635902229,-10.79413750172118,10.923427927482019,38.148018004860845
5861,38.8622206133482,-4.357762557193037,-5.3978486721654075,3.013636803314867,3.4112205482190836,1.514333580536281,-4.347470518021927,48.490959649738876
7191,75.7782902415168,2.0667124071366394,4.154667658843729,-4.511424549091563,0.4139689267122992,7.563322432317778,-13.176567314827698,33.51243851658461
2733,38.86797733621049,-1.6858851026387223,-2.549979310984849,-17.83551153864742,-10.781365932310642,-1.3122831723571355,-11.397523361643533,48.46964915534017
7463,51.82975289176012,7.988304906740062,1.8395187413380096,-4.940346041158409,2.3762409362183083,-14.611789460265587,-12.657350462640737,77.3657233180789
7445,79.51735318234941,9.292446574405881,0.14704494083303143,-3.019280875936086,0.12037677734219433,-2.6529649139464766,-4.984858693255328,73.76638068060892
11676,86.47478547188771,15.972383050261683,14.701155345484867,14.709194298163418,-7.614099366043562,-3.3501743394252985,3.395414060395305,63.59851423496231
11612,53.50421810439315,-17.623127631600838,-4.629193128170408,-7.124919788188339,-0.955599250510712,-14.628808404053025,7.909486156436892,31.873605421703424
9922,64.65297519109403,11.69295556308921,22.561553874282197,7.063775573347447,-2.4720134491380565,-10.880831135139218,12.79830974338713,79.94529360455851
3833,79.83521872865916,9.032899188931378,14.894529321695977,-2.2349041362770983,-16.210946862748468,16.289722657766287,-4.297208305710615,36.51824114543737
11614,77.16923139132358,8.078722426993005,-0.9191301905423901,-4.310433332556376,-2.25923469604345,-17.75863234500784,19.58298046985185,75.59691437519538
6589,83.70358207028661,-9.253513205217493,0.14918607511023352,-1.3849910134781478,12.059294871978166,17.707975100096785,0.9222523192710255,40.98708847316495
3770,77.01622309829565,-5.8209558561826995,-8.02879822769153,-4.771985147748365,-1.8915162171440578,-8.760634825916481,15.815635319104487,75.70134029619346
3468,81.38558085154074,9.28579698959772,-3.881736540066844,-9.68485577895027,-12.560196285226148,20.452949353174887,11.68607481567349,38.059798798377315
4712,65.85168443283618,-10.837347015103603,8.037551331432415,-2.2138359434998183,1.8758227722220946,3.8589121681788168,-6.233353332692254,30.163174601098476
3664,85.52261260055978,10.942537999031405,-1.6549437181004842,-13.93720398181131,-6.618707431308277,-5.516784650139731,-4.821837196121834,44.14956583149293
7483,63.79231756913412,5.999715905645936,0.9139578118417742,18.774648908253347,-7.600495650281504,1.0883827504332728,-27.73815610615399,30.012558496924072
7805,48.24346118140314,4.759188156415234,12.841690841855089,-8.037447647566703,5.9215224569236105,-4.979847515309484,10.859769168463597,75.18030133806838
5316,47.757070740636436,-1.3024532802524051,-10.97222148799688,12.711197125774934,-9.720821078326177,-2.7542255589096727,-2.233175487309823,35.18452353350952
1737,87.80643932471169,-11.983983471382935,4.8382333568191065,5.673716125464865,-4.28794234317019,8.764691246191186,-16.30889666266962,51.89507358712039
7523,39.5663486487674,12.866523059376709,8.605825674217565,19.23259292329433,3.2268718204372657,1.7422384379834568,2.8028784514838105,63.70999336101209
11089,64.10951333127969,-7.1229553655087905,3.0093342389422313,10.102091517431846,8.368351198664486,2.929305229366081,1.6556712023402076,79.97536746812172
1859,75.44060714065479,-7.034737798838644,-1.981796272104256,10.80935710428494,-3.5557788387447276,-22.037481991836184,-15.883245199862007,76.6848171302386
7583,43.52619105347158,1.878850288574713,10.217965356165719,3.172027052295998,2.6490842885101444,25.476150801307178,-2.878047794758009,39.3229223031169
12723,79.68954064422464,-7.579902722341883,8.738441726140437,10.37895898773167,-17.64355048728348,13.64122189273337,22.08295075214455,73.61341540622715
8037,62.29154549579893,3.883224846207938,-2.9805838284836295,-5.7230373077417775,-2.9947420377109553,-24.214168492766944,0.6904026410191455,79.98995982820855
10237,38.57571362085605,-2.2549845395203216,9.048420214434216,12.351574031337872,11.157567124589612,-6.5344163665861545,10.324810452511592,60.33425110672185
2401,38.51539728709595,-0.3309560811429924,-10.645683507729489,13.88641125890924,-14.685523005738538,-3.242855813697374,12.994221893638045,60.05017128335779
2647,57.58128313861344,-17.903042034019318,-2.2275675811968307,-13.513106091911087,-12.695785557878274,9.061949638160668,8.301235485632613,30.59431403184649
6037,44.85167424780586,-16.1937795199902,11.375341678936067,16.997793831190748,-9.840724616000697,1.6829510632207498,16.975386302518178,72.19413482534806
5840,46.52266546181669,10.609583368884234,4.1001924730378105,-20.503234574325525,19.595581464480453,14.27862453954761,-3.7084316096742667,36.1984722291833
7454,38.3506420260087,10.047737058266799,22.036005582862295,-11.677878182912755,3.31259293778138,7.946008526328871,-7.143468283444127,59.17242752723537
224,85.68342762052703,-3.530773321626074,-5.506845551474054,0.18384906996376763,10.339458308524588,20.158031960791043,9.777479013292963,44.489904311362736
2871,38.21515056476543,26.78023545878893,-8.46417403656146,6.086636246477366,12.24477700938743,-16.473530203602714,3.969868665587602,58.27280284660604
6888,59.33901563461438,5.591455169711786,-18.399767349616358,6.106321251512537,9.101510083040994,7.4293602129984055,-3.648130586850508,30.269508830668123
9282,41.60373632132685,3.6370722693998103,-9.288244230612987,-20.200602373522948,-0.08624922291948474,-7.072163354239405,1.6732471486657727,42.06941994368806
7245,59.68097406701726,-2.4955283473172485,1.0508362718301554,13.234065355043995,1.173777820686798,2.3331806183254917,-0.6316053108643842,79.77870187996514
9604,38.75159992963424,17.101007993420115,-1.0296054821579546,-18.136507366058943,4.430712547506867,14.828785193412177,7.817321355312798,48.91599687479652
11613,80.54994359536424,5.325361178198519,-10.049234238218911,9.770823875018083,-1.7840002688297731,5.826782492373614,0.8901372151526799,37.19552079392565
5186,70.35982091578875,-7.108914435942619,-4.079606794878118,6.174982629738977,-13.213188044720365,1.078263921329515,-7.922479006298087,31.107887575864737
10135,51.215658720652776,13.552670928899492,2.923508395778826,14.08979669144587,-1.0903995630374819,-14.76670433953978,-10.993879377923971,77.04834008745041
3445,51.74001434538013,2.9329472140288777,-0.35177068474245854,-0.6587245499424793,8.184998574117234,-15.828838451363632,5.6940468039142464,77.32067926963144
9229,38.00081174770467,10.410542454824444,2.1389765885462264,-2.319977765812907,-8.198425430797503,-0.9937721673062261,-3.58847741519401,54.79853852403248
10330,38.172932810553206,-5.952364927565455,5.331373737182758,14.481944490377103,-1.5729157314295672,3.4100789190775243,17.174787283363152,57.93542752775375
2194,38.206827723778005,10.652620212573574,2.89404620379679,-13.398077269465148,-12.015636589262176,-13.330213057745526,-17.5279021106872,51.79085549069895
5510,60.1081161646539,12.693215145394648,-4.901101208264902,-8.52789064994387,-11.784178100581906,-15.693829696152035,7.302696535126848,79.83217686556827
1270,86.66155005320601,-8.160760359987068,-16.47154420186656,-2.928061706029508,6.625123522161407,2.4204163170018274,-5.469342245129361,46.92961902512487
8147,86.23078885537926,8.374458303841232,11.851820409007443,-8.494883897514248,13.04888185889978,-9.877538651705125,-12.617004759196009,64.23744819508
10968,46.2159481505639,-8.954856217733978,-11.431986387193888,8.8831872035014,6.069547089972504,9.919612327230666,-0.3347984566427382,36.47176199647035
7967,87.85355656451789,6.678600072166864,5.659339721496702,-4.013435919345349,-0.18972673554431102,6.354724026296086,-4.762432644367872,52.29801441633939
10137,85.33302724595121,-1.2073782312056722,1.0894105118345807,3.8351756453099033,-11.276337416054343,-1.476060184474577,-2.505192120499588,43.76452519776753
5108,87.87731726191691,-16.265336127606158,-18.941987543738133,3.4559740774435417,12.991009013469698,-11.469268250687566,-1.148665202256888,52.52632139316145
4791,58.44676855497046,1.134517710640516,-9.18147668250853,8.922152815146745,2.6909468240516627,4.410628337424075,-22.449510575454372,30.41813507058518
5276,38.928756967114325,4.280655089630316,1.3625365822573463,15.87255168489448,11.363412448852774,-7.415510865801126,18.90793032521678,61.75094503397508
1519,76.12063585912763,-3.18214313541442,21.167646067548805,-4.475536017385521,-7.964492677668202,-14.327123174908207,-2.738699477787078,76.28024705336323
8062,51.5782440439326,2.303937280317192,-9.646334371377272,-6.713482709823127,3.743902598928093,-16.67226496749737,-7.566140390436814,32.76166618471521
8746,73.34426206111355,-5.677391506367398,-3.767990616823486,-4.657153485128741,-6.764017726712735,18.492946159246884,13.758381501271328,32.24046919615857
4535,87.00008853201359,-1.4956574047073663,-10.21619557713844,23.068935892423816,8.234362125276702,3.930485223470774,-6.422135115206537,61.999696454526415
5877,68.03209240160392,21.600990783885567,-14.54472117966194,4.670415752624871,-5.7720032126627245,17.33035645559784,11.310649399541939,30.51167531124842
10771,82.79582987870162,12.243465179854635,-14.216391720226316,-5.087243439795798,14.30830568027522,-20.978630737138694,-12.201388681662769,70.26843539507254
3431,38.12156867585061,4.944735755279215,-0.8996468080885052,-5.084680483427171,10.42087959659227,8.535082217222993,-0.636606114554416,57.46244895370086
5121,87.50967429591566,15.579086054256537,5.863133045224607,0.8673409925530585,4.900904345828771,15.865268200608593,-16.467951541556335,50.072945513987975
12080,85.30160336210633,6.867051192202945,-17.634313918485034,10.687936041600851,10.973560861392397,11.145832384904358,4.578651085866133,66.29772045499831
4495,72.81503159672303,1.2560439484049013,8.907096866818684,2.598069093243236,6.745058781879736,-10.892965154084555,6.816860800700456,77.99271960328592
4796,81.69648419171632,-10.452834249552277,-1.4295083720732724,-8.842347869474692,-11.891221135474767,-6.085841983675086,3.448762890630996,38.40357029753382
3599,87.82503519510796,-12.60670928420022,-2.814342285350531,-2.1046451911806425,5.656980409063261,9.082511502990585,-2.0119777902073026,52.04743711978031
10752,58.04344738576753,1.2544413641762278,-9.55556395336564,7.520437110061895,-9.52382370901429,3.832165972216476,4.462433316070711,30.49627403470351
5887,84.15660620785413,5.124466838691442,-6.1427097702132585,2.8195857353466796,-8.407022286080991,-9.992736658160101,-2.883043321033629,68.31908456936092
10049,81.94606479795105,-8.486964831969763,-1.558569058702125,-13.077734642401754,2.8957846154638704,6.06807322772654,-4.899673519950152,38.68906413868781
11370,81.78206181806593,-3.058799202026334,-17.80429922437234,13.67034146451585,-8.635493989877192,3.35779981365247,-20.127917128011784,38.50048019297682
7473,38.66317591974217,-5.791031869892621,-9.368849420662182,4.04391315488766,5.562690048124797,-11.187271233526662,17.236909690909183,60.7200518954449
3414,87.98679842774096,-7.824650922273921,1.7463781866224046,16.694611294380948,-1.1849187969906365,-3.827052304054051,3.1665984588711167,55.81234495840233
5872,42.329863100968694,-7.969262270059243,-3.3456359974826055,12.372807904215168,-10.360026362000285,11.50037942247057,13.05564683442358,40.93780100498843
7449,39.55044735679278,23.33798266885264,-12.254262901090499,-2.9718896909539922,3.2482974730475216,-0.49906669574651485,-12.641005328471715,46.33290816747317
10303,65.62806066568182,2.398093071509598,-3.033264983670922,-5.500121879008661,12.505107623438793,-17.816968401898677,4.060185593471434,79.86148219912674
2682,84.71407478268421,21.65334962945304,-0.9187643223388835,14.11888123743104,1.0251769608031867,3.919026644564487,-16.367622465978606,67.38946957427952
616,58.51230032031223,1.8620244307091183,-6.432772280158377,4.020434668508589,-8.412873977770976,4.7207277389458655,-6.20403194529466,30.40608710300595
10412,53.39271091767464,3.8354291546826245,-13.237148944015924,7.959245851532472,9.739536683755086,-13.050687282924699,-19.516412183253024,78.08029454943399
5275,79.5056735926774,14.942548486330299,-7.915639974635349,23.899406267214886,9.103092835124645,15.530134209293466,8.69737760742731,73.7766541016229
2111,59.64602954213078,1.6296445057494102,-1.577978894462727,-12.355228218863171,-19.687171938775315,-3.7464995416495372,-1.0643160785327472,30.226003912010068
10864,77.42340369834196,-9.811835030315882,-11.790895074039513,-17.687576786057814,-5.741212877067432,0.4021844413313658,-0.5143587945375865,34.58026871492537
11284,58.658466967925996,-18.276131198759938,12.837465621510143,8.683763448165848,2.7426675460871413,17.023011590677477,-0.051273101727933146,30.37986411630898
12300,74.65866077269328,18.41889992723662,-0.927504159541451,-17.008041112294258,13.325085503225491,-0.2639913762530267,11.165052085492697,77.11505435189484
1249,79.62147864171247,3.4690174865391072,6.5700984838893115,8.63926888165577,-15.991052023068317,-17.195774242464253,8.203281436424538,73.67421879927232
10825,68.77874648666656,-17.715569412912146,-3.83216220925372,-0.9124243670960425,19.18685519368062,-9.363040633150561,6.220346970695849,79.32295395388559
7522,54.92279866609816,-15.79161795967033,0.9418023429574639,-9.913165485238856,7.104793370019616,-2.230007548436139,16.832237082400134,78.6592226966909
3696,44.03166131354838,12.299965965630864,-3.245063656454192,-13.962479982692638,8.14475383345754,-0.5079402591510639,-6.197939092082864,38.71497229120985
4965,47.360124305762625,10.920015771331508,-5.7614787991001855,0.8260359309390934,-18.892850349640238,-6.39632869682266,19.567842414980213,74.50369934829808
9200,41.29042743500753,0.09424793893386854,-1.094744431038213,2.752097962993057,-9.602494690220338,-3.41689829231324,-15.299439546776416,42.602643062114964
7133,85.6198820799513,5.746017985892221,2.321115531301152,-2.0119524826931774,1.6479506958654964,-9.395927131200777,-10.381086469302044,65.64616995398336
5992,68.65261039558573,14.429967611151813,17.062965786331546,-13.559859122657736,-3.5460757826892224,-1.971644724141728,-20.397698429270314,30.64742322226011
4180,48.049055180187764,-4.542281770910225,25.314770218936946,-15.635641373993982,1.9258460289206305,15.449354962323959,1.51616041676249,34.9633024428942
11009,81.06466621018397,-4.9802854009312,-8.07705637667469,-12.10701736309832,11.375555981652123,3.70851229187678,-0.5754803188139178,37.717991010457226
1598,74.49079910076989,13.052884239792403,5.304392375410885,-9.33829119755055,17.423124163953773,0.38433962478516054,21.33718110390767,77.20273712914121
4615,87.2514695743139,-21.15500308373462,-6.3663760937251865,0.27547870140663944,-0.12950559768321895,-3.65732800536394,4.9977169006959805,48.92824378897447
4356,44.85086117770682,-3.2266969787400077,-11.583382622182212,-11.703337225906992,-7.630244473852783,-2.0299278016576667,-6.63562642096482,37.8067234068334
3233,87.98061735320951,-0.10003739761536859,-10.664904776835654,22.225237350362338,-10.456589865467103,2.1271921339610738,-27.87180355854126,54.015745636266786
10996,62.03795308063682,-6.7492273323888945,-0.6414809625508755,19.696719166679003,10.340777561168048,9.695251521060907,8.406951880281163,79.98148245651053
6907,57.23950698137058,14.837826219372769,6.330860992268267,-10.505155040600156,3.8110065392360166,-20.18405000261755,11.042547792170625,79.32728345258306
2290,43.81841084765122,-13.052171921312187,0.8448727165991701,0.9933577585391794,16.665152905409826,10.918881690824179,0.2533364998069153,38.966702223482045
11227,59.77845969303881,-0.12095598235292078,0.2148213937474332,-6.221692959027095,-13.22567141853253,4.384580104898534,5.843226822726337,30.208435344847143
7330,46.97345443089713,14.943114535326227,-2.603571219015313,-9.52316662480722,13.813693271127068,5.724682893381493,13.67282761082075,74.18723109574357
12392,48.89010115867858,4.578322740244985,-19.368416995423992,7.963753285227248,12.475039748188824,-3.9631257649522524,-11.147812905860224,34.362394647448156
7859,68.63313738306013,8.601864314534444,3.4328206771416827,9.280984705472576,3.8381380710210133,-5.045209010309323,-0.05095218328780153,79.35708856213259
841,87.21009134314525,-3.4797217185996274,10.303724532365521,6.002784365617333,-7.455849056225303,10.999452270241054,10.880579769679436,61.23469944396387
8710,45.32954773924472,-0.05136986389943189,-22.359764020997787,-16.88942005863773,-2.7672371247565373,-17.13991179175206,-2.8016830292074077,37.315116146822774
11838,76.00462791938959,-22.39539547480513,-5.759401019203988,9.005551178485321,-0.3829275400561483,-2.1679500116181933,-0.8849471833877136,33.64866157173671
11329,45.742957902318516,-0.311771401003793,2.1631971838617354,5.466178400962772,12.071014356071974,-2.789751644439331,-6.297923953108123,73.08851840364072
6842,56.13389530496744,-3.322530153659123,-3.23393986160253,24.799840718098025,-2.2143915378911534,-3.485335829205975,-15.02211381663969,79.03864817989671
6541,87.1183686747436,0.02527266252288205,-10.195854553347697,11.94872457168794,-6.384261440520239,-0.3256822712973292,12.237100397083282,61.58059970436938
2033,51.25954138103474,7.293095701183976,-3.6051737250333398,-1.9532010108550404,3.474890186015967,0.7867136950243236,-8.463723817785878,32.928261703790426
6884,57.55375779333113,-0.3953121059345996,-2.66591820605025,11.885097520901004,-8.389003761353846,1.4942291217893977,-16.900145126825468,30.600441687885034
6639,83.34199406830537,10.58084287944534,-6.231191784350746,15.605081269611084,-9.840107489703923,14.213241634080163,10.37425828810828,69.53283445598377
2525,87.98854185557265,5.0386139688842775,9.002089901277744,-4.479611806890676,4.621895828595891,-6.369300811924048,-7.486598423618089,55.75681961674754
5377,77.54229604623423,12.63794629454236,9.638664878629847,-1.1652874753101843,-16.32604126594321,-5.595158271836298,-7.918046788386839,75.33523114458453
4213,60.02700415512707,10.436623110571286,0.9643619366740814,5.635769801376455,-9.47944221053907,2.6607136797962623,-12.4231236108296,30.177403526094047
3551,52.0444156733888,-10.08796910620227,5.800344012277615,-14.326695564414823,-4.256194281214152,-10.988533755802454,-3.4458310083026458,32.52834736690443
9896,52.96929146698794,14.243121186314202,6.390906765698813,0.6557724814861436,7.955345066113701,-0.42877528800521336,0.40042399641816834,77.89945165993629
1505,66.95448116022833,6.184885785335945,-12.656125477596209,28.349856291986967,13.812037441793539,13.83100529594526,4.0249887995203935,79.6852603541749
11529,54.347618510167315,-4.038618447428355,1.495603486449876,-6.638292292196629,-24.8907255436068,6.286804684986038,1.7404087046201506,31.545015571218116
185,50.41147058313169,-20.50097923915854,-7.187636043820168,3.618922862074289,9.861741216285015,-11.846902845329048,0.5973923094817258,33.40071929159119
9572,38.32978603711211,-13.320941522426669,-10.73162320006091,2.4044307987423226,0.8321831276962068,4.7608941483406895,8.536452764861174,50.95271164539376
11369,69.82785478873025,-3.2290989438004187,-0.37175910057007405,3.348086424820993,-15.39407035786722,8.559951218471651,2.905298162462101,30.950459484971166
7081,81.07978476330855,-24.44056560201519,-8.14069451153304,25.923117911364084,-12.259652387727273,1.0360052850403207,-13.282778082875137,37.733808094648204
3484,87.99114391374967,-4.867897998678402,4.405662940337595,6.659634473649351,-6.489933229693846,7.868491740741508,-4.968056437698855,54.334623503381025
9389,57.15155045308488,-4.3920917207608525,7.290494582337531,7.8741118641737256,-1.6302318423956872,1.0998679242158245,6.77962920091034,79.30628803205434
11312,46.82519837988535,0.4484417694560066,-7.090194488944447,-8.701424861377626,2.4278443334500937,1.095304898423604,11.249689438606582,35.937581670996295
12336,42.6067389423213,8.950817584723367,4.957431086931957,1.9738567766391002,-3.2825366719431237,2.166866905129599,-0.7930829197094911,69.46080576708523
11100,84.95942229817712,0.36768325682834113,-15.401714507337854,-3.6098606965844344,-5.440266917350734,-5.949991651275498,-13.408184927733757,43.05078361019763
7836,67.51589317674545,1.1763681640248655,1.7425351335212769,8.830613600763334,11.60190824760521,21.226848259523354,-12.738799326882312,30.411248327411496
3976,68.33416312908793,-14.633138500168538,-14.902748451806962,19.28678550650702,-6.395613269920888,2.7334280873082277,2.6841608556728414,30.575694406753772
7061,39.63176718875913,5.440987298974772,4.216785420963133,-11.250308485727171,-9.164719198500455,5.859328475018419,1.1099526063064529,46.11598653312336
759,83.99768023238175,-1.9259414806564756,-7.89384796010061,-13.996175820585943,-0.8518213485948828,-2.21372529204006,0.051951970291096196,41.43174938104973
1167,38.21907704360474,6.713256164225311,3.144741628927468,3.9773778156128534,-8.623682230203903,11.382855838364321,1.6050481847609865,51.697598233224426
3709,78.09745100483985,8.49087255465992,-6.158991072181156,-2.231355755670447,15.057875059837851,14.157693448215806,-14.88240619717368,35.073460582518095
4031,40.00591128849531,-5.491675265252813,-10.153945133455004,-9.686834214589572,10.950306914798007,-4.994124891758717,12.551768445487287,64.81182370038582
8434,54.84178260163045,-2.542940483695718,-8.884138217940881,-1.8441692007929014,-15.065844521298008,-11.12943096908436,-2.5657605089075664,31.36859105171805
12724,78.08833916279012,5.111585546520078,-10.918275575524095,7.244168972893503,4.149454097481612,16.70465557307387,-14.332227993188141,35.066560223869686
3238,43.645225551019124,23.03539563610802,8.340287958885487,3.5065600380125033,-5.031215514024875,12.879382793323273,8.200796024743594,70.82380188289392
8496,65.7724743179855,-7.539291262569064,27.629294657033476,-1.1606031992195134,-14.205534162818536,12.602798935357622,10.147433441998537,79.8457921217278
1683,57.22594565025482,-2.618538346774024,5.493569994444261,-0.49631566034221697,-0.814935243935436,-9.39371351302343,-17.96313370107431,30.67593174721406
1283,38.50145600073797,-1.7356128021043142,3.4177969888141684,18.649922167669278,3.2277045432249856,0.34186317048489256,5.289845067251207,59.98210215834864
5246,82.95341540379661,1.6402159769835718,1.7321129836473061,-0.17371445870587593,12.256460259477953,-6.129720081012929,-10.685532479289925,70.06191268476657
2353,44.47064113729123,-13.680040491682682,-9.84890167570057,11.20515804793367,-11.636927558104574,1.806901713602733,-1.99201329713314,38.21718557163442
2376,86.30874086172659,11.011466870082188,13.846121949475386,-13.956287602431953,-6.059775320034032,-4.2811000232455685,16.77217828845446,64.0389490230268
2199,54.99849808115736,2.1110962093132284,-19.591430298215453,-8.948567166158398,-15.307030966060298,22.239479055402263,7.280962955891703,31.31506877690464
12280,49.76284711198542,9.400814128992717,3.9603858673769032,7.0117983635675625,-5.284088713625891,-15.242393936965865,-9.382558795652686,76.20796509378793
10345,58.576601339800185,9.330680208571493,17.801628561442914,-4.767825548417221,-5.635830187111632,-3.9365410349959635,-11.786791689724144,79.60555921520465
10451,44.814632897654604,4.9299836616115265,-10.816994714223435,-8.175571591329735,-1.6751443165545086,3.321065979007274,3.0697858768141355,37.84504668170345
4101,53.7129396577275,-5.866590517461607,-3.9369288981126123,14.963007778877655,-5.122729912007365,-1.5518051033295346,-3.5603935063158647,31.789000232670084
780,48.349904886363845,-3.568334316554314,3.568233328578475,-4.988859660120866,10.029957739669387,-0.3816125397042748,-18.326146404594283,34.74229249985542
11191,86.27821275648444,-2.1480917708538927,2.025807332036729,4.599909690636873,-6.169607815042363,21.685679504421763,16.342800881303457,45.8827191079881
12701,64.98994772513296,-2.6454827272106063,6.212276505485041,-1.128544298412767,-2.351374469545754,4.873531908251806,-5.972380864024921,30.079323683911824
6621,87.92374685279917,-3.2156168747069884,-26.757592406125905,5.1020160212185575,-1.0070793127912512,-2.8391081242304583,-3.834042205053242,53.0488867747915
11158,72.63306223748626,-4.925068993776991,4.561879893555986,-2.264397254771206,2.9724514803525244,-0.21411753739967476,-11.094319911693605,31.93045054777367
5558,40.177285076695085,-1.1636728097095959,5.797933247862327,-20.499391774085712,16.46482892549421,12.972365831098287,-6.583648096694081,44.79589869074424
3617,60.16045791487967,-2.4614002645679562,13.015487925099741,13.902284371416764,-8.574932634971582,12.798198494960255,-2.102812388762648,79.83821653715964
8361,53.26027350521356,-7.5991813897031495,-14.003553812341165,-2.6751836278836953,-10.027571641718371,2.0789493999308326,1.250585717776067,31.975280071046356
7182,64.40501263816883,-12.369326728622866,-12.348406435774228,-8.21798830495707,11.343977946213354,-12.390955311576125,6.5751302401777645,30.039512434918546
3438,63.912165759280946,5.600128109451444,0.2594051898216331,-3.035656706861818,18.403133010268203,-14.116471446975698,0.18340157290345915,79.98335353045294
6718,84.25903255900866,-5.893653905931209,4.441948566174807,-4.594390179885296,3.721645079283846,0.4868844335495109,-0.014808569602400987,41.84501863722302
12270,87.13865223994465,1.4037644142352157,18.517083030389294,-20.1171481621935,18.69948329740001,-4.7035120573472335,-12.0236284827772,61.50580264371855
356,82.91715066740878,24.45914590842002,13.21548864292079,-11.43641078545581,-16.914514151700338,-8.280880807511485,-0.30288052158759843,70.10983485322517
2777,71.053058019666,4.0684891713776326,12.936883017064742,-2.9802382567383723,-9.286271193604982,-13.890883732745392,13.72305812636095,78.66745141606702
2793,49.339235090354265,-9.003190528264795,8.654226013345856,6.552577818777729,8.046278931246377,3.1767680400011016,-10.810296360848675,75.93760975095753
6498,49.078429806481715,4.221183282989855,13.312539713973505,3.980546354679466,-3.9044845982587524,1.1432513924498353,-3.1317313311610135,75.76511216793551
7419,51.28968243865943,16.75282947402558,-0.08934358070980875,-10.960942885937087,-6.440264699791381,15.354800997095023,8.589196050416462,32.91225537515071
12086,45.318276309126304,25.55593728229426,-11.455631209192077,1.4081685042133443,11.594706962073786,-8.20160470698564,-13.741108922991032,72.67361443846718
9532,86.93229189467476,-12.255959702765296,1.9939873519100701,-14.696680560885437,-16.28622649614243,10.03950836033699,7.7161054765255095,47.77190172534402
678,87.72426126125849,6.680662214420745,17.834707559372138,2.8840393760826033,6.717079865868781,-2.898748667135711,-1.1264444112453544,58.702823933841934
7472,71.81157347253556,-24.220866598071705,0.7681134324126359,2.573299104807896,-13.223830733144004,1.9801772640711692,-1.5438687245804374,31.60435568448461
7066,84.18691459324498,1.1724696327123876,-13.191520535674092,-1.4967502870557712,-3.82471034982306,5.53628327889636,-8.40169013909879,41.72918050689623
2349,85.65539362227248,-10.351479068552155,4.501796110945548,-16.90994128958996,-5.56782022744642,11.677488443428519,9.264527820161778,44.42961023330288
11300,81.06525436381212,7.6120520917484,15.704960525225163,-12.783883179377003,-2.967398456852685,8.642621368531174,-3.199075300473983,37.718605820977075
10677,44.140356547223156,10.690079235697356,-8.747146399513115,-12.929605129552735,-27.498334154037153,1.5870656647459758,9.155432587790573,38.58921547170485
9954,80.31593432644694,-12.017257778441765,13.76325951217833,-12.105062716617287,-10.027867683684233,0.7458012686869931,-2.4251057953167807,36.96785042203297
7481,39.105457570242976,-8.956141200895884,-23.534620842450362,-1.0297279036655267,4.654154926655525,8.214206458906052,-1.9648225604285305,47.648072220666116
6579,85.06114069067675,3.9539913503993134,-22.546649130205015,18.901785477946966,-6.652974538234229,5.540200711320564,8.255645946996854,43.23963982583159
12416,65.28927920108262,13.817449237943631,-2.891381449742789,3.870158096313858,-9.071951688501624,-8.448126464281607,-6.61910407247867,79.89496336087865
6550,70.39047042382296,12.704519548551696,9.847122042103077,-5.317607503041403,-0.6548477517674238,-0.675663015556694,-1.865606931188557,78.88264949528418
8192,44.14364510167401,-9.449293051204599,-10.046593687172077,-14.420622069213154,-9.945752422880396,-3.1589463138554805,-11.247698949438652,38.58543695530163
11570,87.84803584277715,-15.016061020959482,-9.708402010718562,12.721936167134318,3.532064499003176,-6.2436685133776475,7.873264526995706,57.752292636341934
5975,68.06813137610877,-13.57984731099225,-2.6927134344198933,5.6309385665686325,-14.933716448800197,4.155610363704634,-14.006085584267955,30.51910858742064
4892,50.620006271446144,-4.404220727671348,16.591553157857387,-13.966866595700623,-7.890855612012495,-3.137760564868512,4.293732813341541,33.280521293526235
3143,80.17200572555294,10.709370153015499,24.48451567561004,9.073524988813276,15.280443052389266,8.228865588846894,-13.88858869119372,73.16926579038287
3693,76.60540885305123,-8.744859230987498,-5.069938908098459,7.144482217934867,8.241269287962455,-2.723916554210897,4.604949404063029,75.97362271857952
10881,69.81021551939448,-3.072201041980347,-7.185986095013086,-9.74209009449836,4.020758085446341,-4.446419031583634,-25.8100528218724,30.945458545642598
2944,79.3494767564222,4.127854123169726,1.4805382738411752,-12.207457343914765,0.9678902489764264,4.1253965740464045,2.118589705906871,36.08718398040075
10316,77.82172197957098,6.711455899203419,4.0603150338747,2.120060212300274,4.677866247507958,19.069806134775906,1.479904454069134,34.86752480293835
5003,46.97736239909835,-8.48035096714626,-1.2735717432071048,18.738376703318767,-2.497522491283964,-14.40027252162761,-29.277184532980733,35.80950536567198
283,39.5758386864859,-20.040908358158976,-8.63597643524336,5.761181668203529,-6.245125661271604,2.5806447777454395,4.282069915901427,46.26451679879874
6121,58.30227067138568,-7.982952537047664,-2.0531687705223587,-2.7123659137961247,-19.530044129087326,-1.6994162041884417,12.87522399623192,30.445339767060982
10736,43.94808620685865,0.30126956151444995,-2.7239417465071276,-3.288135206756708,-15.644107739088447,15.990600487729324,6.8537680751928844,38.81282665754424
5694,45.2514724012422,-2.281746879429083,-12.276577594404273,4.63751760318741,-0.22057956061944436,5.9082310274018734,3.8940675204969546,37.393473707851044
6143,38.756195081086894,1.9951472021948269,0.30356984595126946,-0.586045526552387,16.286617505250323,-5.930486290631536,-7.202926632085629,61.102288345668754
6208,41.42286033686869,3.3383952708472044,-0.6919482833951198,-10.731518729699427,-16.474437602084894,3.3152512740150875,-17.27457056403334,42.37355774742047
6553,54.49091693934712,0.7576893380957773,1.6542912423533027,-12.420381190649831,-5.23309770689662,9.660563417426527,8.381645094657072,31.492649969277476
11707,68.60547922195289,-5.471199950877194,-2.368359198633242,-8.629828406260732,-4.16669221653591,14.2246291978729,5.0141947202706785,30.636531390373527
12755,48.997090965250926,-10.723287609249484,25.720035457159124,17.10610711201198,10.870356624545877,2.6853851132111823,5.636733735270804,75.71034858626341
10562,41.332574867860394,14.841266993198282,-6.6468310514402384,-14.792719007939887,1.2887041987109429,11.659293831943167,-0.26498055719618374,42.52912640818114
2819,87.98239164765968,-10.19355189978376,-1.0283421050985693,-5.324826951728069,-14.533110758106957,-5.821189442642583,-6.417053023846605,54.06185951854546
2011,38.99567640585564,5.746881024702488,-3.7393552158472927,17.639434986257307,3.926235325749518,5.915839687707546,-6.161200030883359,61.98515918126454
3600,87.908547166079,4.364555187993818,17.341270796344293,1.5306843016843086,-16.001156888616002,11.85792245565488,22.659197599018704,57.136417111712426
1789,84.7778234213637,6.62678712832148,10.597431655501175,-0.44627038864814955,12.65862724967872,12.61361190852938,-2.3263780154769678,67.27706834011697
11204,87.6713232503991,10.513260869614605,10.517643212259136,-0.709951400516452,2.2116321430160033,0.3519741342856678,-5.519803377050146,59.04052089145903
5551,38.151594734027235,5.944983402232974,8.340571529259375,-5.034186190345265,-8.011672735985604,-7.628111173228319,12.15950359718474,57.74895539032137
2032,72.68741968902603,18.44255831598816,-13.94104254446914,3.4066192072331196,-3.4762656587382468,-0.3984403086644033,6.455247336456261,78.0467763422278
9426,66.63570646446672,-2.3135370940470605,-9.012235626002843,-6.216152368043353,-2.2027086450176796,8.178108718860328,13.281123604212137,30.26578001019165
214,78.03175426259286,-5.15842328947357,0.7681176884782845,5.773783969395852,-1.7027110367038167,3.172337979013463,-3.6323835687855817,35.023855131957475
8199,87.80621278986439,-11.078249843076469,-11.773395347147984,-5.769536546510513,-9.28656587887094,-2.4554585399490314,8.765612203660645,51.89326424941413
11060,79.32610584869427,-14.930619890579951,-1.5190423893821086,-2.360545057550037,9.355596565991016,1.483469440861748,23.745258631814842,73.932994158802
12408,62.4472197223913,-16.828706473610005,0.299222978360834,-8.145499043394677,5.256987912428,-14.470581322889993,3.2002625726976976,30.00611206785373
8537,87.8433120258305,19.232138078521675,5.745702478353526,17.88991660332105,0.5326101585234079,12.640641154531302,2.6750400500981146,57.79461045357411
6317,43.43876002547688,3.5145531893200315,-12.022436742906839,2.4126673693576466,-0.13250191044679888,4.670400087453788,-12.37596778857073,39.43215202222482
5379,48.15636919895005,2.0073977784593167,18.918171362290234,-8.537196121957514,3.199747470450638,-13.98025662069291,-5.4466104649787646,75.11632731494795
12059,87.61311002702402,8.7790367009758,9.164757307192959,6.224154553823147,10.071806778705428,-7.840949519278487,-2.4747044058753884,59.38118874252293
8582,38.09705699977734,-4.756328767599051,-9.230225572035074,-2.6674343998502175,1.2182531333207742,-2.5153123925241494,-4.229483908581494,52.799220609043
4199,87.44771656490926,-0.12968314449631332,13.55208324312837,-3.0520535790567704,6.706941854228568,-14.5165457575808,-7.343340878462225,60.22581618140761
5620,38.98918069698249,4.364320495537598,7.553584661151379,6.249628788700649,-8.66980432366726,10.144725949844581,-16.141091239367753,48.037201970626924
9134,46.54756651354627,-6.1786690043571335,14.728509353055637,-5.20127187259822,-3.447335377033851,5.07619828358691,-4.815591024821979,36.17667849783636
7556,77.20304262360685,-17.228602304380246,-16.208701019904495,12.84520400655982,3.2069376815058366,-12.867897381855823,-1.9454609005435042,34.42638631081046
3105,38.00757550413179,-1.8017483006787334,2.1416802018058863,2.2468562469899447,2.034505507107896,-14.36823502467961,-6.184395887664655,55.615400534876905
766,77.53316810283997,-0.5979736054895552,-0.3218569517601169,-7.930136757078836,-5.190390692797474,-1.2748674032196825,0.8041055465645703,34.65824430157035
10415,87.57274510757065,-3.3520193290628013,-8.963183200062256,7.256203534283353,-0.5619416096363967,-7.361622858281583,3.636051093473065,59.60219489791148
10945,84.69523062481986,7.189566500739188,-8.733521413632127,-2.052714680941892,-10.797068885632811,-0.9395706496334713,3.6957954094295946,42.57756190855118
1081,87.80019679763068,-13.146794136312431,1.5095388890413994,11.56832583194012,9.706805839976962,8.516401141356056,13.21261502348966,58.15439991104318
1788,61.33883862674694,6.375455422204936,11.64546271567348,-11.645389169952672,15.460797508297976,8.231892280616213,-13.01052703244766,79.94474980616187
7637,38.224117133694264,-4.247587497913586,-13.316711308680013,0.37285550593828204,4.071010611894897,-14.08642900628259,1.3995955770288793,58.34000422082036
3537,39.08461345267226,-2.2134990669732297,3.695633576977922,-10.520771792792567,1.4591041833161094,-14.111921354642574,0.48291966398794467,62.28383733288266
10233,84.30246128625379,-11.620629163366479,-10.817331721495387,-8.962613193318674,-26.646796644334895,-17.648665510879336,-1.3240343656167262,41.91546167617449
3888,75.41740498931217,-7.670067995955626,-6.232146668011409,-0.03362380283573472,11.57342276660964,-1.9625822238318045,4.645528573054341,76.69811174575808
2174,60.986380059194445,-17.47869856038367,-14.384648967976684,-5.9995255290091105,11.832274685892838,-10.015096240887253,11.161321990370226,30.081225256164977
8688,75.49110538351172,8.063627507528846,-3.742020390258603,4.984670958921049,-1.7364236964166702,9.310278303422418,2.1469023078478013,76.6557679683267
8763,70.44260394819959,-16.839437666511028,-8.776339649067488,-14.454527944803111,-4.9810916790463535,-12.713892025165661,-7.225269565568776,31.133545582339973
11291,79.95166940665496,0.7518128595461127,0.6747382688620844,-4.899806864156771,-4.036459312704122,0.7063413510409826,-1.9858446925445827,36.62499239925386
12596,41.07751410636549,9.922906851933185,2.429413574257551,1.953456249649586,-14.282083992572092,-15.041388607466953,13.883856906019636,67.01684701755815
12779,50.26637005648706,-2.4341322446042097,-7.484581722756818,1.1061167245799908,4.655677977525036,-0.15547901647524737,3.1814086471377183,33.48594253838503
8855,71.86240300886774,-5.549483243198685,-3.7447535809278625,-10.31911367846202,5.510123396703626,14.055401522958373,5.316458450927754,31.623562869666987
2907,86.82744790861162,0.6186305732258587,10.28743751501909,-5.208831644843045,-3.8605398843385648,-6.220521843362867,-10.59514142609788,47.43344687705162
837,39.78424937701999,8.429109217733066,-5.4704890822352965,-7.023260223292912,9.965181211762205,7.540152546892478,-3.000970301093911,45.724822211321055
8802,86.18121256346777,-3.904910330025248,-15.474769452046083,-6.293629472373567,-2.1393410945458404,-2.124039590955635,-23.867449077195545,45.638836392449704
2245,87.98907505017439,11.054633273460034,-6.443921515138596,-8.452702290876859,11.286502076442533,13.347079519684236,-10.880765352768552,54.260995171361046
3890,62.34255491887239,-12.445390838874742,7.089110660641678,0.13852719461073565,-2.651438565122798,-8.119204166221438,-18.755605207924802,30.008646175821106
8167,77.8455369038024,5.064880563970451,1.4810385036347364,-20.134588969561843,-9.94448291040433,-9.913398546451907,10.954613090312899,34.885079318132
8000,63.49725350370291,31.615340975963324,-7.18507607421474,-0.6325635186014953,9.931672072910104,-9.69998487344444,-5.474869890982806,79.99505428986012
11952,65.98209645557203,-16.87967316936549,-13.544555221448203,0.20652194202764565,2.699098160751138,-14.432510694688157,1.0036444084113707,30.178495196107374
11971,67.55438044263113,17.09835844440361,-14.715953606486261,-10.381004539605376,-18.20973087511521,27.630744904887962,-4.2858059927122225,30.418347924035313
257,40.811204672836496,-0.6167908903535791,4.501044832945469,11.481513532365266,-0.1672616401792147,0.7283692737859692,3.351907960959288,66.51769777035528
6042,84.4374757298591,-6.0160843642318245,-5.144597643217056,3.7979039532235426,-3.7773505105296934,14.322523462778063,4.333076761519239,42.13786042947356
4584,41.498391052943944,10.063031598904857,9.347502875640124,8.32483926680954,-2.5426701890036,-3.906499482866504,8.155613276665582,67.75463886936353
10320,71.34133610955024,2.5752266383745424,-1.1409052891865783,-13.595665251520115,-4.318862335143047,-7.5412810116220195,-0.5975860570041099,31.432604897708504
2998,58.61619469593545,-1.7646503744682933,5.133365059147971,6.415862819255954,7.584865768750539,4.08520551748526,6.458296016243567,79.61264412971624
1591,87.06382365280979,-4.611629001958403,-5.295648138632383,-17.2120327203893,-3.2364757486919804,20.89831666903441,12.444385624760956,48.22265603599226
9403,51.04341811328251,-12.65754541997514,-0.39251971395095225,10.818652011545364,12.800840483387576,6.846954427982787,-9.799859008730255,33.04458723717043
7170,87.07784418275436,-4.525404977871882,23.813968784007848,8.813690339997525,2.090178213763315,4.298919869462682,-4.658209232978883,61.72736348884182
4631,77.17007638175,-7.714207174054365,-10.333409859979659,22.258453155467155,12.506364736725693,-7.048027424950609,-0.20658814921526492,75.59633305555556
5056,87.14088766441263,8.713420008365965,6.336584238777345,-14.690853202514765,17.344107200856048,21.525223684832355,-24.157712370825436,48.50249718936497
11111,54.88104658897092,0.21661138192845114,-2.719612793992958,11.1111171877745,21.004081803456437,8.582792972359583,4.996312949660437,78.64492747947304
6144,81.89846994653178,4.026188697835755,-4.503077128864489,-9.082440466098614,-1.3252483365861514,-4.125878514912198,0.9455370191494715,38.63394263483
11459,56.973803151540466,2.999233625652484,4.87960695789227,-0.19030217101482047,10.575810703409989,12.543335210028353,-2.457023032250966,79.26283065809957
1132,66.4658910512649,12.973104944605126,-4.273381329629398,-17.37313254957224,-11.651630457801447,-4.413640269797595,17.480690108015605,79.75858637363535
10334,38.27011072328955,3.0206334248849824,15.386724781220881,0.8458870699387199,5.873283065767952,-9.562752053833464,-11.418575170373252,58.66504793442615
3208,43.9254596078734,7.6037726085400505,-13.628386502752774,-8.437659199931959,-2.6229308573201617,1.1304063631864008,4.808572110244399,38.839495403016315
9899,79.95517268455596,-0.923636914469844,-5.924796115179607,13.307512760935785,-11.5360617816148,-6.48181320786438,6.8722001956489,73.37177507038685
9183,85.6318094394023,0.4723967123252596,10.429466500150788,17.233364062241296,-16.78285982733367,1.061234672228297,4.488673348874063,65.62079100154884
5653,87.6698215845613,-0.45890577705679814,-1.1870596943150256,5.719936692974311,-12.013360390367488,-15.807749776887466,-2.677565469546957,59.049679368285
8159,57.440752109359806,8.697099948088535,-4.5066396653835294,-20.930107879377058,7.936821102985242,-22.774287159707555,-0.09597246167208223,79.3740592206225
2561,82.22926270730913,-13.86679549606892,-22.217473165422852,4.726404206699696,-7.589542914121818,-2.8656459421770606,-3.2875712418750505,39.023909873398615
2609,40.01543102046316,11.156213512155784,-5.898184393673731,1.0760167976939892,10.073396902851336,4.740360245165027,-1.6300628695322341,64.83410335642823
7077,49.910977845432384,12.108019845624263,-4.501996603243055,3.785873553803034,-0.07914386816330325,-6.828561542192749,-11.967726429527236,76.29970654814845
1316,65.24542071349845,-3.9028349422208644,2.139813243417147,6.499498729971443,-0.4454573860106937,-1.891999146545464,3.8880470400263194,79.89895752475175
392,81.92961279488138,1.6763359362420391,0.2361599910990614,5.37786630824254,17.419746489286783,-8.524711927600869,-13.535090245497717,71.33002631461025
9230,80.01285926210244,-4.9180644482389715,21.126320305808896,21.83048801637257,6.6833220720990685,-3.365048245493592,9.01910955941137,73.31836836969644
7050,87.63166753605545,6.944724223031189,-8.827489012764667,-24.43008790915065,3.0068901049919865,-4.360953098150658,1.5612488531518878,50.72437672458947
8216,53.97348683015853,18.95849071065073,30.329403478056868,-3.243944199191077,10.301848758322777,2.0761447126807058,-10.913211968130375,78.31355957366182
8105,40.8058115696356,-6.923610710699934,3.463737986527313,-4.516988637921963,-20.14802197894032,6.288199427599363,-7.093662056253621,43.49269797400455
11904,78.16273523514994,10.677629248847424,0.17777503796280675,-2.4358438709647148,-1.6771009674674755,-1.0107939248438895,-5.779496694940134,74.87690771193402
3556,66.27712525833205,9.74506422470971,20.177818315100687,11.495853021973208,-20.17002896191483,6.5335853476667305,-7.737058880163119,79.7842782836459
11362,52.31716684439367,-2.66067214070095,6.230520558004638,0.1523131552794757,-6.560787010716509,4.7531172085682964,8.667729926317286,77.60259002347912
9814,40.60547397258857,15.190826994523013,9.83002356531443,-11.263678014887047,-0.30789346337288237,-6.629093364880523,-20.833722546286,43.887610337664
582,77.45713192441559,4.330859160718475,6.134698089788432,-25.68652486265458,-15.83610320675376,-10.04646671835108,9.003253782662528,34.604134327760356
927,50.98398278794862,2.09604602237814,5.718997968062006,-8.195217190595137,-3.6541204194766292,22.075498810419482,-4.009225165219735,33.077059267523325
9757,87.51769198713949,-1.6915260151684044,4.414781752692028,-4.987013550243621,-9.918912009545497,-3.5827261691810546,4.6064600756989265,50.11299891305964
10427,38.84486783390468,-6.529939459784626,-8.181676255687542,3.899217186274517,-4.361129798649735,-14.88133631821887,-4.3803282817795575,48.55565441348253
2112,85.59543445426812,-1.3623345876421613,-6.073920529025325,11.272451843481655,-7.320376417034781,-17.37769037101076,-2.739603126294932,65.69795970374133
3725,58.11884202734591,-3.851976906878968,-1.6359727970898452,2.556703034992786,0.08449958493909197,13.145192758913948,4.71452300543921,30.481144055115553
7688,38.038496191552355,1.1480596235255782,-17.80983468679023,-6.178294411664701,1.7665642524306733,5.50090935941844,-0.6002510085748437,53.61315912201375
3111,40.11544339227312,-3.8393805077594996,4.2040660125524045,-16.336004709401667,-14.064836149897955,-9.25059088666818,22.189577737353446,65.0646444978322
4188,87.70068112526157,-0.8620187921023896,1.8158259094862141,6.051221847406024,-24.305124234258265,5.1231658854568956,8.186317934658033,51.14301258128226
6475,39.649519835084604,-1.0855392915500957,2.4362739205492336,1.1421667477655566,-11.358198859922094,-4.85782915910882,3.4069292812542527,46.06943024953656
10070,72.10994465344199,-8.563834354449803,-0.22056113766655805,5.893238243703931,-9.413814598300196,-11.613671089428152,2.192009673569207,78.28108477737288
11392,87.12702260256029,13.862581944477109,10.317044338182777,10.027177057846579,17.774544824763506,-13.118016147850117,-12.304614380898819,61.548799915675005
6054,39.96447531650625,-7.8246509243837785,0.05038309663324199,-3.8486017841243214,-0.25530185420544876,13.657298301813746,-0.9576554514943424,45.285855541729354
12151,45.906703980728636,18.4683048374649,-10.684643544734161,-7.979987299100775,7.226114456241275,17.675780623016795,-7.02350247573789,36.75666611615186
10102,62.414753833043726,-5.889656621999148,-16.6590854929156,1.341955683998868,-0.18545978142033667,28.663414531895967,9.84475884580884,30.006851200297653
6957,86.8336536078803,12.437873917801692,-12.032603003125018,8.195651858259566,23.54197649973853,-2.459601072331676,15.709918143796722,62.54698321845058
3178,72.54472441522172,13.86854868869959,-4.953380670005584,5.97078288105391,-11.242772999647467,-1.0414255784613844,-3.7591392630057126,78.10623802866814
12261,58.7346251516845,-1.6315099377516784,-5.059639183064131,1.90238288955052,-9.864802648617735,-11.812028063027135,-8.90180490239527,30.366555713758633
6349,50.08867141313641,5.992341409080825,-1.3480737002157284,-0.5554569018961579,15.403192022943113,-3.3463353847556725,-20.48364020988759,76.40788626002201
12068,87.36154167018702,-2.385779250571767,12.688243516952216,7.21363905163825,-5.7366405642358975,0.3565283904322694,-9.462365418013519,60.61384782940732
7208,68.06172524774043,10.132318293405497,-9.92814313341306,4.529941288420231,8.55384473556156,2.282679115911523,2.0698633301630287,79.4822167606691
3290,55.260367289531075,-16.380715424190385,-5.987216783985146,11.452533255848302,-5.421205941654803,-2.8691801959451677,6.341240568313501,31.228208197381516
659,42.16226327075552,-0.7413341935855624,10.63706416568549,-14.127835966543412,-5.472134447994871,-6.413045320545207,2.2003807711740766,41.18737070638991
878,85.33151184302905,-8.6549041844655,-5.376421654190553,10.208508905983827,-6.58269949634236,12.617184799490902,-2.6276614393728384,43.76151350026822
12366,51.37628939856119,-0.5083288302597375,3.8224570510692497,9.112391196111009,12.843854810388883,21.82653461896265,-15.658265442199413,32.866555806788696
9628,56.644367801931516,12.269963105089385,8.574683046211339,4.783281353473784,0.4107064947582447,-14.893222434589624,-7.784448657121063,79.17862567150738
8040,53.886381325633394,10.727451774407053,-2.5287847085854596,-11.66942603873736,-20.151185241500077,24.54030917434767,8.748708460998117,31.720353210191607
10998,79.6235843719668,-3.4402440940745964,3.9432787627522687,-3.245218397147704,-8.568659776308461,-8.05376306172392,-0.6583420823345938,36.32765567401616
4294,39.60969411244323,1.5178125301635805,3.732235890559397,2.7864876066768995,5.119887728188591,9.991194110128186,-9.826233191780618,46.174265442099056
12175,44.15207962422505,-7.201285905825888,1.30418788863397,6.126509535438842,-18.669205356128003,-5.609845498978645,-23.82258850716663,38.57575275671827
4993,44.10264077685234,10.264308024067073,8.920617451274769,-5.259266116707314,22.59895211304252,-14.693047400538525,-0.996581733602221,71.36733986912094
3794,41.25478561260198,8.773727999204057,16.69719078315757,-13.516277378842913,-6.558133751118438,-19.796371819795027,-7.704190196031869,67.3347335295943
1895,42.671954372589425,7.834775825997717,16.307803641901096,-1.0852693312888142,0.79736658688361,-2.669837867695952,-9.433964754175685,69.55233867699326
8768,54.34195952637657,6.530478969602807,8.365559204190713,-6.03319298628176,0.5593397090132607,1.945865039113642,11.223526147845583,78.45289609317149
1769,60.17680188085635,3.4001744099223803,-3.355191053553485,-6.894707334137319,6.082375688765088,12.859081904828011,2.4033253619778354,30.159920443362832
3405,38.90927416138037,13.146744260418828,11.566916144489895,0.6785837519564895,-0.7588820994873297,-27.476710564123525,-1.8590633724648313,61.68108737919692
4622,78.63475818840752,3.128530291684432,-14.901878961648311,-7.281404945622785,-6.0935146651109005,23.681392732192826,10.283935650518146,35.49219806359456
7590,51.74058383181496,-4.508601323358386,-7.902466912153338,13.430666266790745,15.12885748960784,-0.9218121157280887,11.136433961228075,77.32096654608875
2150,84.1843273550716,1.2034493797106431,6.514162652296339,-1.6442025454121392,-1.3621892315943074,-13.012034988136392,21.95347729003992,68.27494913410838
5871,60.62052782171699,14.680562304942777,-4.477589428441084,3.643035620575233,13.142207178413114,-3.097746521030368,5.417425262503749,79.88650461902549
6270,64.09914705240374,-9.230575428851449,4.927746283423681,4.24184478904774,-0.38249988904505455,9.060903240573442,16.384430792804498,79.97582582733136
6869,73.49529726461307,8.547477144981631,7.033318273074887,3.1980868604192687,7.217387363660426,-3.2199586307979478,15.703192846296414,77.69027843212606
4407,81.97376894244167,0.2064247624492639,8.308710662642746,-4.957408996284259,5.718367960215734,-0.535395294976234,8.637072676209762,71.27870056604138
7503,47.554367065010155,3.802933929254513,-0.04783580240051984,10.475941753200548,-4.110692732620158,-8.109558496058087,8.314255598538946,74.6578845056521
4092,74.88517349103041,1.2557071571034972,-9.834882666572277,-22.51724441762216,-2.7486851678102484,-8.828081784678094,-2.126493510917141,33.005849616588776
5125,45.51004477669165,-1.7968166957796885,20.86141120193676,4.626479556570205,-20.327746767949716,2.6807064008027663,3.3470090024596533,72.86341138435402
4465,49.512038215966555,14.819294177099415,9.733144583679021,-9.979327950865613,-3.0743261697337116,4.041794590205303,0.46405244889437863,76.04934409696543
7210,38.28481052517912,1.4304152156847652,3.6473694239402277,-4.981628970370353,4.513596886537821,8.19744410931549,-0.33264945897562787,51.237100954888234
1742,80.20826410514601,13.290125752520638,-10.262707195734697,10.061513367204519,-5.6394205091016305,-1.703968613695467,1.3360718110705139,73.13492890770578
168,87.90703983895953,-4.191452851294619,-5.761485653007287,14.87751550389498,7.8105304071650385,-12.87447234156281,9.759503634866691,57.15391886116507
7249,67.99794868260348,-7.7364408456261815,0.8875345903052413,-18.512715313131828,0.6701659941186633,-8.241761743603549,-18.362594567815904,30.50468393822888
11068,41.41704474146316,8.631158964885419,-0.5427606495179561,3.0463227993976147,-0.1406382887454128,4.478513917159557,-9.419837800885539,42.383501186620876
4785,38.07127274957193,2.0952408239353892,-4.712922616457962,3.161236128754819,2.9302227342728333,3.6360443032606438,-4.288981268301393,53.113586027997805
8015,42.88105892190656,7.639892516777226,2.9320119643298757,0.7856456117185919,-9.59597024413594,-19.54416780567087,23.836746441181,69.8400879342477
7863,82.92985852405738,-7.555374043196866,5.911976156372173,3.819778539377049,7.145489827153479,9.59459226714609,-4.550257101550884,39.90693075577212
2895,71.25201093822139,2.7412975264903783,7.3945496449358,-20.38784070283432,0.006672378275323553,12.901253857022395,4.15520375570691,31.40117978636486
2785,54.71252687442812,-1.077751606979878,14.543418416200598,-23.32879626798441,16.71317381599265,2.5002844169770144,-6.12731480839663,31.413610085625145
3409,48.77721839833012,8.517363776772948,-6.605597483632231,1.7056950002228937,2.6517953821239892,21.48983004275356,-13.435224232131857,34.44002715198289
12107,53.615277264750794,-1.8219651330834363,-1.6809332214717991,-1.2478189740819872,7.1901499913130476,-2.3198342643429917,-0.08559243547971224,78.17168485851852
2480,65.21286107861178,4.919317220354449,-0.07621152447533186,9.969758721845166,-8.969207842124636,10.11996829512981,6.800326832177931,79.90187233616712
12287,56.26525000233437,-7.228891186723705,-3.3027806042097922,5.341487206122811,2.320777013986131,1.0397790077431162,1.3746295215585387,30.924220833606594
3378,83.25254420270042,13.063449605900912,-5.147679751218802,-9.740552408466396,-0.9357375083905368,11.27165157359967,-6.232601327707923,40.3427678834759
12465,84.66883133271213,5.860994514215,-11.278651856449748,-16.932868436047706,-3.6355719379886193,-9.672634934307563,-5.054234329508516,42.53156991941355
4886,73.41576254846017,-7.656491370862221,7.76441710264132,13.086945969901935,9.291620574454862,-11.664409713113294,6.309334634270854,77.72689795229641
5598,86.13681564939522,-12.471475410194559,-12.714126260392181,2.5710324835958516,-1.8670858241110646,-13.728932918788505,19.058388303109165,64.47036227426916
5578,65.8049762377586,-4.454650598651702,-19.97077579333078,12.90055996599641,-10.009940917613909,-6.516279935235193,3.9231350737486412,30.157856205520233
6063,38.680302368390294,-16.05630940056152,15.593841576053979,-9.594569150494333,13.955569412360022,7.769344637878386,-13.252388031683841,49.20756466526581
7517,42.148083190808975,17.9934783653822,2.940482197893129,-3.055449853251091,-3.559911971066507,0.9094933260657562,-13.749111908382423,41.208786660247156
7265,79.8687031232437,25.016964655108627,15.318055945732405,13.970823593754888,7.370190115309107,-15.215303883642417,4.8188882738792485,73.4512019917367
2077,44.75424093436504,10.115342357209558,6.944035572372722,3.5643452079476927,7.515532140460802,-5.749243547842386,9.507349190993628,72.090707303058
9806,39.458394759769234,-11.836492011926243,11.356393892782704,2.931719983073657,-0.35153479385718067,-8.90223072534453,13.98353300354832,63.41384708163509
12052,38.01352001694627,-8.389836735953107,2.3226571415518653,-10.496023617847147,7.185703649090397,-16.42238891611148,12.502743223805348,55.82208153881197
1829,57.732408298691276,-7.306404358981162,8.082726816523374,-4.284642298961694,-9.934834781470276,-6.376067585361753,-13.635104363181421,30.561250488858818
3068,85.60356483002315,12.621759884430652,2.563900763610944,7.018907189384733,-5.90280155358124,-0.7421169435388779,-2.442695897303477,65.68077042983982
11224,65.38441487812399,-8.948272704714082,-13.640959384626793,-3.570168835393843,10.575590508617548,12.442248929034408,5.671106622799114,30.11396846242895
5311,66.55618259577088,8.750660759136382,6.614568808388145,-9.384969135523942,15.525503922724495,-10.684419461251117,-3.7691844528636347,79.74577873790874
2392,87.48200189760165,-8.435564994080536,-16.619760049850843,-24.161303005332158,20.00157402169837,7.899341823468697,6.04880007159399,49.937235628055625
4564,87.32948469988624,22.685077526520516,-0.46898311199612747,-8.559379985131251,-12.779444720152267,2.8076953572116876,1.2851447425536051,49.24881105874607
1111,84.49853895638199,13.231262620713489,7.6486594262487,-11.442812692201203,0.865536623483048,-1.0473621565529048,3.1330812421436613,67.75981280195465
2943,39.12011061343321,3.7588169458529745,-1.9469073718545096,-5.308992839063769,-13.54579988886168,-14.278229137422851,-12.11373679722854,47.60061604690398
1560,87.91258010154866,0.21086790696719052,0.6778046441157528,-10.785896832425742,0.33000913238216883,11.05197103919015,-15.629581541597918,52.91113603029733
4471,43.24927504194358,-3.2805867615073363,-8.910533234498697,-5.935401242851777,-9.670645106839284,0.4219804254977174,6.265478943690733,39.67326311209045
5490,61.21399241879317,-3.9352848389032653,10.831305711757558,14.86768868056291,-7.088295904055565,1.6644657462579657,-10.648024518859756,79.93612193024151
2050,58.807416143123724,-10.691866344984762,3.954547694925297,-9.803550813091718,7.2731950194745645,-10.80778597511313,16.0201532898897,79.64593760852
11223,41.0401850686235,-6.249054475230174,-5.050593291623624,14.905700185805461,-22.684830245033922,5.634337916857173,0.6200152248558698,43.05150519187903
3879,80.33811102957858,-13.55736147879634,2.2728861955157917,-6.484395460031196,-1.9628400471773868,0.4431719773841541,3.4847752944481454,36.98917253633233
8115,43.21118699954313,17.791258524063135,-2.3986571948213595,-5.2964921074063,-11.428184681464389,-12.06448196779003,-4.64992088982081,70.27752859702606
699,83.6708302364931,-2.8919507909334503,-11.62211924755919,24.65225405807578,5.695957998514855,6.936862907787992,-6.009990190156463,69.06117979879649
8371,83.96454559759341,7.916429850055454,-15.837252869597492,22.500347479636705,-10.92707858187931,7.078738977388003,-16.5966701569567,41.38060838780136
12036,39.21201202045072,10.696836853826033,-8.790927133151774,-18.394523286474776,3.4141510893626177,6.206976880104918,3.606529253605855,47.31029078021678
1141,39.34633443882582,-24.962779127446275,-7.77009457327722,-5.523827150680897,-6.183926790632494,-11.60480931314906,-17.3973974688951,46.90653933597484
11132,87.99860135152362,7.810049813747417,12.963037868601006,-4.460757980369646,-3.482097363523775,10.581284138138617,0.6290990325574741,55.26444369457709
8312,87.93771710212256,5.719513657197748,10.630172859598417,-1.0871814213747415,17.1146040835438,4.888785971345207,6.687768444316045,56.763594549351936
1532,54.531612302268854,4.341389788361393,4.754629594771438,-5.283425445247449,-10.658427384909523,7.82771613151938,-1.4074067552498029,31.47795906387127
2623,83.10711040441251,-3.7791565776519827,-9.197028420208955,-11.330526893934971,19.083537203292288,15.26523682545475,0.7276041330831906,40.14388640374724
3732,61.02457683319135,7.146838244678505,1.5199415058988486,9.386748179543563,-4.138363570669094,0.9241509038314134,-11.836831346501825,79.92183186108187
7238,78.39223544009253,-6.3388983896106375,-7.282010320991715,8.970052770268623,1.4606073092979228,8.655312832289386,4.999589917893148,35.30027695228282
5242,57.520963572876674,-5.227464560724609,10.232766834454326,-22.085724300703387,11.48003407548826,-8.089772267320411,-22.754389537499886,30.60778485191934
2427,86.88406948286516,-21.536889272929713,-9.013580162616542,2.022669168420702,0.2512386590379776,-8.414341147438,4.537341207605187,47.614119894171765
3104,45.63078693468151,-21.615092193227014,-12.714875713870047,-9.078291855530702,11.945415457872668,17.70506242516133,0.4913072761296178,37.01916471652194
2867,42.87671967914252,11.587409699610667,3.269176378754314,-9.11132893856385,-24.9190711502291,-0.4085246270242338,6.78206381155541,40.16579664666181
9070,67.70562584347743,10.143988602053039,13.784456665037638,2.105609100667051,2.7839069572241644,4.330900588166949,10.205031353342163,79.55314817739666
9053,79.45117588327777,0.7900717162033389,-18.409929296933488,15.52466453414545,-1.9910210830946353,12.476999869938552,14.746380034751445,36.17557936993917
12345,87.9724962924382,-7.040488127890278,-13.892507279344402,2.527024062100441,-6.409378723844517,-9.275180978526006,6.894654749431863,53.82763959288937
872,69.78000118306004,-5.003733137509313,-1.7190795913538945,-3.194749710653515,-13.669859651326062,-6.011481431808402,-14.472149665983602,30.936924885673807
8110,38.91478991907956,-24.146829693819516,6.157848208730816,17.410612398522993,8.631494252062147,4.0366979327204024,-4.03414062435021,48.29905563685771
2022,80.71969222033809,0.1960361888201098,17.448261875704233,-0.555878724500142,-7.9376958145312795,4.624349127004358,8.805313666717433,72.63554670591444
12485,80.4433454098341,5.868614289412271,-7.576892838574158,10.2080764080823,1.570966495788808,11.004003609227741,-21.33779632315502,37.09107203339016
7251,83.70301912064109,-7.569754221007164,1.432693485561565,18.238120307730632,12.8849785230986,10.579066650747802,15.922210665148516,69.01374322907229
7693,46.034466087993124,7.435885525695945,3.916573075657669,4.878614047253118,-9.77974766976563,8.981417476880802,25.651425654792295,73.36220735860873
4076,73.98376887620506,-8.563496337694641,-9.064829377141626,0.6733412656488648,-15.64973293962895,16.79841331058923,-10.47171665639414,32.54211004403777
11179,83.90264916764627,-7.229680813314929,2.649485286032588,-6.349523684354378,-35.464497078065804,-11.744834071441186,-6.440539167602724,41.28580087010924
1499,80.27193470775282,-0.46547711686902626,5.425316961011987,5.298843817872464,-0.5408163291397071,-8.60603072431736,0.7878868974569744,73.07429864340864
7773,67.20316671602245,-8.496017936775111,5.919396694214749,15.703668270018664,3.2240567233126023,2.914602637455985,-2.7442254965614477,79.64413499308347
6956,38.19830161825284,9.388971624797662,-13.878626364999196,-11.275083877895312,-4.590764312806443,-7.706612821272945,14.40835905719429,58.142571778152465
350,87.12145854598494,-3.345252571153079,19.642623707291012,-0.593379303789102,19.26917944360964,-10.491390246062926,10.918871360097986,61.56926461746902
1655,84.63455359913632,4.967281452774849,-14.183661682722422,1.9483036675356473,14.9143448473408,-4.533313379914206,-1.8520118759946285,67.5278126808353
1105,86.90079622734837,-18.01128710082995,7.189153587111063,1.8050678842235033,13.347381468429095,6.904398224488718,10.080851277002452,62.331571434472295
8125,60.5196293055922,1.3240574424437739,-9.213705275826156,9.33789885235471,13.20786184739731,0.41971636449927197,6.167900284599789,79.87665092447781
7652,86.27075236994261,4.09255348681057,3.6070649739792495,-14.076551651313336,-2.5930781902820783,-3.2259582053044027,-7.037041958636971,45.86369417451395
10279,43.04029816206582,-6.576551859883775,-1.1708906099874428,-6.422821868642528,8.218825710531657,8.978643636632867,-10.865660112282482,39.946418946285014
6876,57.20280672115539,9.627393397882937,-1.6415288507863812,-10.54135081619654,-7.040397006283719,-9.051500887528483,-0.9770298006090622,30.68143610145289
7555,82.89428411064146,-5.436025773846643,-8.010000212148649,9.342979515582023,10.788405742131372,11.232935962217539,-5.298130762405684,39.86007068295633
619,38.62129557402173,-16.04547961965081,1.649263551667388,-0.018878935818380693,15.389659499110893,1.6229540299087182,-13.321296970293208,49.461158017167534
11950,85.89053428600954,11.107549747943253,-10.88948041631253,-16.192567588777326,10.045855508995665,-8.316999018160017,-5.425704660216594,44.94895825792064
2577,45.04040396116122,7.5104903893961525,3.8668881418498913,-5.1209535822979415,-15.086490841132909,10.730382628623467,8.114334812213112,37.60882666058077
6151,78.80904262690291,-0.7293653886763224,-6.4762322746507905,-11.40408911507677,8.423443395819731,1.2784495206242519,-10.898275902803686,35.633168270964745
1263,40.537670639375904,3.1712326570454015,-19.36273276242933,6.77579708267806,-15.99689975773554,4.2871816906433535,-3.08463830545018,44.02531277462339
5272,83.83015616729466,-13.81469764840543,-13.060756201424468,0.4340127443475245,-9.802939676326037,-9.156924147588818,-13.393492227874768,41.175941477043864
1487,80.98755090266334,-4.377382415266257,3.9659233313375495,13.780502132253611,14.053047197717277,7.765341064541812,5.936991239781239,72.3622582783489
607,87.98837839485662,-7.109107397727402,-1.3165670997007897,6.601006383099367,-4.122557627395125,-7.769361618875392,-7.805463686014101,54.23780239080497
12383,72.49966112027562,-4.014466583684037,-12.042064987273665,0.4244876434956912,0.6122833641411253,3.501502263499085,0.6994696276460848,31.875198625719534
5434,39.20534087624656,0.4916173572451809,5.33728531325592,-5.407675706488947,1.402232503492904,-8.798167926164677,6.52401710313688,62.66904147754966
5120,74.2614659542072,11.826605526522307,14.230568549797606,6.409076404011281,-2.935863993982242,-3.1972764341725295,2.998513163444278,77.31993244976857
12006,38.31190290981159,-5.264481895037118,2.694614774119111,-2.0033316702511215,-5.6176865092986805,3.948882676982255,-4.857246568977594,51.06326759031926
11260,39.087232030125534,-7.567181063870077,-13.264355169963446,9.04550776466661,5.036579148800447,8.53246353588655,-4.392402022019077,47.707570499556006
9849,83.08682927651094,14.164088342520598,-13.984061824697502,-5.346627349075767,-16.0992935678502,-5.468369041266325,8.061270236032424,40.116475900637546
2822,86.81392844927507,-6.7526903955776705,-1.1672401581675533,-15.424829688228671,11.776034768318226,1.367066162928006,-6.694015242695194,47.391004546406435
2909,87.85974563003575,3.735055107239736,18.24403743087303,8.238287196213761,-7.048892505434356,-4.649164576563142,9.921996078268315,57.64443703080988
3109,84.11138331894688,1.7530673896163527,2.5454125731464354,0.6002349793349402,0.35659350258240013,10.384164407990626,13.066604005578856,68.3906495122713
4313,50.851276059483595,18.306357886755094,3.594979464064674,-10.996127234806956,-1.081499098123611,0.332460512725512,13.398117973240565,76.84967978294245
1702,38.845965617788615,4.335453046005316,-14.093100022878142,12.150938193267557,-6.860450538160563,5.348509885043687,4.000403390650246,48.55154103192474
10739,63.57132638944902,-24.314192888572414,-5.563793194386021,9.836916312612136,-3.363000168270121,-7.117621378632579,14.663695313149043,30.006529129456247
9153,73.65974671319333,8.524826438098398,-4.855302989680024,2.236423780821894,-6.7852086654407096,-6.854958071176574,12.98067421623865,77.61348712628293
6590,87.57253443587518,-9.069987206252636,-12.496226437020695,15.342984782137894,-9.803181750693287,15.069804452356173,5.247541996326661,50.396680393701935
3668,38.202188516458556,-16.134367390236257,-14.518588420414114,-4.54728264488875,-3.7611891098287105,-9.09796896399406,3.4928061939471995,51.82690283370647
11057,76.42274086984722,3.177618388049907,-3.820195288313833,12.93491083496881,-13.923306280871222,6.017342614650963,-5.827098288046708,33.90900600870283
11229,67.283193147985,-3.639728119043065,7.378089987839489,9.149448415944864,3.160899733590714,6.996691115486641,-0.9621979354008372,79.63035234130959
193,44.347290837676496,3.5432068620721284,6.693957178711921,-3.6495712100175886,2.958856467142306,-4.266859849172561,-2.5809894071898642,71.6456132631325
396,59.35008422779728,-3.413692158220023,0.9667391485860293,7.912629858436535,7.579375651781135,0.4691637282665831,1.2651154076804525,79.73212718016438
8553,39.46405280617731,-3.371673844474623,-22.04428848640584,6.817034448496701,4.18728541516687,9.769655710284091,1.0007130140911176,46.57033869662667
5267,78.31461183331247,-0.013688297284451204,-3.9481630697647896,-3.9415699366846644,0.6497560083587283,8.216251985298273,4.532218707738566,35.23987185276964
5858,87.20512899515612,-0.01585252790303695,-4.328594149416263,12.06007835353249,19.074837335497676,-7.3006861425730385,-10.342157950698143,61.253937186113454
9477,85.85924156549228,5.344843286891214,-8.700184281234815,11.823615042102704,-15.516815614311913,9.300518513727617,-7.154531209835317,44.87799056261703
9115,82.3845960361549,9.021636423295394,3.8784345777368974,13.11380334535368,12.053983104364384,2.561506595879936,2.016326346873047,70.78725550927354
12551,42.773424116613626,-0.18843140121709845,-13.752777915561659,2.596422459167666,0.22616653496843167,20.714361268695413,-7.8606553646105715,40.30695307182296
11881,84.37901302438405,-1.9717611075584944,2.837653194567218,18.092594145785903,-6.733338672244567,-3.4152818179865325,6.073784414899514,67.95908183874216
2340,84.44871387828967,10.057163256497345,-9.390951527422306,8.479924647265873,-12.662485887021521,-4.269941519640193,7.784484316772938,67.84339024429548
10767,41.7460033769196,2.872833102436962,1.9376528590632836,8.161727292540732,0.2745964277409385,-10.835990340376238,-15.710009066957406,68.16311617916088
6105,53.64276014496559,9.460467838113443,-5.454537653827835,2.6342940555433385,3.911617456397401,0.681185822485852,-6.495251589855968,78.18279668839278
11304,38.76613333717991,-7.835999110479066,-3.640541661393646,2.594438745068681,3.6104207430237514,-0.7148452647100709,-7.307747577143665,48.85836287553091
7553,69.57923383606784,-21.289057966642446,-10.3459586592197,-4.877404339830117,11.520120602614767,-1.0406157152203253,2.8984395526994695,30.881258695148706
1524,83.09809267759972,-6.9421693849566815,-5.778696279519497,7.554446203274166,10.047295811076946,1.3811438772842088,7.906225976515749,69.86831095728806
4578,49.143039414177295,8.317907216424555,-3.6238061178943393,-4.485557249972575,-12.227867376974004,-2.927631787543845,-2.569256955153692,34.191716953987864
10594,39.086820283940156,0.3308053771153545,-5.7533347835769755,-3.5779386750223634,-19.284155950060047,2.4666387398498237,1.4990347816417036,47.70892080228009
3676,38.29517548074716,-8.641539168706252,-2.477590510878184,12.845730047981354,4.693028322874096,6.256773827738118,-8.729280136371694,51.16964159993823
2965,58.18808769973356,0.06251840233578543,-0.7663302865406464,-8.228482665655687,-4.763776863634202,-6.0591399079709465,3.0518117943098604,30.467460383919796
4901,61.45916569335787,-28.03923864149098,8.019481543692974,-13.442749203436186,14.827820655861597,7.171048004284128,-12.232144333655839,30.04752858654128
4466,87.3846114166305,-3.5335955236205745,8.399981633452875,-8.598099827277725,3.900404230744723,9.207649232557971,-29.384372007129006,49.487221566221514
11167,41.633566724493875,5.497395855176286,1.0389680595849766,-5.977339679917584,11.102282334581734,-1.0369604656345086,3.6097936053389974,67.97981236703153
386,87.29206164549052,6.758899927962952,1.4907004614650057,17.327387340398253,-3.417586796351062,9.394724989786155,9.954459041843975,60.907261718570496
10361,38.95459260982011,-14.258358322873354,23.094091560216494,2.672407681453496,8.352723792628161,-4.735934267868551,8.219955509902233,61.842396030652004
11207,38.01044153119167,0.44721163056859864,4.145957266972314,4.969629724522235,2.691579644723483,19.77135417387611,3.266546341107181,54.27752679356967
5192,87.56286968477585,-7.036034881280786,0.31167865216574214,-6.209456643103675,14.913552742234241,13.656027855901328,2.4649305815839524,50.34538585393809
1340,85.29245368440843,4.693541926534296,-9.67304176191103,10.161708971810391,9.666544269307703,7.741632043523616,10.87470936383449,66.31576372714211
3158,38.1468682207611,13.714782524219206,23.33102765992425,-18.7689852827448,5.359527888265907,8.559209305585945,18.731494959623394,57.70589001324618
1333,87.96996377629078,-20.62055421362823,-3.3671873828524563,15.25358965521554,-16.41822950423997,4.043224704148483,6.882332636866662,53.774884082739064
10667,82.05726166881882,-17.905066436369346,-7.696313737683412,0.18747783930422868,2.8191351040004915,10.280037753855186,-6.139802664436779,38.81912308661336
148,41.72848590923783,-0.9785165772999258,17.234774648920283,-3.1785330607697264,-1.3804618848274561,-15.352446488612276,7.392246161814185,68.1347892364707
11087,38.88291723410313,4.306722483860818,-5.499712830527894,-0.5962560259590428,-4.887594758254787,-0.8081713371608414,11.032572906337627,61.58531084026262
6233,38.057051725089075,7.479506056006462,-7.321866232079498,-11.64622041756678,-12.800796417703136,-8.762890558526003,-5.560437916728356,53.31200374552604
2580,67.42437215468304,-6.938407468356429,-6.548383550927771,-4.674154674678523,9.715366292090819,8.488963703306492,-25.100807173726874,30.39461581204501
8255,83.29789392381885,4.646458602961504,-11.315542883753803,3.5082151787482747,-20.534521445018406,2.7001902424721456,4.905734357268211,40.40563457160957
4794,86.94221017747475,4.249555998896836,-12.066103427934742,3.4076383354156023,2.587936893169215,0.17107651898367796,-1.050640482828455,47.804823016935266
11794,65.524199879624,-14.7660120084124,6.369483119378154,2.0091264450901116,-6.153655791709573,-10.059701696997854,8.901769126853598,79.87224185648945
1942,87.09593605091874,-0.9940204348806403,-5.502468342337611,14.215795333310872,5.89328277051985,-20.732495715028293,-2.035071928129211,61.66227182198646
11870,62.305155894972415,-20.837219066872457,-0.8366493453634245,3.845798095326624,7.5628761770838455,1.80893516837038,-2.873608278015873,30.009658032157535
143,68.88891199484554,-11.601544223373324,-1.613313663767758,-8.047180252425758,-5.167353868397326,-7.101603359804887,-3.506908522349878,30.70348346949785
10249,72.77260009065479,-2.9075036077678225,9.035638387951355,-11.767537917015185,-0.3900584262152996,14.264266480046356,2.891985719715295,31.98921367123379
2681,87.99998059381163,-12.762238395352224,0.7414703843574194,2.2273901802204046,-18.373439120180052,-12.73614693147097,15.611715603005695,55.031149783980496
2692,56.50513938534014,13.375857333687936,3.304789273647701,-2.522181734569484,-5.722604800232739,4.255508370314499,-3.1098748808031242,79.14159865452451
4496,76.35661435521878,-7.465585915741731,8.134110731438671,-3.8617718061685697,-7.764168828248637,3.730063810426114,6.560316575493763,33.867067099761954
9468,38.43402503674946,-17.165717084386785,-6.439375402462279,5.6296324887644955,8.000731045835492,10.424937314323174,4.019957033958123,50.36180270957049
1059,38.02118140633597,-2.294759449845932,7.05487942271046,1.6830517246243266,-8.701728811305827,14.12862753498996,15.865574641763672,53.97110658237884
9686,68.44643582699025,11.816560734453972,10.496849750595885,-4.491000396114419,-5.0036397608611205,-9.022800143917543,13.922236635931895,79.39951509318325
3306,41.428752079563665,15.411684198220868,9.469137237017307,2.554962036354029,5.15602891177701,-2.0971921421523723,1.274581648348211,67.6365051796401
7467,82.87559343084337,-17.827885533141952,-10.391410203762074,-4.467102285921992,2.148146492142632,4.008614204842602,-14.722330083615503,39.83554202182564
10138,71.98872986856335,1.5642158294990083,-6.69085288582441,-0.8738879740648442,-1.3377827839155225,-0.13367648466536058,10.814029420854162,78.32815327774568
4146,38.26288452367969,-4.0855407766615945,-2.3962926018448947,-7.0299077828838215,0.8337247052038698,-1.4011662913031306,12.6734716498425,58.615953250692556
8949,75.46109170768767,4.324613172475062,6.833863029966546,-6.269136121807208,6.858518257432666,-5.651815734445316,3.95635177155754,76.6730522412649
8399,38.69545385405543,15.793162630257376,13.734890919659817,-6.869143245823624,-11.725193644215864,0.024605418352468468,8.58829723570938,60.85568413079556
12082,63.29216651037507,2.163331214308865,-1.7460279549836648,13.967169145320025,-5.961753059884655,4.085938201848695,0.2686216349271742,79.99829271630796
3527,75.4485521175408,4.4848149549268514,0.5093513849207649,-7.395778671813529,-11.176170268035087,10.196432521965217,22.362477729274723,33.319742847999464
7161,57.10461499185661,1.3765516219522131,-11.085677403000496,11.725426037921597,21.990175927606025,-14.493015476995808,-15.23682373083833,79.29494670925948
6416,87.26218112889143,-3.194280109520658,8.457213277451224,-7.833822928155774,-10.33851619842851,14.076341447267529,16.20418251813492,48.97118860231433
1896,52.569041181439395,-7.940365660340292,16.882702100402526,7.9116560336708055,-21.31889268582845,-5.450303562948386,7.307717418895217,77.719927335392
10924,50.98312627822484,14.63632077112461,9.52444106865087,-20.61621718794619,4.8516792545967125,4.2723162695397034,0.24315229491506316,76.92247125565248
8993,79.07244403515199,-2.459234646043659,-3.1520425692421137,-3.5605877565859965,10.297053999391434,-10.709184711420917,-12.629352868749189,35.851199966136065
4027,54.632707630769985,0.4823512420468346,17.104361737210944,8.328839594064988,-18.883914809813916,0.6540746564789193,-11.83970442193182,31.44180782810733
8486,85.7064454107086,-9.438422071037337,0.5702232258826805,0.5125058465951571,-14.868221140444781,8.423726806285433,1.3752414079390576,44.53972577747072
877,73.5575091570696,5.8813966642124695,0.3006316924258067,-0.2882498264552766,4.800433432197295,3.6997953436198867,3.8567622177105982,77.66139890647511
5391,62.64362148274134,3.3672972651589266,-7.320628276564403,10.487382238471357,12.054261892976424,-5.0221343535720395,5.238634502151362,79.99745975799215
12515,87.65826229995433,-11.853130998293997,4.3157246526869795,-2.1524879807915394,-21.564933610571728,4.973928959632776,14.296296293566698,50.88052183563853
9473,46.04747837594077,1.4614431704346629,-6.978233579851012,-11.182843167436936,-13.445950995697658,14.349313580118467,-21.15810631813929,36.62577864001295
8754,74.14009263631726,-1.7016904633021943,0.33496252113962793,-19.55694613243859,-11.331642059029948,16.449034858951798,-8.105893617146059,32.61924183468599
9501,44.11187314690952,12.593918992838711,-5.806668089658485,10.237059936625464,-7.0236567061786905,4.661377684513325,0.36237721913429666,71.37799328310896
91,38.08785575069508,0.563846995787635,-6.386814303627988,-11.991381120261632,3.3379985258493217,5.865314640943958,6.823291693631479,52.905944389032705
10573,86.50477640427768,17.58478805745908,-16.22742485926619,-18.598085808034963,5.501040902273687,6.89938350315436,4.3473939732027596,46.483810348230186
7866,83.26768935621773,-0.33140947914399976,11.448281926275005,19.164004137811176,-20.17702251160381,-1.200421330774022,1.9906207048033084,69.63628259360479
145,86.95191223040572,3.257709859971694,12.924668894134484,13.709407999883258,2.625655776429081,8.569634810072875,3.9921506563310807,62.162813728343124
10116,86.42471365880985,-16.001114847699924,-14.510687988140694,-1.9597737297664453,15.995955289755486,12.27848102077533,-2.4149336223613664,46.2659980534255
2679,83.17791872419896,5.671989829874205,-10.074796681034154,-0.018237451373388527,15.236887797676452,-7.848734418658209,-3.444851710482987,69.75979660969693
4783,86.30814973776144,11.574571350047215,-4.85511368314354,-5.928893619882616,23.49796865707399,-3.8307865613310863,-5.503387613702064,64.04047320675701
10979,39.03514780119401,2.850988994658572,5.866896958300735,3.330555092631571,-19.516097611024197,-0.8830022673077187,4.545464303077217,47.880599808313654
454,75.55581754739873,-1.1216445767487837,13.375916895248414,-7.0728084092084,-5.504455398531032,-10.614874392483527,7.376287325234472,76.61831273981468
6521,39.251398073559656,0.482004809938414,-9.076519011678565,-2.3819418358471487,14.15086642689879,-8.898551779182414,-18.408773976030993,47.189500237534475
7352,59.496914039938474,-2.219794291115513,-0.16497059663053987,-7.161829178042211,0.1309363292400921,2.0581559983974755,4.199275766805445,30.246648938852342
7277,86.07321248957311,-13.770407282224134,6.90180693078572,-9.764230285317765,1.8853629881776215,2.183843096013012,9.314374092568444,45.375714810386825
3292,38.00166694172958,5.9545954575448,-4.24718123701577,-17.506712912076544,-0.720365328021396,-10.867120931255489,-10.01962366526427,54.711305857724156
3913,49.96182167174629,-16.69181963021756,1.480289427334115,-6.545111785205224,-22.365404071727113,14.800106377029458,22.448833570030715,33.66913255676987
2419,62.59707126705986,-6.846073731109294,11.906061475234127,4.971967080000612,1.014701508179638,-11.285282957016955,3.5297875167191055,79.99675275783179
8825,80.49783839920688,-8.944659382439434,20.595879995891625,-3.0132624788075275,8.414782814433824,-0.6812304384791474,-8.332114113816937,72.855689607384
11002,53.984571430647655,-4.739142876275798,0.07121407736865673,18.426853830935094,-3.004816159826882,14.099423177700467,7.093073019249485,78.31784826502877
3458,70.37201981704126,6.845734137655749,-6.095615205851938,8.05840002159972,8.960949477593031,-7.876079427324059,7.663811728610495,78.88835121596195
4571,61.06002950946502,-3.6172528294232844,-3.183454658398361,-5.455310647113975,-2.2560781277413375,-19.6870691710445,8.472948061500002,79.92461663688839
7944,86.81370165392889,2.3782821484978083,26.990925643831396,-0.4956469650606882,-8.746568580765398,1.6405650882843736,0.6203930613101546,62.609705220155675
131,62.80136396339227,-2.2648539488457944,14.621636439503607,8.265536181056182,9.980889714365546,11.68589396575978,11.584139098878284,79.99921086204444
4997,69.36739363910178,12.561937637004164,0.09062932904460336,4.678699574474391,-7.426517454243616,0.33120928951255674,-4.39625681139275,79.17553098165016
11202,80.3704494409561,1.8494522357743808,-8.838321567396193,6.415301277211782,0.1829019811054612,-1.6351682283834534,-2.2946669700729196,37.02035911873688
5776,39.32523428903025,-11.774486325845677,0.8346311454786965,-15.945752950890924,-7.674879106110824,-25.426684436325615,3.181278423356292,46.96847034926155
5608,51.96047709181081,-8.015896852441116,-6.668672801372227,5.734306271902455,15.888153519488537,9.629618670586634,7.521114739902895,77.43053574838474
5499,38.00120418653606,-5.343449363037705,-1.0305625115745485,-6.329159602626556,11.669206874096439,6.171893973592274,-22.553641863618363,54.75462706600432
9531,45.08207687729595,0.3541636032305645,-17.404872110063828,-10.357837497054078,-4.699627233443501,-23.952817580661993,20.882251550383902,72.43410539628769
10471,65.970689224994,25.21339940739043,7.556817354393811,6.374582612548096,-1.7196631219813383,7.742459252616841,0.8324836225189165,79.82287262845509
10323,40.91356318969952,16.582856525752184,-4.70530857574148,0.863102937576039,-7.736381256693841,3.7792328069969234,-3.452591251017621,43.28721600025834
4694,87.10350335522533,-6.465466918994811,0.14149651429824117,5.438810827860218,11.442050576154891,-2.442294403356616,-2.0298874718492583,61.63484182212669
2815,44.24794768778821,23.507846013748953,-2.462244644392423,10.893631282503769,13.950826678669808,9.569405916423147,1.9789917262228396,71.53361829969691
1254,67.53414929026765,16.174395285377937,-4.70223722932189,-3.8892590093489696,2.117642410737962,-9.528613311020415,23.911046786873285,79.58539180516685
3649,55.99607404639323,0.4820294361591224,-16.749055990221006,2.7589790027909658,-12.51582287757561,-4.249804879354863,17.58345200365852,31.001145418241446
11582,83.43961746103868,-1.299545477528711,10.424267561517508,24.304649259808897,12.47651758998848,9.23627883472098,1.3139777002256114,69.3952088573387
4550,42.48255876898155,-12.125332226430057,0.07312275381221975,-11.050360273472693,-9.230946094362634,6.730381768521402,6.813333927463649,40.71593176536516
6672,40.57178134277024,-7.988544363885033,-11.359793123595667,0.48522615199898705,-4.305590533029726,0.701901558769687,-6.060381660102474,43.95577038162051
10350,68.12892864413303,1.8211889159842019,-0.3664609244129442,-11.290389999806333,7.688406899406635,-7.7349774707142025,19.56693561985325,79.46822615073253
220,39.605602511104735,-6.622003430395908,-4.270806899233922,13.339093819921485,9.610337559922405,-3.391066744758755,5.5397620663679215,63.814883217126074
7619,56.679691686527455,-3.83585285475109,-0.6383151199259697,-7.468543686692161,-6.752377421423072,-1.1426325319252015,-5.466334899930356,30.812116611355805
5707,38.89242414357328,10.01510729127329,10.637517658806544,6.723460972840137,11.421785476503794,-10.185280690154958,-9.764087983648302,61.6200291786843
11444,82.3684794386476,7.78013668834752,-4.182924801007,-14.944683209063445,-3.929931772765854,18.434730997328977,8.172188496756187,39.19297611077008
1791,45.73093299377462,6.672926822643511,-6.601660119117813,-1.7714182489254897,6.711419006113063,-4.3100075714847605,-10.661589676129813,36.922961394783215
5560,86.06421817770533,-9.155243378274049,-5.772702557982044,-8.691000073604206,3.503117832578666,-1.076585775737273,-6.871366807377752,45.35418018770788
8080,66.22151603256484,6.884964554492246,-17.437887209052914,-1.327244880385795,14.802863667903212,12.959266666956115,8.038924233325037,30.208432190522366
2506,87.53896953973157,11.441732648160652,4.009523196786067,4.021152544911915,4.400066425375534,4.297409314103261,20.96458972526762,59.779013907505
12119,45.78740028835673,-11.35726689695288,4.987227524282001,8.012674457202726,-9.581536445805245,-1.5115121129611697,-11.63115971887626,36.869186141633406
8426,54.55626077095561,-0.8248143439429261,-11.630392933747844,6.116204807185518,-3.748851843443408,13.93449382081278,19.10571968726354,31.469099723302197
11282,56.97667653399331,5.197580201460799,-9.682573232570078,-4.7671876085919305,-7.504374269794392,-0.6986454446486625,-8.912916291014026,30.736455856082088
1780,79.76514097955415,16.327326686165446,5.35575732352136,-4.81301810345392,11.077214034608122,-15.64101990541953,-10.885715879910581,73.54535111384183
8869,57.42057443007248,-6.312067070707773,-2.8638243677483888,5.700687579055538,-14.672345540777927,0.8479339836580109,4.714410586879003,30.630551702805437
5132,55.860185523059144,-4.466775213392506,-26.644137110798663,-10.999724391697042,16.172463950981292,7.044171455917992,5.628255205606348,31.041221875169306
3959,54.109938060308366,4.605914579515054,-20.556036935687708,4.877963730905476,-3.3727171092720925,19.271498441775442,6.8422336846550955,31.63406756175893
1104,65.62414977400857,6.9706933394318344,7.5395228410332855,-2.6603226775844266,-19.549059434073616,-1.1728064766013404,-4.960616744860172,30.13810469888567
4775,82.8262647291407,2.1059722438963724,5.113273611605864,0.9781548367893621,5.601037943310116,2.75399969919764,3.6786340057399745,70.22889447366524
11117,41.83241669622478,12.47276969016109,10.237025644614597,5.567350510541502,-18.833306809735877,-7.898315568927714,-14.495192800677522,68.301632120824
8290,39.031896838296916,-5.273501379415739,-2.379970031728829,5.252782973042517,20.19133733944741,15.595740422817155,21.04885883981478,62.10844784956312
1513,87.98103192746163,9.944751840407646,-4.543974404819061,6.7749275926071295,1.5999318865498715,-4.824677367200546,-4.5771629732176295,55.973675428026596
2923,43.924506854815455,6.949659923684072,6.62061414483338,16.413372600675796,-16.796842906642276,-11.720203581462146,16.950404999675705,71.15937997783385
7624,58.393341831428906,7.514994460582624,0.9568061337313867,0.44405917333680606,5.568942054909608,15.08162590029206,-14.597348555924146,30.428091231694328
6456,49.139981912629175,4.929003003420504,2.4304345887373326,0.8822603475768904,6.437426859420555,-11.564575628039792,20.297891040056307,75.80624662493824
11944,87.76535800133703,-8.571913706528168,1.4135594968483152,5.301339640725221,8.623475234536427,10.732128629035685,14.422687856424632,58.41716886700259
9374,42.56990429343102,5.2075290430873675,-5.552066108310477,-4.9612261685418355,-14.191061554289806,8.899493396158022,17.178156373992614,40.591280784870854
6924,42.059040050121276,12.210813776575444,-4.844603142511954,-1.0812891193036527,-7.522289937082613,-4.436311643086894,12.07172048310765,68.65562874340011
3039,86.38747434997288,1.7218197258639187,-16.24835292416998,16.324337948754867,4.196579017079153,17.664077880577114,-1.42967881058363,46.16676483221686
3778,40.60148967193579,-2.084032217931084,5.588914055408979,3.4301152947892746,2.307359735213149,8.13186953483956,7.574264583409249,66.10435658125228
11381,73.45802804765849,11.124958264422261,5.509243729994244,8.730189446155075,-14.368223264212363,4.551597523055826,-6.972152040397866,32.29251996908533
2685,84.2478561514104,-2.8331162479040177,17.310258033833396,10.898390429717391,24.848864543274317,-15.519994661839041,10.432548000802509,68.17302580916666
12641,87.98093012087982,-7.750239874002595,-12.340250919405591,-5.728637329594091,-13.40851906412572,7.49057471765881,2.917677151406579,54.023716078325904
11314,78.42940533381974,5.856326172396573,-7.119752485814885,-30.187659841311326,-2.0284843939857273,18.35786796084243,3.6183399955064117,35.329375936572454
2877,64.16236641084296,-6.297547862798388,-4.56648335933128,5.340785764194792,19.760262713807954,8.455176807336434,-17.439364392499538,30.02703653294339
9823,64.44170777660796,5.325180852034346,-0.6122699089379117,-9.903603622774325,12.68688705698106,-5.591236711759001,15.147273269354397,79.95839495414054
6942,75.10891870344567,5.703550010304101,-4.200848558697411,11.458315277677443,5.472103002814714,-8.798397171976596,1.0114025292424946,76.87176462550161
3710,48.57466210379273,-5.086758787606898,-2.138499087176741,-10.959545176963136,-2.590470141983082,14.037280403744498,-6.194033733247993,34.58163506594501
6286,73.67539897106118,11.195297007107749,-4.9831673769179865,1.0470615067272653,-6.980255043028123,-23.755092030165525,4.165991604225515,77.60610220291561
8740,38.40933391730041,5.785837769012547,-1.4988454051710411,13.934206000351157,-18.43384334145983,-1.1686529169997926,22.14594814289064,59.505456870192845
7382,87.99997496134176,-4.545550270598656,3.739589449835673,-11.166964171151994,-18.298457554774135,-6.824043165290796,-1.4791513463529244,54.964617344858745
4420,87.26885369414654,-12.907375888045392,0.705660368388358,11.690621394723193,-3.1432717257156657,19.944424351941407,3.408069735572155,48.99810526815825
7062,47.50431988109591,16.113760078959356,0.4967314225661868,-12.99759760383575,4.145116707368382,8.313670856164038,22.195163095627755,74.61845808550204
6647,79.45519686463145,-0.1557196483624629,6.244992477109033,-12.92209255896509,-10.114292689497635,-5.652190146217093,-12.402034906008307,36.17909417306852
5205,59.97969246016725,5.502627168136483,-11.983648300946168,-13.57378151695868,1.214287665816546,6.071329060474033,-14.938557387413912,30.18311578048466
8124,80.88565753110817,-4.926537656882948,22.15042229576767,6.072060250163824,-1.6621846356299785,7.9149229371279715,-21.8472799403774,37.532794880693885
12375,49.39094465289843,-1.708958001713155,0.8725135433355785,11.047747850743189,-2.828468852570655,10.129434270185309,-2.5902209226557877,34.02874318121286
2193,59.44509449999302,0.05977932495174705,-4.297937659359901,-10.704908223416078,0.29571531099120574,0.831087316822094,0.8055960352002673,30.254037766010793
976,39.62204863699594,-16.220960085048446,15.089877414337804,-4.687241856973777,9.929138644332522,12.289593783848723,10.211046227577826,63.85840787438785
188,69.84175662764453,1.6296611871702367,5.4017893062614135,-3.326889085614526,0.7096402481897406,9.55183283363713,13.324252479520702,79.04558933043818
2493,38.002644164088665,-3.234800863170056,-6.316490164166817,17.224424512235167,-2.770325550793161,-29.2958367404163,-11.017214309104888,55.36359484708876
6523,53.10182000716479,-4.272564471377568,16.80430994289789,11.17208427692959,14.62686380411656,-5.109620637139226,-15.730444266837413,77.95704756342673
8226,76.70888789892085,-10.967677464252327,-1.4292241873266875,-17.06968402444906,-10.02212068713253,19.725876444547453,5.590597311202615,34.09386710616185
12758,67.83277668320655,17.35064359194521,-4.9761223820736635,-22.099733567457687,11.961093986827375,5.869827419545334,5.040599000476026,79.52843797575082
4155,76.25467933296609,-2.5216016251388766,-18.815458503635398,0.21692950874794675,-8.348572854398208,8.452323884723455,12.885915030211873,33.80298427183106
4655,86.88258272968699,-14.493082726055572,-19.15655471773104,4.900311091330326,-1.512741276788577,-5.803546113070759,-7.28233779869729,47.60931382348994
9878,74.12190130097184,-9.162154293707674,20.879606454313844,-7.492654603094595,4.128933449619935,5.89607058104964,11.675367209085923,77.38980373856458
10937,69.17550199621489,-6.8818784195901,1.1790187243881,18.00659651897523,3.9678377228777464,3.7558837022029765,-3.4730239425631937,79.22525903049844
5814,42.88265943180512,6.648318115545168,0.8720533247254956,0.9378602645915374,-5.864262237970131,9.723108106887036,10.908166779417686,69.84225752583686
745,40.65980508305353,17.79113924247126,-1.9366188996497036,-8.018509821343264,7.3839759937747464,-9.27556447591194,-9.12313641955356,66.22121611381044
323,38.001843830117565,0.7319730430258289,-3.763552196280158,-1.6697799442891448,4.367690459369627,7.73315118933855,1.3053187953669696,54.69637505674156
2870,68.63860937631009,4.922656870334427,-19.616875416419397,16.930705596661273,3.359944643249281,-3.0574871907902508,-5.641525537211606,79.35582239016757
1173,76.91105455259522,-11.315994859101428,0.5095171952930989,-8.518689081863496,4.648666532960155,-3.8658328795474404,-7.914298964069672,34.22784168087678
2790,69.58757075770251,-9.156928695801373,-9.080899424379112,-3.4962641751728505,5.703231505028354,7.094224720165501,1.7295336426436003,30.883534431590878
7586,73.67927880165593,-5.82820753201747,2.6342908320306577,3.485402284709085,-2.2071794928484607,-4.653606387905107,-2.3343033682860868,77.60426960280961
3906,42.1028603975256,3.445166171594291,-14.508163647638046,-3.939394890150507,2.9166053617537617,-1.6531791114641734,25.667895923648267,68.72259291951401
12115,86.39119364742898,0.6077917219809146,13.288817232348762,-21.602565550129334,-4.604856826488028,5.278603855667649,2.283284439384193,46.17661857627824
8533,64.90508406368627,-21.429562449969872,3.624950134093971,3.7950627627721363,8.02351360811138,-2.146317069428931,-24.210100924879185,30.072692590047183
12729,86.54694870148548,22.523348899265457,-5.02690731813575,15.656864953431874,21.31859827801832,12.232293278192676,10.144605089465273,63.39888128560057
4144,41.167131360140154,-6.069002227021083,2.3156799396533563,-11.465672061733652,2.1451919845559027,-8.239498981350549,-8.630893047871924,42.821090075272565
2664,46.02057387162034,-3.531103878503953,5.485974108191467,1.2508625923260959,6.006981055720363,-7.177243927057951,-15.52010384253405,73.34936206931724
5220,65.16218193153077,11.65497385104047,-1.079347360773917,-3.863914633095158,-3.2212177112161395,-2.0619914996789563,15.19354590612187,79.90632388159605
1276,61.60666216696362,8.539056990512755,-4.679813126084753,-1.4136646545246268,0.3731846211480405,-19.394635283130526,-1.4181326918295278,79.96114199476918
982,87.5275038016048,-16.39808678030988,12.248300017500846,-16.511282487043044,19.15348995999185,-12.832401691371107,3.3703247679359407,59.83751560847739
12343,63.51142016744877,-5.414215219904551,14.300441154342723,-9.8512497978509,-3.4799759416530756,-10.344134525208359,-7.787626962052631,30.005231559137687
3285,77.23262008175482,0.791393655011936,-0.5166337298617402,10.204029684258845,-2.1078093037446908,-4.885707676139288,-2.7559242951034326,75.55316339662656
11836,87.56576852088307,-15.509122615583262,1.132906239578401,20.793920982411475,1.527919572147368,-1.0058861943886668,8.627248868948264,59.63929056843722
7929,86.44335581881622,-17.955937875661746,15.119210414411581,-4.035457426829145,8.292550788895127,1.3809354760684394,19.384406615321048,63.68383947067056
5440,65.57155088519731,18.864306017653107,9.224267351167692,-8.343892799388016,9.674895988990146,-5.2770048920766675,-7.519262948889297,79.86739081698843
6159,87.67327208594872,-11.98463705971647,-11.0336510336122,-8.091838369514832,9.281960315092395,2.4693605461104964,-19.236012744909516,50.9713966970247
5070,87.85785686626905,-4.281452136321884,-13.833075806156454,-11.291299518222452,-12.176527073685378,6.569422821388219,0.07775617920635279,52.33786701758141
6281,40.859156480834635,12.583563157570364,5.3916784980101,7.581895684119463,-8.885140345284675,9.75641940639132,1.6650182348527007,66.60961016829734
7558,87.86141120371181,2.9781915513436035,-10.987680143076417,2.0475779659273536,-1.6018697941879916,-15.800134375761719,0.31159936841231517,57.62873219631686
6655,83.9889230349157,7.943759548218139,8.237193231837042,-2.042485219552715,7.525537594739573,23.585142151521307,10.599895932662351,68.5817933217372
12748,84.0506764130553,-1.1048923442433023,-1.7077001271692032,-1.1762687340746492,-0.37713502265290744,6.7107526049613035,-7.486307379992669,41.51411765760811
9599,43.12360115941171,-18.09523655058088,-8.6626774663313,-0.7712659388857399,-1.3104540927580248,-12.039072361940429,7.135841999073186,39.836597705994194
7456,87.16664269372026,-15.738232895732958,-8.84988306192612,9.697255901920336,-9.727736845582909,-7.2170387436167545,-2.941903444817819,48.5989547014525
12431,79.206432762737,3.679206714893486,6.280683969447446,-14.473069344554975,20.885599817450448,16.332694049888804,7.346570843280985,74.03553353880277
5867,39.540224030333675,-9.57023015695627,2.400198039384103,-1.3898197366261436,-4.687744888962532,11.641882482894408,-9.405492588183856,46.3606185723128
1597,78.51473611484704,3.1435172005575245,9.021575340793053,-1.4726481573783792,5.241249349502308,18.866815177365545,9.353711179720214,74.60339162713078
658,87.60728187593799,5.714986720765455,-14.04034786132351,3.7635536316201605,-3.266041901461749,7.638844530087691,-9.619393134521255,50.58619453553582
12064,78.64313394118588,-14.89099809789961,1.7682601222846293,-2.420783830920156,-16.141762130748653,13.007267724482034,3.945182091919053,35.4989138636301
11649,44.7644599974021,4.719072778629523,-1.3011118616846877,-6.242611685615962,-17.69031675602505,3.929051568300823,0.9803247995054533,37.89838952573028
9565,84.1534944079618,-0.3421233643469408,-17.49025035278368,12.665487194415242,-7.853438670156516,-3.614585378929359,-3.5331730437081577,41.675973794219374
7038,40.72008643253696,12.867050770030783,2.3881583110898177,-11.936082131719903,12.914762282384268,19.445373396763628,-5.158281264258799,43.6595656420763
3289,85.08443682991881,3.549147669874018,8.979411824783883,9.047383068566994,11.240159279158338,15.769329953905572,-14.727772432013255,66.71655452363558
2784,78.88651266704437,28.29889475935428,-10.056354662202128,7.985070146052337,19.822686848691852,8.02426353827902,11.27083369088754,74.30333430472152
362,80.30041739906,-11.481458456385331,-6.301098630077614,-19.271519721276487,4.501255139563658,-10.341024312156566,16.287150930410323,36.9529626304398
2571,64.51549373335732,-14.40462394130053,7.323898097847602,13.133445969310849,-16.196840895162495,3.7402717946491943,8.760665927432207,30.04597670225992
10728,47.671218220819185,8.027463406213768,-11.527731428656054,16.606826151131283,1.5967027747167535,-17.923819379750412,4.803456328493761,74.74913793476196
12552,87.99731507734921,0.7208806667677704,-4.452159861888199,-7.361911127603612,-16.010002751844596,-16.284773461408633,-5.821727387784648,54.63361369603977
5057,69.61659038909414,9.303636298124175,3.927222859240028,-6.105530971017422,2.5103760277028266,-9.462170060198636,-6.033314283599596,79.10851989697723
9900,60.93352417320471,2.7276028376570762,17.577393069653613,-10.605735318692677,-20.739441950896406,-7.621882619018711,-16.261243147426477,30.085552832597894
121,53.037835660378256,-17.19021127024819,-2.531043281664229,0.31522353880205267,17.367340163022515,8.878747991424769,8.995612478152623,32.070645851433824
8338,87.68391520604531,2.3385646918551015,4.575403402962943,7.412741498332971,19.11277825059843,-0.5862705568124948,-8.81904931893944,58.96286892298559
628,53.4731472473448,-2.8328920947593064,20.435280203350665,1.6377585248168463,-4.308204674948402,2.699736533425043,-6.81871868394211,78.11361236650875
6853,50.45699308760872,12.43187361832143,-2.3009772565969264,10.572117211018234,-5.220755682333968,8.035496485767515,0.11507631953108735,76.62574802395757
11796,66.79214325705323,-6.264647069079947,-6.560048948192405,2.5024296697505166,2.7845871877860455,7.638619856857515,-7.459468717428179,30.28928067582844
6441,72.4257863847474,-8.338623611015981,-8.841454911019419,-5.263227806836397,-7.338540874283115,-7.760208448151027,-4.697043067456695,31.844988641136222
4707,55.43254290236717,3.172478805042316,7.410002355182959,3.358092845321958,-12.602413589716546,2.098985112135241,-14.219879243391603,31.17283917300497
8747,57.169915728219266,-6.177221106593213,-4.289408943615035,6.738239510044403,3.1070381824134414,3.452325392514306,0.6425188577533651,30.689300351821732
1182,40.99594547032235,1.0351980096790157,6.589123377146098,2.424040958818786,2.3893310822159144,-3.800304828235066,-3.0371428536463014,66.86682705085788
9916,87.26758150444059,9.480651215015737,-4.137025212661899,-5.061740297318639,-0.5608540595607796,-3.5990155806329844,-18.65574288590947,48.992963465623575
4062,58.15112140792014,-21.580376799423945,-1.0450151495155962,-19.311037721903855,-3.3680007642430088,-5.006882851922288,3.6963779477494825,30.47474003401249
9844,38.13687576294059,0.8400968643006547,10.407419150714263,4.3736450422184845,5.132227145724313,-1.3334776707486964,-8.089174045749921,57.61248027218368
9208,38.72217867928913,-3.4163145280839835,1.6095082243193894,2.8019304898322748,-7.701441576881262,-8.783808712922776,5.929715080969535,60.96551690297134
9377,38.003895086195996,-12.14106007424463,-1.3128221250762513,1.1161975885997668,-2.750582316641681,-17.322293426668672,-7.1181366234443155,54.558707423466714
10276,48.399067929280385,15.048789195842696,15.414317189513302,4.5111771004533185,-13.164308369623454,21.61395076323069,2.149797867843212,75.29317083814729
9740,86.4712121934073,18.14473323414881,12.14807110695255,-4.885565033751971,13.484999993197068,2.428088850989621,-6.712055525128628,63.60826336563006
10467,64.79014477292208,0.023607700612808848,16.035344020413454,-4.045961336069403,2.1731745536927445,4.369489724236196,12.484056591619998,79.93582526590968
9245,40.956223384750785,14.796910377959332,-6.699371595637244,8.526555199072476,2.8618449454256782,1.6175501188028556,2.4478637193305186,66.79287549908808
8783,68.83800565707679,8.33222562613885,8.988022382673183,17.662868236801806,24.773830655165213,12.537460164222804,-12.37454794902424,79.30879861177716
6028,38.15391479444842,-3.8147560190020133,-4.0052781307100425,8.8157937626383,7.97790847470008,-1.858282627730354,5.982652999776175,57.769846558651
6014,38.96892720118612,11.911888642375107,4.21790761532543,-9.448491414561655,15.033764430199676,-1.0440106045237623,5.169768633192307,61.89257137345038
12505,83.58936908448791,8.230461332222054,-0.0385176737329577,-3.5141483403073863,7.441791738129638,-14.589378947928036,4.562015019385542,69.18019325336341
5765,70.1906675210242,18.36068173318997,-0.39796791031992523,-13.09353266526739,21.021814700203766,2.442412948460727,4.736220800205398,78.94356491005648
6410,38.097920155724324,-8.295669146155861,-5.601840516170996,-16.100713246699257,-3.8532141258529915,0.9536406454654054,8.204085970002797,52.78947530452176
3813,86.0140243587165,-4.990849257099965,-6.544267781493084,19.33725365306113,-11.304872179105743,-2.1113083147516196,-4.012438861425621,45.23502776161633
6745,58.99794922887681,-11.438658750616383,-7.114487568022967,-4.267476061709684,-7.778291338368924,9.89063833121928,-7.399329024886374,30.322407134703102
7093,46.426921080518554,-9.142201516281542,-2.360286541764503,20.607432050790024,-9.638824067992593,-3.9820250057176994,-2.1063755295544335,73.71718609002538
2788,76.69995763228519,8.582981740168764,4.683296212435403,-0.7144839222070977,-18.203273606686384,-14.6454771886539,-7.435908950054454,75.91198605760799
8555,38.24666901162398,-14.410472006925668,-17.57815217191689,4.04423950571982,-16.055773465662234,5.302438474284701,14.581562689670058,51.49677220553625
2400,74.02504149337497,-9.66950690177401,-0.39448323789181056,-4.77226801567205,-20.953694189851397,-14.92315199277584,5.532199273928797,32.562342812375434
12773,78.91271757602858,5.7011738095974,1.2103394032572026,10.82450598148986,-11.824372992149584,9.1985094000579,-6.603702825397395,35.71826202476677
7349,43.55564120643537,0.26692182290387234,-3.3436612281256983,-34.6696503433698,-14.414758975371612,30.529652755350767,6.434418498714008,39.28640998666677
11112,55.84106719373111,-4.802158283072961,-10.335363264496475,-14.045084207487887,11.19992288594675,-1.400793186890269,4.026086738133038,31.0469275232732
7225,38.14576547011912,5.656237095907889,4.524984754319327,16.674307914767194,-4.99188487593305,-16.745050439990194,0.73036919267629,57.6957421860551
2528,63.53839475163127,-9.551664207267422,-8.097520573617395,-1.183189945373654,-2.973757856730721,-8.153531640568785,0.4434281616911988,30.00579805051948
3706,72.00170724459174,-9.384781742871272,10.904262842906062,-9.223293610972082,1.1903157323822378,8.484958360176748,2.9418938232042806,31.676851269979338
9851,44.601963241024116,5.860953266957981,4.243185499811663,-1.737322347648943,12.120830898961204,10.575506185079139,-9.723874456064253,71.92667254410541
9867,78.86427531337462,-8.70499364828124,-0.1924528038558861,-19.30642640339113,7.778517186988475,-3.551489400957296,1.8548700685775874,35.678385968520836
11231,38.24429286695333,24.251557202127138,-13.73301036428359,-6.741502253773518,1.6310303393587464,-9.200317678043474,4.576641271426895,58.48639704319836
7246,38.57080388032017,6.200509521217983,-0.11197626510837251,-5.497288864643812,0.8969138185878661,-3.0176143275224576,-0.34168835123877284,60.31172071425259
466,42.6649474402283,-0.6258270496549518,-0.24576691766467074,2.658245607341402,-0.5867086023879853,-19.99750765954506,-1.2680505784789409,69.54254576720743
8197,81.04149522153193,7.135936067535566,-1.9382488825362985,-10.418515732248686,-9.34733173285317,1.282556557607811,-1.1185427394177108,37.69380312802838
11996,85.39841082281197,-3.4238318283208007,1.456225874852224,-8.99300589748414,-4.043328287078877,-13.604703373517061,-0.40997367749504243,43.89544270974571
7847,45.892947703244644,-7.905693653337625,5.631845831916503,-4.0879525430154615,4.949211260550943,22.202767059081673,6.788860103709084,36.769564960866205
8065,38.15338098277459,8.72181922542276,3.378898580861987,-3.585400053442442,-19.352004514708415,15.503224668393003,9.994553759167802,52.23494603798538
4385,79.22219376288112,9.11759640958586,19.510190690839462,-1.5349206915658942,5.735305566423539,-2.3678653192943204,1.4970001230319787,74.02210370909435
4885,59.949093105010625,21.806918206679697,-13.62204246624586,6.086495064681269,-11.888573113488366,3.974784389430477,-13.351875129274013,30.18685898323015
10480,84.43835818474389,5.515508975430265,11.531516316899932,6.21981323731832,9.812762387368428,5.324510057353578,-2.4115287003626373,67.86066865845726
828,57.91181088621058,11.127891902626132,-3.4782682542843495,19.01191310426443,-6.146400904116152,-2.494227804694871,1.4040720976014605,79.47673040956073
9480,45.393992206613845,-27.21615798661947,0.3342622399564949,-0.3229386040504639,8.167901289497976,-8.76892220297164,0.27889360949609954,37.25095806587787
12421,79.97157465428421,6.38344645508524,1.1485863246445391,-8.022267283989853,-12.740687729922623,-15.603487482389564,-0.6535657484112257,73.35662424723178
751,51.74161430897699,3.793307969702699,0.3651922830699789,-11.101017388867888,3.491360266263589,-8.722238649606632,7.248011716961625,77.32148632220014
6846,46.53832158231876,-3.735261412143183,-5.282050480492448,6.827874065352111,-1.971650910510182,-24.689706863055267,-17.56938447149702,73.81523700814974
7034,48.283131737689104,13.123664239408974,1.300740027183269,4.400065843791717,6.1089705201641555,-0.06427661980588374,-11.009655682889036,75.20925007390889
1139,55.47956227718046,0.11382607025138117,-5.297783491340534,-13.171597406973072,-5.868895246844983,1.2887221830269575,1.0920887291014036,31.157956957148304
11428,77.77746891753384,-1.345601312495583,17.26107245688494,-5.88079448385357,0.5864197291025806,2.647010953669577,-10.73949280516061,34.835020148997884
6919,87.23605813525973,2.7080289986672095,-16.47421680572976,-4.023537362371148,15.353630777951789,-0.13586909348665388,5.549737749338357,61.132983455408215
9046,44.889036029913626,-13.673228473649475,-6.306042589267316,3.2263270882551005,16.434913770064256,20.22069816489055,3.5971341515448674,37.766515614240014
11882,85.44322500703515,3.4067173428403508,9.998657161363344,-11.140148562713303,4.975140190030018,-10.354640345585022,-1.0964756191508207,66.01370288702178
9890,46.24662072392513,-18.15986454518574,22.239629900012364,-0.8961672101275243,-2.977701032050555,-25.403122391115506,5.794941230864835,73.5559770109791
253,38.29682191678374,10.777108198515757,6.808509648042238,-2.708596467698445,-10.288735165559553,3.3848635531987443,3.3165491450779685,58.8409624560654
3190,42.52433547277736,2.4444039291720174,-16.03309614711342,5.311549081481621,-19.657136903315486,-8.745586382372556,-0.8417750234972098,40.656110633142895
12522,41.25200103297102,-5.057236899754306,7.56141053601525,26.891456997509614,-12.671492504623199,-21.37421150995104,-6.462803496533226,67.32982323190834
11400,68.51563864355685,-19.759633162078988,9.281817244852451,-5.077208438351799,-6.457941616775557,-6.518514366361137,-8.32466724188571,30.616035384833285
4350,41.93764754912743,6.193758575196448,2.834232590996911,19.368517449692042,8.898301303204697,-22.646669200734557,1.8055586398609138,68.46763933416776
7196,46.54739146216312,-9.898394504848596,10.073480387074024,1.4310696460676011,-6.782359399534007,5.139339160224457,-2.2725579693005398,36.17683150209038
6511,85.75587591723614,-5.857515757620848,-16.021959584949713,-18.709735357264808,0.00884879501385587,-0.3500779793672011,-7.284129457405574,44.64770019563999
3892,86.9316616920045,2.4769814408854534,15.025365528297566,-17.3346111340308,3.789430600991701,-4.728136090905295,5.644703179027227,62.23018455223963
966,69.95577781967715,-1.8840579311432002,-6.8964372779512795,-2.6064917675199624,-4.127252598263899,7.359967971130535,-24.252848055961792,30.98714604793326
3971,74.77149301358244,-18.558706877549195,-9.660225468907102,4.623391069987808,2.1869877993485143,-10.786126288166514,23.552179709027143,77.055202384725
6680,46.53305552972482,5.6443053650178685,2.891122523957786,-12.302825446461982,7.480358330792893,-0.7951257388048201,-6.407252065452759,36.18937162631525
3742,79.01636069534736,4.233801039961288,-8.000281320819521,4.0453956774910615,7.359305663977351,-6.0377867876320686,-8.879758169677052,74.195733642571
3254,87.00855338424763,0.4130179579546226,7.422069580020432,-1.7993370191227345,-4.875246864102795,8.42355469038815,-22.526907998049946,48.029392824457005
10060,50.65851860361798,-20.884147148060347,5.612439726182106,-10.799410490842485,-15.171042404920922,8.067749282264181,-9.808201921892529,33.25861464987209
11600,87.7260041362087,-7.568511561700765,-9.191503981816911,-0.8715374865155852,-7.887258441693805,-4.627457058726035,7.736013908767973,51.30883223678601
7884,64.47074990418164,-7.406307242728817,5.531447178172005,-5.783247676140465,-10.71400741285644,-11.871573545547147,3.2152070127268813,30.04329960272493
3819,80.92434402801094,2.7928357211883394,-10.192526465791342,-13.631167995039382,8.274837009896908,5.795259275330986,-9.633542930031881,37.57249612923559
9419,52.6400269871132,9.680029622886963,-6.146693985852357,-9.792648014134409,-3.438933464212731,4.9147276423597415,-21.88672775223481,32.24761640679691
11415,73.95489048423444,9.290266760073289,-22.280699956568984,2.87567328448826,-4.745526420400286,-1.0038140168997833,5.7537321271435085,32.52800911182034
2250,52.25254221349828,-13.589068980666315,11.744408317962575,-6.222561053550047,5.602362946841881,-8.961907925488589,12.349462158945173,77.57193281771332
2537,86.90590216441038,7.359519028395775,4.883464517234825,0.1102554405047865,18.364185277441287,-3.4030980846366803,-10.338190908948533,62.31490544748455
11568,69.27096704883171,-14.286439992079202,-3.089515696245782,-7.555802949588727,13.518693274497707,-11.195365058782102,9.18206149013287,79.20072255682601
1135,82.58179284768785,-3.050796607556836,-20.495525458289528,-18.189914733894344,7.821454928585501,-13.202932752823289,-4.327220858813003,39.458012068263564
6268,74.21736924667651,-21.029070496331947,-4.754158820480433,-0.04956706365043168,1.5284926077770675,1.6585027837520347,13.56728990656882,32.65787326184645
6104,78.45995226898016,10.627298731297754,-0.9042404577810654,-11.440665423326772,-25.775818840751356,-5.523018314069663,13.585257372162891,35.3533749503673
573,38.17130222462801,2.4504018774196017,4.811385882997402,-0.42889831428012165,1.562822084891571,-1.082890114722195,7.917089540696511,57.92160346030016
797,58.19917028180928,12.394570036610729,-0.12773395885458758,-8.266878531569365,-1.7842321379821953,12.18878181853583,0.4368236103883019,30.465289200462607
4334,38.4638766652251,2.5509769112489784,2.2860177239557276,-6.552609432721227,5.395047767321354,2.3158089760218874,3.1006884762219715,59.79360529254492
4489,68.08739315113836,20.918125186386543,-5.355899788199104,5.425730479219411,-5.2783209035459135,1.7508228367066867,-17.972552113612434,30.523104140317333
2157,81.32037304537448,3.8153096783414906,-7.044421011541746,4.73871694525619,4.202404984720303,9.429611152529292,-15.688015278229091,37.98929950065794
3786,86.88759420115558,-8.801101130709624,0.4204581978990152,1.5303738665036561,-15.131930274258625,-13.021252760690212,-16.428240894119895,47.62552759304651
4108,83.92706237759799,-12.376894072409819,7.744173615392703,1.672040642689661,20.159321074403074,-11.295365639383228,1.2352493537294924,68.67691705919586
5982,85.69074916359452,11.54254528652234,-14.68564331871621,-12.195430038936674,11.59689892477555,11.074316502310362,3.864893188732123,44.505720491866306
11450,87.98930927175397,-20.532503087105297,-0.574658755570784,3.2286817621417634,-1.785894665245773,3.600107338046251,8.083488004310187,54.26895819501807
5901,38.4162597277257,-10.919452452273008,7.877840875403658,-2.0962463614735856,-14.527898229496651,-10.418982888916727,-3.5915976869440387,50.45690477478637
6284,86.36760061298044,-1.6097312630655627,5.418709044923496,5.457038436439998,-0.8701833328173882,3.5344812546241644,-11.669605188450296,46.11432379656809
11423,87.49563274148392,1.209935171845903,-10.600958970311844,3.3922165301617238,5.711511771663121,-7.717162816026462,-6.0264774074947685,59.996396360812575
11766,75.8391088523174,0.1519925830253477,-3.662491363033067,-15.185032545452167,19.413636885748396,9.850509915967963,-19.14850690335136,33.548723024529636
9511,75.78518798870752,3.0841838176094125,4.569080968040561,7.962939019154486,-15.846762625604212,14.89453659219551,-1.5077740350606499,33.51654198939545
1809,81.06279188954396,1.267383468239656,-9.106232154086678,-6.875377380482247,6.706486633778575,-11.338179262439613,-18.59261516580545,37.7160320193821
864,56.16307449363087,-6.97072034796436,-13.76295272027562,4.880142457318916,0.9190299742329865,-1.6479985617660229,1.6654597973677345,30.95303658213039
8873,84.16888013761927,-6.163494493859442,6.41616273216107,-6.693616339067848,13.968799377315777,-1.4241468889273516,-11.797402032844872,41.70043182208127
956,51.113393876791214,-19.514410201693657,-9.219212747615533,-18.562006725385523,1.1881876186829674,-8.55943332150464,-21.841742607469588,33.00662384099032
8832,41.8552420686403,0.22890546562581332,10.230017222711643,2.1392373710606263,5.046086497215195,3.3957414108646207,-17.156457832422138,41.66211365979598
12492,39.97747334240959,7.717296823406454,-21.02056264334568,-3.231105178691595,-3.810540611092324,8.62843555724621,-12.874080325554267,45.255090236408606
3341,65.06197952433998,9.487898497363922,0.5641190073321468,5.028103342790688,-5.347008647931303,4.296039784306794,-19.500338179072955,30.085180304862675
11411,85.5591947020192,-8.955525058469815,12.236492629268138,-11.005668694753876,-5.249684946689419,-7.184609463196788,13.589860315207607,65.77416977759256
2327,45.58323735887086,1.0039040974390163,6.324976416650929,1.3503960129030677,-12.871568887675178,13.143107328668485,7.809239530112996,37.065218732792744
5109,65.65012376294224,-15.871341839605144,22.229806718845445,-8.506883449004524,2.552283421322979,-13.157636760129137,3.4136753033875546,79.85914005031326
1504,87.82057215872253,-14.602954883660203,9.11900482686174,-7.935308974140478,-7.270359752299304,17.903793981977355,-10.138816770504238,52.01015088781254
1914,82.45363649295743,-17.246786810863014,-11.776750286884972,-8.688929060632486,-6.283023344202468,1.4649676724941743,1.7483884698303076,39.29789736373262
8796,87.24256051559668,9.398370781196219,7.622645825426648,-14.62089041462333,8.384309338612537,11.46096465560613,-0.8912463966741663,48.89276988745038
12045,38.00219522659285,-15.495182626221574,3.5433033999823715,-8.546324009032606,-5.070356979288197,11.808969216125933,-8.08145683988576,54.66870479837024
10670,48.08640068758572,-0.8921460001323546,-2.5056159441791186,-3.857853751906934,5.65090589298658,-10.794333916730789,10.384749286356323,75.06450985069799
11417,85.67765781565309,-1.0399347662624916,9.311040459687415,19.96044770292937,-1.8011564531923137,9.040948526913901,-4.216314878188899,65.52253942716055
693,39.146555410929736,2.3348044138721598,-4.036069432607622,5.3792106619196565,5.1331220703503675,-2.3220456240227505,10.294131134738345,62.48419543011502
9360,65.16382896196006,-4.179738696559464,-13.563106911403143,1.9786031934571313,12.124132370641767,-3.9526078365565147,-7.658293891897272,30.093819156213797
3942,63.444908977259274,5.357155553389843,10.663293212176146,-0.6233313759170372,7.112679406234102,-10.764801830601911,-7.158638445051292,79.99604080653482
11678,42.926297186512514,4.223215871454727,-8.183912361160056,-2.9274119432262986,8.886893754274105,0.7814782808582631,-3.744582870895792,40.09877671612882
1381,74.88705631155686,-19.06601932288265,-8.752469952452051,-0.18939242829786654,6.7673929616074116,-5.00228675102163,10.316870748020637,33.006867157090234
5570,72.71724954465296,-7.1820491669245055,8.467965051469063,-1.2756868611748617,9.430905395958005,9.357517317049949,7.896024591720439,78.0342150134738
6708,38.00524579583083,-12.474239043872641,14.728659542982196,0.2165803631555432,-10.635009664886898,3.9915453583624885,-12.493067406283005,54.487884511884666
5115,69.00783655007342,-6.1784402267247485,7.981245037703336,3.8557527214417253,-10.836638313865798,-0.11572393345186739,-1.318283096642496,30.73261654014587
3823,39.23785746150487,13.203916761985301,-8.079073975099737,-21.852785435542334,-11.626998911797624,10.703623877279504,-8.278450411985109,47.23079270580065
500,86.9214816994799,4.3524569827887785,1.6098097182361226,-2.750538841283916,-10.77175227529943,19.62171619116742,2.7604025134638865,47.73620530979514
881,71.77020109613596,-4.464745519354007,-3.122734401722878,-5.04728017890436,19.387884332744367,-0.4285057071238613,5.555921973840478,78.41118477850567
1553,57.218573363816304,2.556360688939501,-14.579732401136221,-13.41892647661192,5.979493922621769,2.5937315227502076,-15.942003929366425,30.67768296295713
10877,87.94517045194866,-12.430260117664256,9.23063457381215,-3.2284505506419077,-10.392354813867438,6.374635313688471,-2.3947607323999476,53.34516734283262
11557,82.95799911921362,7.841927019241954,7.248924476941165,12.526228572853249,-1.505201591576533,7.333549662462584,2.606436079881578,70.05583844086632
8915,78.86548207959879,16.817391876719636,-9.232625359522068,4.912981489030108,22.465863697655326,-5.189065469470554,-5.958514155623771,74.32062313648112
3747,87.96617814256327,7.890332981842575,5.681999933058383,11.401951384192584,9.595048342568028,-8.846993681045952,-12.572298418619226,56.29998036669646
1730,87.24000698749877,-12.564341301400106,3.516683175998377,17.91994976787918,10.323912488363192,-9.91995352880665,10.721568853984946,61.11735737439057
7723,59.72885473761672,0.6443611869550785,-0.26115869152734694,8.620764210497004,-19.184312555032943,-17.33439772679922,-8.288318427151623,30.214931739606055
8299,57.59279396432057,6.179688692837279,-7.209255774403925,2.946421446215954,-18.561704659622237,-19.988401846146957,-7.741545681981207,30.591761167841053
2124,68.85756665892133,19.145062744060223,-12.780314637908575,19.347267651124326,3.5722823791214675,-3.7724013037425945,0.9525820899459803,79.30409251209132
5780,39.114077159753464,29.295804018946548,14.228845087569756,7.482415431318112,-4.947472039438984,5.28278729733853,-0.6778998517179806,62.379884150160414
2078,73.28219918464026,-8.131752652346245,-4.678462610037349,-5.328708015108781,-9.726331779893833,14.438558197202456,-5.185012016584707,32.212363441388156
6335,76.89365729880419,-12.159001300737607,12.556803519079704,-2.7232769326174777,-9.40547386407792,-0.7984097539943922,0.7014960445071933,34.216201337017694
9869,46.463060600935634,11.152144509516397,4.219710516245879,-7.653872626834585,-0.8591399966176787,0.13312323191294695,-6.399815415863248,73.74912358782865
3211,80.32629674309594,-1.8101778752576403,-3.585797985600783,6.039939370863568,8.084823856739066,-3.321323967156142,12.252772151948577,73.0221930177818
4544,39.88038981722869,11.29782974210176,-7.651091747545491,1.4077641328938109,-1.98316060401414,-20.505245291272615,4.447370251169007,64.51228810521933
2891,84.02313840455342,2.6374047174800657,-10.956329252821833,-13.371632991290772,10.528019364290591,-17.243993035858477,-11.33770766257815,41.471228746741595
12038,38.00454889240015,-10.339036993124493,-15.211071148561278,2.298926946384234,-14.078448156898594,7.751871538101609,0.8550948123694212,54.52311015151766
5615,87.71902112725805,-4.770378728303024,1.5178438505056864,-19.9774922614041,-10.127062525577502,-3.5643411353665555,-4.386517240277322,51.26235441619053
4570,49.70066055484165,15.493425702518831,-2.491883755072781,14.761065195167738,13.515737302979803,-7.610808146523679,-6.791366625860048,76.1690238396213
8121,38.5575026685436,9.059408387427828,-4.3935261734275,0.03201277232065877,-7.433927324689687,13.578065019596618,-2.68472428765808,49.74982626937482
4141,58.04803042156448,-11.094060708047422,-1.2712168109157551,6.062732230999965,-26.295234186670854,-7.3140506282379825,-1.4481642121176268,30.495347435757242
4632,54.40480508197546,-16.86320849490353,1.060709913171345,1.955492328462485,-6.808890560735855,-9.333846044893958,-6.3737565034380586,31.523998970839067
4763,38.12763574085531,-2.9324882951255966,7.3885359225714815,15.794718067952934,-0.24578948281368296,-3.522970694250503,-7.296213017799564,57.522993491949975
7600,39.19481276161802,-15.888489250322566,-15.913470661269562,1.7686278973294955,-8.300469909443041,-16.95368303015644,8.665710917641169,47.36370112256104
11546,64.77198536804389,-18.643406089677384,6.9334260112640544,-2.426619359353787,24.043387864389217,-16.123433005177635,-18.832304609402854,79.93712228496781
11331,56.905932586824825,-5.639154822271346,10.610898530897337,-7.5466005580383015,-8.597200967657635,2.8768812623661995,-11.909870582290448,30.754127312804837
7295,53.54363039878423,0.06055353125764682,7.558557867550839,2.833425677932882,2.8848059266195705,-14.539532496796419,2.8948454987498367,78.1425381919357
10167,86.45010309071698,12.007819251082346,8.936391397377948,-2.7790081403265083,2.1934413069393837,-0.22146034124166505,-16.649074303998944,63.66560240460789
6214,38.162584935490585,-13.38764029707142,4.552127014086699,3.0295910503847905,-0.6657808286094363,-13.034233984929358,-1.7599074835418684,57.84654402974568
558,38.19259066216809,-16.427137289247003,-4.456730243931703,-2.4564364680289312,1.0324217493033923,3.427195420983986,-6.873066331208771,51.902833239031196
5173,80.55383345212903,-8.198287630934836,-4.911426166363265,8.301809990545458,-20.392800388047533,1.0228516770888394,7.224658607211839,37.19935587865102
426,41.18987626365009,-6.031030559679131,22.028065666327233,-20.095702109871276,-2.374106502805965,1.155058113400289,-14.815211893669852,42.780404973768306
11035,72.2459465862679,5.388701122269395,13.714705034921025,13.86939892179647,-2.3781683010302705,8.614290740181488,-22.3238004767072,31.772592229784212
196,52.84008971066083,12.017853771825514,-8.631795989717032,-4.383989968585996,1.243993914355939,-11.98189846499309,-5.302907225047545,77.84242156411136
11553,42.666624416920115,-7.865187938191212,3.5821891250425146,-16.01373379332189,-3.158596522929813,0.31150046679180876,-14.754003797702,40.455109577676055
4746,47.255326017227674,-8.987355626074095,8.59833978500632,5.307068184916241,-7.634608099920225,13.81157951282135,1.885721519446636,35.580802251992694
4639,87.56047824370987,-5.636268260616108,-17.917570829551607,12.66059106201986,-1.79778906316548,35.04081756745798,-2.900183205674063,50.33278365186974
9418,54.031046790769835,3.661760528597073,-4.417009018265283,-19.37463856380429,18.782084044062803,-11.155227048749015,-6.516204314929146,78.33576393287008
5408,82.85432727794897,14.968152968329814,1.454862711426872,-14.432291496949423,12.25063609763772,-16.47723354599538,6.2314658777617495,70.19229042442552
7214,85.83420844041198,-3.669614746962889,14.477066825608437,3.3050383780582155,10.833075535705856,-9.094721147702005,24.575581713612994,65.17835570707852
8800,46.79431369221864,14.595512032160055,7.807431321577752,12.26771547703607,-2.5868164598913053,8.289115913284398,4.517351495871997,74.03616902881953
5398,83.42482153635217,4.003390395990795,-7.230821776844671,10.334531858126086,8.309813419743156,19.857383397369055,18.324403143557248,69.41619454669521
3737,56.331327929479365,9.52441831026591,4.623348459502749,2.58351477502591,-3.942756107261281,3.58366164305443,19.926563041822266,79.09416553474841
11691,86.55829237577957,5.0473238792554875,-8.547124779140333,12.534509326634538,-4.5722015072979625,-2.321499912749138,6.817830334505811,63.36701023886586
6776,38.028020222097915,6.402725277030364,-6.0244930649706365,1.916060628313308,2.0329613560111977,7.007373112846638,5.337758311023022,56.18331144338647
2431,64.85538645073672,-7.254189133001825,13.532057622292692,-0.2555635725558352,5.51614192277594,22.82508325043803,22.461250418703706,79.93105575619337
6700,38.048649202231644,21.00034794258243,-24.254673021477533,-4.3935262372803265,-11.32907346773466,-3.8148253155483824,19.52699270696787,56.55887567390875
9041,53.4196169967549,13.622527532008622,-1.8891146810149904,2.1938148266167183,0.5329911656214525,-19.514694991165513,-14.494685280933142,78.09147594917077
12269,39.48240439474609,-2.587202458266537,-2.848954016278901,-1.0126686766291149,3.8816529229518375,13.34914770402378,35.46937346747587,63.480725024886844
11759,87.9926553093537,8.13793032682928,-7.945295419340827,-21.932708495570026,7.710123490239452,2.2399426902076627,-3.704585173001116,54.394045721333214
2122,70.74099923211084,-19.70848984680089,16.877275302200765,-4.093466138304713,-5.374977548039328,2.8526170613006663,8.028324006387098,31.228653153671342
12463,84.04288562607488,12.94384500770576,-16.502881757097306,-21.688247665814924,-14.356099453993558,2.252279983259146,4.111480931981539,41.50196441966716
2736,87.9752174821364,4.925046309393369,1.8527593652844978,-10.19942122768133,19.429836960036653,-7.976259060424321,-10.399749932525332,56.112884414478124
1576,83.50861838137213,24.601680576623988,9.917046317538066,11.202849085858624,-1.1326302046275396,15.815206195670426,-9.146550322047426,69.29673291655283
8810,58.924357827309336,9.53320830891026,15.33540773315291,-4.78294318053027,5.414840683672834,-1.8227172289552613,1.396988501394591,79.66554562299778
3048,38.351529069198286,20.937732142861478,4.528210247017182,-14.597921187139153,13.988033004368358,6.9819868722487115,-2.64139325937757,59.17766451183228
7616,40.855787283278836,5.883731064067658,9.28592176252883,2.7004638818806264,4.405296081976307,9.182612358164,25.053622748979755,66.6031824581278
7958,85.72956423392301,-6.926816345328197,-13.580732446221106,-2.2376523586877894,9.07683110516696,10.80986459983774,13.207605390615647,44.590057169418856
9216,87.89007620845864,0.14998495533693004,3.115082817289675,4.029259352374044,-2.0768848277400154,-16.89719686664209,10.339476313466964,57.341816888042544
166,70.67899961100953,-6.049795858038783,5.734831361501833,-7.23236611438422,14.859978886945298,5.028904061294122,-1.8754249333180593,78.79144730725972
11368,72.43690594699737,13.478670912851742,6.277962668778096,0.6352535686930194,16.73061758763279,3.854160596719093,11.415918600998616,78.15048176923162
3746,64.0702898086476,-15.507999956079066,-2.662464519068124,-20.45477978511257,-4.395412295186994,-5.48331757537126,13.558697725774563,30.022920912854822
2117,47.99339988417705,7.405055343495421,2.6239195140501046,-1.5665269027676954,7.4301754921603695,13.686798647661696,-12.655843419504452,35.00495178891077
7776,73.20080505658011,14.012201168594041,1.419292756592632,-6.174415747234825,5.027024914655401,-4.011176264957496,2.650387028187322,77.82418840172963
1484,63.54080374120332,9.991987563780578,-6.753055825200506,2.5850014275788062,2.9804448806435775,4.286811853231142,-5.006926196470667,30.00585005819361
7291,38.49989295216831,-0.7838105802539082,-18.837810742344082,-2.1676114337197983,16.40486670760153,-14.366010989357447,3.3047876447680617,59.9744099795642
686,50.31186051268874,-13.026901305240715,0.5478795103181568,4.486845119358285,-0.6003945759593771,16.066489246165382,9.74719818421151,33.45908274119849
7720,66.02945034264182,-28.54627652314064,-13.177360989305967,7.832755201398069,6.6168741644991425,-2.675148025269041,11.451072913726236,30.18423020292404
3745,74.16023776014492,13.565024607253429,-9.895823032711522,-7.15443844013347,-8.095233956799863,0.9124580993813385,4.9601325764237405,32.6292804510665
3635,44.2368972830667,-2.6731888386215443,2.728791018802648,-7.908867141060181,-1.1968921007273532,-4.255257344806657,0.052621737313985104,38.47892326651164
9549,59.56600536845788,24.902691725823807,-2.968698499005903,-14.254476971739177,5.8787656033580005,-8.515726933356992,-2.4550390139831437,79.7630305267861
2472,87.47267089494603,9.94435057970848,-12.989313566354845,-11.486813135950039,-0.7038826398071554,2.277196460533086,1.2691196294883795,49.892321538344326
128,38.44456005847648,4.8173785135831295,-13.936813348220857,0.7200403548689189,-9.775473745870416,23.86132013405533,12.27454452906361,50.306347980705056
4142,39.33943118073998,-0.9491898435303042,1.6677166339865843,0.9722562067631185,5.966209705368497,13.01981381187777,-6.014635860080379,46.92674271752347
12668,40.07259983344471,0.7995177398342869,-6.454844303934334,10.26288803622995,-23.713312119786924,7.986317644157511,-2.9435974774542135,45.03333949596754
7769,87.69102256870735,-0.44277371112425246,2.6108221376940626,-6.380880381510155,-6.410449741513077,5.308733157473436,3.7199068455645907,51.08165793841526
6936,46.55947633660868,14.121346435132946,7.727387561949165,14.793290837136443,-6.486037782349857,-17.784086700567844,6.510349768647838,73.8337245831373
11630,40.28422141858762,2.79955517764681,1.803080407317343,0.05813866579907205,-17.828141207315586,9.3694446714872,0.8512672735814292,44.56000941378554
6175,79.33979277307614,-8.404551537206576,8.537516863253549,1.6743024762740035,9.51648623163943,-0.7358491461527478,7.033340519879109,73.92118315890761
824,82.76374181923181,-10.490290844943948,2.4039830893624266,18.152123903602078,3.34754577710532,10.369269482778664,6.184939073703967,70.30994805029552
4282,81.57462276123138,-9.131257986367771,6.368162676683237,-4.716214227410006,3.5777559621003894,4.125786981629019,2.3990178892570766,38.26729581693547
8160,46.682238747374264,-4.767783898377342,-4.21729801288865,-6.129409370958456,4.933213296086812,0.5781769265890585,-19.649482158595603,36.05981341954873
844,71.34941439399992,5.923563817204224,-4.812480525286159,-9.014826422394002,-3.462003825162129,11.93916342025133,-7.995055740203762,31.43546564692468
1926,39.988838287738304,-7.15775447079235,6.217657176667824,22.748937176393433,-12.24934852372067,-4.277695593431544,0.6110738628100301,64.77171615695735
7514,86.7762108036134,11.893400157676552,13.923623192747547,10.147750072112727,-10.006572090235846,-3.767273488228573,-12.328212714303888,62.72604684312344
2675,38.4670401981525,3.2013346616849288,-7.178612617716609,2.406653828042601,-2.2844757714573998,-6.507779950355431,-1.7940748712988461,59.80976957461944
9091,84.40330336062249,-6.0405949284394485,9.328130273388703,-28.2900309246592,-10.604886663675758,-11.700672042028533,0.9994257014018699,42.081075692877285
3944,67.9183032565399,7.9016270134401845,-12.656442865334594,3.058762469204378,7.711694662509839,-13.249130185425951,9.13644335244478,79.51143188548374
5502,68.51303587789555,-11.522464276075459,24.159257550722543,3.6115449232997103,0.6338199931851853,13.32997482098821,-3.0423909226419754,79.38455321323391
9461,42.124282668221994,0.10367838161313647,5.087718672914904,-15.048888397293398,19.737473729659854,5.454360341585083,-2.2694255473265215,68.75515997303206
2454,76.4081978253594,15.989252616195067,5.995666703390957,-14.558345166278343,-12.802116059252214,-2.751835397456966,-0.867443319116634,33.899757558832945
909,80.43909696448989,-8.594889169282522,-18.186699742800066,-1.848892044634134,13.114763354489085,18.524242284701813,13.38756155704427,37.08693501761579
3854,66.19013578141283,10.435851868757833,-19.178217602827615,8.014044843580866,-18.430249685330903,17.96381468306349,3.109943812027247,30.204374706490068
10581,79.65374903009432,-13.313398307498943,-9.585103370316691,-6.931059588800964,-19.841418806425096,-1.7662472963100473,-0.6491909035606952,36.354554356555795
1657,60.39621214866156,5.006394311972987,2.2181549479311555,7.20893146456318,14.291548931159744,27.674130731959373,3.3976543974246387,79.86403605260462
3490,87.99181435210062,-19.30459046641765,5.378606328325505,15.972337192459845,-17.642375133499105,-1.5713385769421309,9.119860724407214,54.360300547024195
2301,58.380598968056496,14.863997138333854,-8.31743722334394,-14.813071103178018,14.65776598651451,0.2891150907121521,-5.735866295185615,79.56951635881504
5303,80.32006043001859,6.723150889113687,12.641937120028757,-7.713587484530118,-2.336202924878737,-1.9070216039209245,-12.11829541694292,36.97181354931938
7390,85.09477473516444,13.39748579976251,11.950969295009589,-11.052886911425803,-5.161039063713547,11.291256555695917,15.341931910127915,66.69704789262398
11862,84.1774841654464,23.840920152189227,-3.3545292843887657,0.08937374199484541,3.753946944242447,-2.5960897780423986,11.384983934347247,68.2858633299559
5515,76.86460629614122,-0.34196171250618645,-5.6904508550988,0.0009077088254556819,-4.655541525812218,-4.167973990847126,7.43687201279068,75.80318947308324
897,87.64916447435826,7.041763532082468,9.75650272141348,-11.508560657254565,-0.7495542565518675,-2.5817036004790204,0.6530743216920408,59.173570499708234
328,44.32555463938495,-0.6164391177601476,4.869174178404622,1.8661653733935546,-12.923548961990045,-1.3000686244255863,7.722837044356265,71.62122409672052
11077,84.06472450178128,-6.86459805323624,-11.86076817452749,3.1888664894192207,25.251262534509916,13.207090021964063,1.3523261626508876,41.536071091094726
7128,73.35438537951501,-13.212953887406837,7.827543985575124,2.98514282802862,-5.1062589052926075,-9.894319760173772,-4.175938977251894,32.245072985999585
10983,86.43069679375284,10.352816479973692,-0.08778193904483325,6.7315621394236915,6.794543185079499,-27.10740253142096,9.498191522445952,63.71793827457044
7589,87.8182849501891,-19.516005305602025,-8.709584799380544,-11.062173493373473,-9.351087640059026,-12.952043505058592,-8.795837469132863,51.99122414739525
9960,72.76545486083938,-9.666128879728403,-13.52307938540936,13.419291379815954,15.307468775432675,-1.8659843441827915,11.543286816798489,78.01381957348472
776,43.99956865326348,18.981036042172242,-2.302613665296515,-12.48916341472414,-6.639836307493194,13.578322703982215,-2.5957831192307887,38.752427607856234
5141,38.15728982345198,-8.40867523714239,5.5275789676904115,16.27642530484174,-17.521066244401243,-0.01594635639843382,-9.707511069448588,52.20004444963181
2875,71.42223526667878,3.317714147474077,-8.060506550146075,7.254894166728764,8.901892877606729,-8.682941442666303,-2.33399313704675,78.53860558981165
7339,73.56613533178258,2.828009857917154,15.5462728363457,-6.811871816947944,-1.9524628812944451,-2.7456363587958013,-16.56253016207827,32.342621860628796
1972,75.1131741997805,0.9732306348398979,2.247226273880457,10.271122472886482,22.829811231340727,-13.90810594893904,7.6096179918460525,76.86940810369069
4164,57.4080613934205,2.0653270849734358,-3.2695161698401174,-0.7438804580756961,3.7665123544401617,2.2784068657703407,0.9881935604100188,79.36658003537316
10240,76.77376118573918,9.410881734881897,-7.328093176945717,14.195363944874872,-3.8562612330969843,-3.6767845990722057,0.8425077720774642,75.86344896699069
2995,41.679465835104786,12.617357484547568,6.238643364005442,-16.855368001086028,5.375545771366114,-1.8115755816915133,-4.551342754390398,68.05506885939465
3751,38.02694186739841,16.1347013748342,10.164774879709304,-20.018680942356546,3.6850517382941024,0.7261197149500699,0.6959359967654895,56.160330774263
7512,47.304527014668835,-6.84887685727084,-12.113925311819516,3.443636887778492,-4.193981654373985,-16.624580657095276,-11.032526619590259,35.54101421536211
6845,87.09837712478598,6.085770677200745,6.403912491558391,2.240157603979131,-3.2702533716824016,-7.402112506483606,15.834702999978331,61.65343670230593
4384,84.22583642701957,-1.1041459401059213,-16.180068746178783,-2.1984318322371603,7.375794028208028,-0.6182268796208766,-10.626722799448217,41.7915228745548
7622,79.48428418957593,-4.133568182915802,-10.71519281605683,14.922185441779465,3.1593731262589846,10.922547102764515,3.074863902748243,36.204565055383874
8203,38.347921575574574,-5.1676200689886365,4.928186086861685,-5.304510160179791,10.556558297971693,-18.450698111762787,-9.01398820698999,59.15632401960896
9338,56.2964793458944,7.403972602339929,-2.059612407917843,-11.680778810695053,0.2707704494891647,-5.9631203603287535,-0.44672466516059306,30.915506838632048
967,56.119436123053724,10.668013278859851,4.694321497049962,15.130273892728175,2.3519855719211114,-8.097787825415455,2.2538628796055145,79.03451353231976
5651,85.88368518657154,-9.749873208716428,5.471060714476902,-1.8466102665387387,-2.631632177598568,-5.071351565745873,-10.435651244885161,44.9333743348684
12220,56.95929690950359,-10.653288591714391,0.8000141413181928,-15.796534431045217,1.3710374700041092,-16.78440742364593,-9.390782625837451,30.74077688439988
7659,66.04208792847808,-2.9943918533006197,-3.7398535767470427,-5.045937724840229,0.323355899762848,7.714555313788832,-10.19455634603241,30.185776235485264
789,68.76938982066126,4.2839899265008965,11.065873288983605,7.609935194933691,-2.319196698825393,9.17503443170814,-7.022542246583772,79.32517504761785
11853,87.44644301369082,9.696938308536273,-3.338413650939005,0.8577547091911663,-18.674128910595478,1.6070946770978132,-7.182847705995448,49.76822936489308
8963,38.706740752271905,-16.619210051899316,-5.961993074099241,9.779263697037344,-0.7969861487554402,-22.372091836344303,3.624160043152494,60.90233471794623
11798,79.57684576845371,3.9052444715046026,-5.365078691668562,-14.298375719693837,0.3346156207498579,9.54464835417826,7.895032078040557,36.28614993196487
599,39.94107325642217,-16.314572369457338,-3.646094350226949,2.655735846992143,-0.17183638127389753,-5.95933593144414,-5.455381794635418,45.34153752223931
1882,83.7724157064999,-3.3852964455174828,10.756730042479754,5.8352588034875374,20.647483517260483,-2.9053511791236475,11.936005116623523,68.91067021089769
568,43.84910639783474,3.3804061277042496,-9.685605664037976,-16.538934799156028,6.901889097814202,-1.9899845595825552,-0.47207720503063944,38.93005058382119
12025,39.50012813985173,8.739578567824356,3.140613330689633,-0.9369747638593202,10.221761978167812,5.451157071939583,-11.924388946918835,63.52971409583062
11935,72.38617298211078,4.6111958355023175,12.621808766781207,9.696849264591233,-21.888296915636563,-4.788231701959269,16.43564942053398,78.17109744379609
708,39.06457800384999,13.601837146077946,-7.665209646695921,7.341889954114923,9.447153653994043,7.213424216838188,-4.933147370370527,62.21772636404416
5766,87.30408692946622,7.524315572761463,9.741066763349377,-8.95597886469459,11.551766183578716,20.743745234253325,9.347079810667232,60.85758982218362
5146,80.76266428554707,-6.27900211439841,-8.900490938942605,5.757432149146334,0.6596484673406982,5.848295905754477,-10.411011117219433,37.407735862631256
5319,79.48879605807134,-4.690445002632958,3.1867806494901445,-17.59696519914546,-1.1138960291640427,5.0370453468301495,6.53108602087832,36.20852308743852
5928,86.55856307824001,-7.793607732847647,7.111360144289947,-18.251269982529465,3.2890651627678764,17.842696419654786,-20.079684956129253,46.633751994556555
3186,76.53395305760368,17.734062040272395,10.364382810191952,-12.186207701629861,12.069717379131157,-0.7322371837892637,-9.581003142531202,76.01980291616884
9785,63.26428930143735,8.604822229853767,4.464901262620657,-18.802520156111054,-12.522042337215705,3.5938779473899136,-12.800569566768143,30.001397015730145
9955,44.45244277150554,2.943503999544385,-6.237124910600204,-10.307554154491607,2.967856540046925,-2.4831982893419404,-3.060370988425804,38.237299714672375
5864,39.999743374753756,9.857863345327447,5.683648966727427,8.637883777825229,-2.1089343657040565,2.6939652659388376,2.9024945575405665,64.79735654004774
11970,82.38464805939944,-3.448029818776661,-12.963050440964793,23.392686011192335,-1.9066584479101856,-19.248400228606858,-19.808446406453562,70.78719163161142
10378,38.940796666633915,-10.298635365243832,0.3027699380349372,-8.119253964568603,1.1453904557834662,-0.07934630377058749,-15.728992598059444,48.20627238080991
3085,48.423621738567235,4.427603201635023,2.0817754098906733,23.719651882781868,11.192111565507261,-20.059538735104113,4.619352377106216,75.31081477389891
4897,44.820456132024006,-0.9835283869515022,0.47475369857307,-13.71539361749003,19.25894269112494,-16.59223022602716,2.327649129134701,72.16112422751891
8851,70.09461242243614,-2.8164302215771473,-1.2391128908097622,0.1689816356178825,-4.776494041976446,-17.952528673333653,-4.06666028379676,78.97220212194563
8397,87.57292415864231,-8.151437046415143,8.146278537505562,-8.256101976743972,6.259695519071531,-0.13924049610970163,-6.115342430102514,50.39876122184328
10453,73.59816742610998,14.502891208847355,15.769781587386593,9.909877257725903,-2.5675228405785666,-5.298956146277764,5.317955486489591,77.64241257481501
4325,55.19325046868607,15.119729377240825,2.7433982037415365,3.3629679398627927,-3.558659709852213,-9.284732254110864,2.997712459876434,78.74983498374945
9873,48.96062986057913,11.130284377728758,-6.985424508544105,0.17446785753075664,-3.8584783870092916,-7.556462740220761,1.8817495542739746,75.68564927886814
7865,47.85021532974906,-13.099196167981543,-15.36780847114544,5.363270061169246,-11.934967758325552,15.105768567986235,-9.297515212703821,35.1132198572763
4422,38.27481719983085,2.0415982584839654,-7.26612928037695,-11.934413564254328,-8.14419620312467,1.7377826109298813,7.185551031792229,51.303334543372955
5167,45.00618839726278,-7.375436606820314,4.735519262976068,-2.1326619931860535,4.096161366876952,-3.6136931222053907,6.465690293197914,72.35576976124077
7757,87.97981431915544,-14.57965839161282,2.9934508282026036,7.665677749721617,-0.5078929087268409,3.9218843625013218,7.002011261629799,53.995571515479114
4222,39.38970352026724,-0.8763918820323292,-1.282033404015524,-21.377175392729928,5.367027410764072,8.845486577391107,15.581731471547238,46.78088203399423
1968,57.31757043058585,-13.490786553137404,4.3680548501604255,8.20769721889034,-7.9736062837048385,0.21097194929296714,21.25878019795791,79.34563603992814
7667,87.78404265954413,7.176873881991529,11.740874545346978,-2.6569629660849303,-11.526079299677523,-6.951826609911863,13.732726529184756,58.278906746142205
2901,43.378264500280686,-0.46051718886365023,10.842024289119127,5.685034689176499,-5.490234820571313,3.3317571081934405,-4.789694048839499,70.4915298140324
7156,87.02959398807315,1.7385053491497766,4.253658292879,0.8189925120166026,-7.747835407391181,15.114219934196743,-12.151961721233631,48.10227481205876
8492,49.98191221985135,9.916269732806445,-3.597892926277901,10.307756132170775,-19.25968407724356,-1.5285670914884593,-2.8393850041057833,33.65686549383281
10993,45.86066594806313,0.5617712251745546,2.830057885980213,-20.304398282591002,4.304794284072485,3.0996854419263062,3.673489615007292,36.799911311861216
240,79.22740602256158,12.12572603000758,-13.439012274823554,-16.83297272063645,9.700820382901302,27.03317915821382,20.647114928373313,35.98234257909424
7892,80.29479326433218,-16.89048642421826,-5.318467787658587,-1.0718892193247636,1.7900681803447238,-16.996264361074388,0.4610794245922629,36.94757285171852
6640,52.246532250311205,2.4399620905026014,9.958747838113212,3.612686251221549,10.515043807820714,-12.386734916807908,1.1494193713043608,77.56907023686185
4588,64.54928081492041,-10.303281052035704,-0.20689635473928092,-2.8576113146269027,-12.795422696891567,5.949288169108414,-2.20690174585781,30.04805159999485
10005,47.75010523318417,-9.9009892451226,-14.908753242603737,-10.89413298764952,21.483930273153234,-5.1460507450179,-7.415509613950544,35.18988365503516
6908,87.82017573337976,8.44730908491906,-4.6870773408251685,-16.95231140998747,-5.101742969540074,-17.84801853968906,6.312153647687962,57.993138246748174
7811,41.796160160237264,-2.3236300820340587,-0.7915949656696832,8.547510695596646,9.07484046081967,8.051875510195662,5.556772797356164,68.24375989097094
5420,44.25986226885696,22.251496790282438,-7.9858293995067235,10.129897703131975,-9.777348530110958,4.6570987842214775,17.489263931199975,71.54712173816912
10960,38.84253361634697,-17.422184357025333,0.8367356407914563,-9.499706230694843,-2.879751891886399,27.933479641590008,-9.48039301045198,48.56441005636051
3894,54.20709132766387,3.6855443886321932,18.85746420599125,-10.647113472226089,7.065292505867532,5.151725109235983,13.039062572361644,78.40266559774668
10543,63.148560359920985,4.7588292370614695,-11.40010031617308,1.8899315918588464,-4.9991161234655745,0.6855019728063144,6.791141789509409,30.00044140750761
9897,81.74128128275227,4.632694343427264,-1.7910506760972031,2.986020398675888,4.721999683362527,-11.99857216744327,4.938963912345022,71.54582653966732
2492,68.73971266793039,-6.4907961340981934,3.5134700838147226,-1.6740669246656976,-8.152937667820211,9.738336826597829,10.058747883491268,30.667805308817712
12569,72.25596349710759,-14.136911023401925,2.049294140339531,-18.82215645499514,6.267885764884023,-3.6214898209174926,-3.758896612338485,31.776582083159855
6425,62.970139143018486,5.892154604836827,-5.649534042037606,4.487888333321405,7.3370527910264505,-5.492991467980268,-3.168931142316456,79.99998216657805
12186,60.96566012850148,1.584063750435221,-0.8344434589428049,6.3313683027135115,2.295589024683553,5.111333942701776,-2.8909274672371064,79.91709175018688
12289,46.30404388612847,19.20241790394941,7.9275735507972245,-6.428963987171629,-2.18501380811607,-5.990421648627176,-13.877189630391197,73.60766104172353
3179,85.36242997123824,-11.776946831304508,11.193489802851527,8.152180518998943,-5.779931611179538,-16.47580442503298,4.0552306895857635,66.17683880985432
12196,74.20843202652875,-3.9897181439318614,4.765207318150787,-10.173477622800633,3.9697567558799522,-11.960872363611161,5.0715961735420025,77.34661163368364
12142,69.39493047488797,-13.176450547323995,-3.464573336992092,-15.126308619895536,9.5506131967365,-11.661627555180656,9.430253269186984,30.83173849402177
10050,74.0245641425137,24.28946597440048,14.45509979226298,1.35280036666272,6.8018066423721795,-2.2648212343924734,5.4274589768163235,77.43789173401996
8694,38.073997160785254,2.835154208216893,-11.230713629079094,-24.66384318556791,10.627401163396147,-7.11907504449754,-7.299958697855148,53.07792235862897
1406,38.01488718256839,2.753731578022452,0.10134912527328345,-8.506329561745353,-10.769257252212519,1.556791832342783,-11.148088821313383,54.137365952321325
548,45.565869354296694,-0.12474021373194297,-16.37225020750491,-5.890646572211571,4.945465310275803,13.309819146490693,25.328654779065673,37.082101444964344
11671,40.89244055180532,-1.4760427664784694,0.6798584704140298,-3.688635659327464,1.692153588643831,-2.20488089593642,-12.11987704692202,43.32713337502145
9588,86.63909511095709,-15.302532398217046,19.500962273695784,-1.2325748854506688,-12.864368771869268,13.567444543301768,4.002457216851612,46.864080732017754
11820,40.32823293005643,-4.2291418338427365,-6.010016703260481,-2.3482946625043057,-6.60192686612473,2.120990833516582,-13.640356805298975,44.46477442452121
73,38.013918307700635,-10.433330625648157,11.446833565044097,14.443854040667517,-2.3715437945417257,1.1275811272698402,7.501576328004488,55.8340993140763
10950,40.72415569610477,6.7826090107060475,7.53895724927796,-15.429217698009534,21.138294893206407,-15.00639689153742,-13.113041909315884,66.34842546561498
9219,65.07615788124197,5.092621296885688,3.620653301524046,10.724253003657438,-12.890558637409901,-8.1406373210737,-9.306797660565923,79.91364221570497
12694,64.11203339848534,7.537785435395192,10.890230081468374,-9.046731750006662,2.680189157170026,-2.3497872387900935,-16.704814239399667,30.024744611502907
6323,73.7473617776674,2.3187807739017834,5.600384767788045,2.3801909049471606,9.37369058111136,5.123013550802097,7.194534412618948,77.57197853135463
10647,87.99636494679075,4.8025088030513015,1.683340233786944,-10.94343264114912,6.084464834053822,-1.3550893774828277,11.076936606589001,55.42630909778091
11159,86.47773083798188,-0.4130788072108626,0.9959871760651855,-2.01061014068765,-1.8336249044201283,-5.607256059051559,5.9408161210107835,63.59046882884017
10616,87.58557342892803,-8.319321637560858,5.609366727280511,-8.5119603630261,-8.30985786899935,18.766296606252318,-7.26420014455352,50.466835633821766
9970,68.3347580208622,2.555043176681461,2.761570125782826,-8.818927056062789,5.7905883242399,-5.985912522192018,3.0353478078690626,79.424175663855
8106,82.96550538052423,-8.126563155923014,6.271732468392209,-4.398350676391886,-4.681244147038873,-15.387880896288767,8.219179428854023,70.04588298838782
11452,38.18244866889225,2.1530421582468344,-3.959017086837296,-4.925712438614577,1.3641666984321636,-12.66971012938926,10.7339428952659,58.014821044080705
11481,71.92345825258386,-5.783081601883644,-3.305573242259669,-14.785193655012556,-7.640079315320156,-22.504006619684937,9.530286009290982,78.35319877049808
1958,87.07287140274575,4.444588599358045,-8.052013972588313,3.3870511390654867,1.879449284022584,0.34644160428032983,-18.95021460366399,48.25486379478769
9519,86.87384933040963,11.923885103744642,17.507615880218122,4.418433751540482,-5.169126901368571,7.185061833075387,9.838457687352363,62.41884884256984
9248,39.11715440354109,-4.633271484273937,6.484299588873114,3.016356804277058,3.55478337424221,12.07375960644248,-5.931936714506731,47.610163316033066
1748,39.58869386785219,7.042679375953024,2.171820737838213,-15.470794574115006,-0.1017574985224884,4.062835342217856,4.12237930781224,46.230122852236846
6975,80.00109169218503,-6.3046717067926705,4.79191759346579,-3.981429456253927,-1.1022926785868976,0.9999732436605957,-1.3410840075913388,36.67070974440316
4764,54.05017815369806,-16.624821490123086,-8.75931482963974,-8.755800697698907,1.667680089088184,13.954662195526097,-6.490412493250137,31.656892046699166
5801,68.90473906014027,-7.829988970852923,-0.7325898335915438,3.9429131367747665,-2.5818750017283456,26.67081667126087,6.166027505576261,30.707325041658056
516,67.55221953327155,-8.324111492956703,-7.587029220783823,-20.57047742417062,-5.522798511228011,-7.67005788364041,1.4948425369703702,30.41794765848667
997,60.45272774907375,-0.45014386125337896,-9.038311946057267,-7.522464335212535,-1.9812946036326193,-1.0336792694399626,-4.630731838196532,30.130110493215675
5097,84.44565753213296,-9.623618666114144,12.251623445223869,16.630540536585773,4.100721046075356,-2.6161120431885765,-9.85360394375087,67.84849302503874
11567,67.06362816654409,3.890118948658592,-2.6404155395344087,-3.6095262096551557,-21.24484232340279,-2.408908987609782,20.76602817631416,30.332472233236068
11088,85.81741827095831,4.3458374107518605,-4.679995285034653,8.632096579421187,5.5263252665763964,21.722671137693172,8.163551567135638,65.21593967523975
11511,85.04193529800995,-4.301757864875141,13.557804545655959,-10.48675644695048,1.8819201072201701,-5.2997498662832445,-0.3257912543906475,66.79631672677294
4905,44.94472433902007,4.850112919196403,14.886513559593727,4.287270990962523,-1.770896192369554,1.8332916814077502,0.2780718519432034,72.29181947644682
1370,38.11091265632776,4.497738605281897,16.18115021012268,-2.4662103572159118,-4.285641147504654,11.463198923066075,-20.071520254919385,52.64769661840687
3995,39.72353880108947,-1.7694418897457418,18.259761083013878,-0.8183083684717095,3.33824574045578,1.0080318475474839,6.663708863322855,64.12175169885765
3740,54.83764846669135,-6.202935313693743,1.3109885067499087,-3.6960156455165247,14.121696058910846,-7.5015599431276625,3.263611385758976,78.62998132556802
1489,81.96308658145429,-13.854274276020035,-9.533164604924181,-8.356950584852843,-1.2425749013373562,10.02054689878248,9.062330252270524,38.708856783384775
6997,55.21602941450735,1.68368359123762,-11.473188692558967,-8.421465628206263,-7.544214835914559,-5.928741978963009,3.4231033666196127,31.242689505666153
3774,42.85935338945638,4.607107684571805,17.79009121090008,-1.5773826296819244,1.2216970946998296,-3.8672260967737566,-11.748921169893913,69.81061626365351
294,38.763300148602994,-3.343671543917006,-7.8646377921907895,5.322470619165167,17.088198049212934,-0.4159973244570835,-6.925614997612792,61.13044699131249
11134,70.5916586732749,-13.624695067878614,-6.951357222294535,11.170779119303608,-0.5694068491620946,11.438432358710035,10.867740353674103,31.18053907854987
3446,47.92353778735081,17.12613705455739,-19.09435499692478,7.006793871351695,20.18822697658612,9.045417543763131,17.640637436937798,74.94242430474694
5806,85.54987786083521,-3.8061350800371807,5.572598335568916,4.3804083960061915,19.542605208229123,-2.657066830354381,-16.36179114139378,65.79365593584556
12379,41.04981311205921,18.725173346827923,-1.071380093505669,4.668649313622422,9.82051705274965,8.530388698490182,-7.791240497257502,66.96617297152571
3878,84.88164321646076,-8.859038775937773,-3.4690570108543497,-1.8127063922287256,2.1064834029792037,13.857903389038091,0.006526285389407558,42.90894172756094
8919,79.56327163174092,4.818394710133194,0.722339472526632,0.4507624031514817,3.0647569551939307,-2.111473605588571,-4.736451227039996,73.72586534324026
5213,87.92694414290058,-0.37376819278523216,-15.536580237342354,-4.704989886927428,2.4155949604407967,0.873048686973684,-0.5875514174555677,53.09016867322937
11911,45.938445503125024,-1.4140002911686802,-11.849347790105965,-6.063866827645126,0.4961487245277643,30.396209393554376,-2.970151684344062,36.72697731216411
9190,45.862528179091775,-0.16922715674624142,2.8309011069515715,8.376448625975994,19.415853478022008,-6.143380205240306,5.3394318952361,73.20184220312814
5819,71.39419344226313,6.1192759402611685,-5.433309586677254,-2.641005633921953,-0.6609708531318308,-4.809419330157144,-1.391082872241445,78.54862026645864
3694,38.96039510337303,-7.403213812955782,12.195533086711787,11.847245470690652,2.8769140172763157,4.589636884063202,-8.136711028747914,61.862754287752736
10322,87.88405018758436,-4.806816377697914,-6.6004420342221595,-22.188037579109988,3.4748861496660863,0.035864037808687375,1.7387385845649446,52.59499557967504
1906,66.05379898093828,-11.44313584750434,-0.3758010311600071,7.3616771369427685,14.454759861691237,3.4820419667382403,5.002900734293467,79.81278524841619
4680,86.23536446446107,7.950939738498082,-27.698282421781183,-22.8849536929319,-6.218876748176871,-19.23905038550143,-11.744606509962445,45.77406708220466
5786,81.34282118179655,4.455433408318681,-14.136295610716665,-0.14789497006297653,-0.3282245786084729,11.078111437269115,-9.569756501789218,38.013507981556764
3910,63.23426598788993,17.87624868303165,10.633518176176178,-10.430426073437317,1.8984475131209853,2.188394481334261,-2.829747864607113,79.99890236484231
3911,87.99470237343215,-23.029345991516795,-21.73019159334556,8.78825655372934,1.6421495405232172,-8.635518918852188,10.679597055395673,54.48536103572959
10690,66.68325871273044,2.3618745658657834,-11.925511284492575,5.192787082140935,6.77685280285891,-7.931474942033355,12.026238172484835,79.72718352856013
5585,80.7505900500734,-8.599685702994861,-4.668319761443497,21.189115552153396,-5.4359134359669925,8.059364789807455,11.496335343748953,72.60444696303281
5966,47.25156579563096,5.3358715537037344,1.0121511004978618,-1.6914071001205886,-14.401872775333421,-8.839753097157425,-0.3777201172931073,35.58385156343671
2952,74.07425832945853,-3.9590525210753666,-27.11380483800941,-7.097845276246727,-2.5391554657246984,-13.71385309371316,11.041682165982891,32.58659324305164
4103,38.77293009525975,-16.651980020317442,16.549625941523722,0.9044630223791282,2.509866930952499,2.638585244492562,2.960646723462631,61.168393942577715
4850,39.72164607447263,0.40366777112765323,-7.8382716222498585,-6.435188265055684,8.452487003147187,3.4418395837103004,4.6645258348557075,45.883079548560026
4873,42.1340123361759,1.371123013853612,14.92617120604943,-2.5631090959515874,-0.6225330884183155,1.895496478421454,-0.6695481959831371,68.76991498932148
2887,39.619991169500736,16.9609632472735,-1.8719013278147323,-9.78735557053175,0.45839024247294236,-1.4828466426213986,3.515653521931008,63.85297617108374
7858,42.258177783366406,-9.823572778662848,10.274620251951825,1.8538345417032867,-0.7588193324394016,17.669316660309903,-7.26787456479284,41.0437536875575
758,77.36106352128118,-10.520761185357944,-7.865834773217825,11.31443566721666,-0.09008319439485721,11.171051719950718,1.180530365810806,34.53637728705577
12716,86.13730869751811,-3.6588465156527175,-14.798810026554229,2.3482649490348937,-2.872605894477249,-5.062805207671827,-3.077592286226378,45.530842369262565
10241,76.7462838148043,10.85846777695095,3.9973436876812047,-2.25246738923613,-1.6790863824425335,-0.05249063802767188,8.804772320227471,75.8815631905959
5647,39.473711557710864,0.30914791450988643,4.118900230196262,3.8924420447595116,3.68387249189192,-18.27895683003805,-0.877115441228275,63.45658040405297
9595,55.586899626896,13.678364703631086,-1.7381489642964394,-0.6811065623096393,-3.552152905979016,6.443554540926494,4.9380135897427655,78.87563492052693
11021,80.63009434162561,-23.44704998607088,-1.1074475515569056,-0.6102592170566381,-13.111149451744634,-9.562015197273524,-10.734883516543618,37.27488297625709
1401,68.11516272141898,4.831364800314951,10.087566021216555,2.7302668200569653,3.7388313769250474,2.239753069927916,13.881748663375543,79.47110766461962
5351,52.83788412406869,6.125315130049049,6.193661982245447,-9.277422897864582,15.828240884260081,1.232214038860451,9.244512944278437,77.84144043015118
10610,49.13335700516806,-18.70880537201558,9.178266956889317,-10.241504486024262,4.465643095701477,-1.187761300584501,-11.537278380689484,34.198168060147246
7580,64.03108859467655,13.181841586142763,0.25863751572255783,24.723532950721964,8.149839539699151,2.1631228532074513,10.320972768297414,79.97872807630381
9881,83.93872597421431,-3.6323690544405016,7.527288627473759,22.430954461840127,-11.985382955004072,-14.381079627140402,-0.09451210306398984,68.6590539414984
4990,56.718724240782734,0.04151219770576872,3.0133779621939887,2.295616748945339,9.42927168155556,6.924918770770762,25.65207129267248,79.19804898822774
1101,71.30531953393529,20.476815403640533,2.7178299207656176,10.01588090951422,-17.415413073266066,10.089571624097948,3.849670918072377,78.58011169267934
11037,78.71227979031954,0.7989861791074149,-15.118244668730128,5.827431663788536,-8.453095751651983,-2.321682826116509,4.6015514685264876,35.55458244750923
11999,75.72290780900673,-15.969776484881804,-23.316551231076247,-7.418390445775604,-1.5342483832918832,3.6736803681750936,5.0479612047486535,33.479599983190006
12257,48.62382949171999,-15.209936300156507,10.982244223590346,11.387417373197179,-3.9019723123341334,6.777641764333927,0.016114183965644655,34.54698747086728
5991,38.198305977195226,-6.3710218949524,12.86841141922978,-13.83953735335261,7.5473984815519435,-3.740902090780223,2.6481626579562523,58.14260617945837
4377,78.81938246119707,1.3108345474547627,12.944855783142746,8.684162963624464,-4.527066852446376,-8.77128860157839,3.072376034152906,74.35838677541005
2917,76.84408431209737,-4.039765695047506,18.55916110172309,14.674580602099404,-1.3138996307650515,3.270982224412778,8.51430367917696,75.81685205691628
581,54.21447837995721,-18.56630073197288,-12.949272997241042,-1.6752465105526215,16.574839589107484,7.929946886121212,10.556634065148117,31.594560250579338
5271,48.874532085506736,-6.1088077511552275,7.241704517748316,-17.756628488890907,10.591844885261349,-5.625978435936821,3.716884806192391,75.62695217904529
4305,38.00324164774652,-11.296651175920795,-0.16482652541258486,-7.612424724158009,1.2702487252110353,0.3405766552566273,0.5923122228810035,54.59741848148987
74,38.071547316553264,14.164469345639688,0.4976285801983402,13.353555069913705,-7.416406584751951,-13.410172486335526,13.401294998490837,56.89003883800235
8054,49.38885331329993,-3.0796270348681154,-7.973546678376598,-3.6863848743067864,-11.602522167861286,-9.01826903395971,2.9505079600828896,34.0301004801374
8141,38.02352270663196,-0.15259253123807942,-21.077970724215458,-12.18539636766282,-3.118018818409362,3.6687887436566102,11.37018664710683,53.915757400822734
1611,87.77535645809535,-10.198803773584116,11.305994786783689,-3.1001452534603717,-1.2640780989805045,12.74313067634624,-19.105529463769482,51.6560932467676
7111,46.26521800615873,7.226346223534545,0.22645126062438137,-9.430119699718027,-13.830403041990408,-16.97108939768699,-17.719978201036458,36.427249217775895
11654,63.58040198219746,8.16314497018049,-13.193616587082708,-1.1943329427583116,18.76862068675329,-7.559705204595188,-1.6641551974079811,79.99326176270439
8516,58.48852986552967,-10.201141290789568,11.670289174815434,-1.2739248554442706,-9.781164685175781,4.423851840654268,9.425910125980746,30.410436416524547
2317,84.24951207168745,0.00014774604349763757,4.050365116098733,-13.917541984405455,13.869754409106418,-12.472951804484095,25.232375786767808,68.1703544642963
4033,87.40427385298958,-1.0062570049765542,-11.235768174537409,-3.696794076436771,2.3107632680461894,-16.82524701521443,8.268726546803565,60.42507306017987
787,38.00795156600715,-7.972906552565535,6.792399040682416,-0.47941348547537255,4.220071595231208,-1.9931063249885452,1.8885783556997529,55.630487964163926
2342,77.89432447328136,-6.619024522498082,-17.95670303814495,6.282407464871607,1.8561462365643902,2.419499073081926,13.675291581515008,34.92117786112412
12577,65.68109117804879,16.301967779491367,10.921456906095424,5.046145540739415,-22.267404100880263,2.730223183383507,-0.5813047843656182,79.8558192400691
12715,39.84124026840625,-9.65877689517995,17.11350646437421,-11.114356448300418,-15.225119379951506,8.245229783600118,-1.8123133179589739,45.58342696654925
1556,87.97245743599012,-9.091535792387216,-2.81755242598995,1.2302870441299314,-17.92974711498538,-12.24536214807147,15.89085268694407,53.826812202730665
5469,38.0998488880451,10.569101693698883,5.371306775517102,0.17962545230233082,-9.067890232655543,-16.331796598660063,12.723883836196334,57.2321457393753
250,87.99313793928923,7.416054011751063,1.0873220846034855,-10.108630056624667,3.72721503757788,-0.40812862281897044,-21.81145474947547,54.41429021891258
614,87.97116490271407,19.235764522518867,-7.841960437685608,1.7755529108555315,3.0530573449685763,11.746508269911015,-26.254348766731358,53.79961531105178
6396,56.09228551365149,2.5421426674503382,1.3054919421923596,-7.01480277317475,-25.52151868052551,16.551960070766352,9.89091865120031,30.97327570027302
9802,67.61923711066994,12.426553921836078,6.150311922470651,-2.2893139680503145,-14.09098024299865,-3.9724488722794122,-23.611803901292397,30.430452822336964
10628,40.04633695699689,0.6290157510208638,-9.288308979550717,2.1817208433598188,2.5748986927999207,5.399864238482037,-1.4129698219420217,45.093973909368444
2473,40.569389301813786,9.484503457521594,-8.885191477905126,-4.763085060924366,-10.386897221946567,6.447784216499216,4.001362433049918,43.960629379062674
361,39.870514377097564,12.085124129508138,1.1567521755287489,-21.104915946351383,-5.43526100245619,-5.341562930502763,-0.9804052871171588,45.51174964390434
3073,74.37265393601352,-2.7005554366952547,6.573224204903382,6.293183857276007,6.764049758960521,-12.605464099077274,-1.1763939545504274,77.26348450830812
5664,84.24687268460931,16.864945293049182,-0.34257728814834876,-17.444582026800056,-11.836172116206846,6.831261216623075,-7.820830420145141,41.82538800859765
4948,47.84098205922626,4.427917124471826,7.549259054906629,-5.4422343076029325,21.218085798194334,9.757342111912836,10.245378661849891,74.87974283212185
3183,59.13113659296705,8.63126751484564,-4.992261006920869,-8.300108945477202,3.2209541345477763,4.235613900742462,0.5112061760862462,30.301176223598798
7770,61.63498691930988,-2.9374812268443735,-4.8723538007369624,21.59196173712814,1.8855540082106566,4.4874156676580155,4.632750755871757,79.96270697038975
5456,85.3656177356319,-14.48267188355575,-4.303378974584653,-1.8955492728835655,3.063787790279464,1.392522486223282,3.492191676719753,43.82954149089717
8092,57.68554160129713,-2.8790879678044257,10.66646024578786,-11.762204817349417,-2.233345085508009,5.907113000373647,9.457987793903348,30.571399304740016
2268,41.26867983537252,7.326943561404572,8.912126354487654,-2.9162860753169726,4.902750716159324,15.794274218804434,6.839403647241879,67.35919592459214
7680,39.90193401295903,-0.03257943132182295,10.260066175547387,8.74804052477457,-3.298013173065268,0.5616250505347467,9.507857748194391,64.56448365873982
10801,38.009573610062844,3.6886577379014285,0.29390836212879157,6.817664587600944,-5.945199166604313,-5.684315832210239,4.242435159930829,55.69180116300323
3417,82.10038581634294,6.320042978507518,6.8962571526155925,10.117207298051996,-13.28968434921785,5.674197449818067,3.3861915544557517,71.12994921463938
2341,49.62662062489718,-4.5349347858280336,-5.185534014950166,12.389332026237202,-7.567766350956511,8.552272724498284,5.0807664423137835,33.87767237992994
575,43.55026099842796,10.245070875246201,-4.095905582031393,-13.4454364455582,-0.9261650140978701,3.965454755974246,-16.144863229855666,39.29306991259185
4347,38.3264647246988,7.376190933217749,-1.438181779914529,5.479640465060637,-2.6393749919787273,-3.1735569393885528,-1.4339458275884553,59.026991062625726
9482,80.31264367839808,-8.883992648352624,17.863280027553483,-15.166269097499097,-5.960128239316969,-5.927882233386441,-1.5307983762498025,36.964691051583756
9452,86.40312989805834,-15.450057930262549,3.6912955914313454,2.724590617662912,-0.085544904962702,19.50047055401446,-0.17398138981548067,46.20832717996126
7413,43.60218562287713,19.685683649947478,2.854120005937939,4.158222341015841,-13.569974609108398,-8.081802362694086,1.2035737198698109,70.77101129892073
11218,53.780223758972916,-1.784258653859293,2.958444473713459,-19.504741593274016,9.52710504732808,-1.8463033055441815,4.068944630239526,31.762191883368335
7260,67.98909464995567,3.3025532527051134,4.7883388895259404,-1.7512874225903068,1.3701817488741241,16.099476548700416,-2.5714669964885912,30.502879055411764
3922,55.957609453835545,-16.62441171569149,-3.3177898102165146,-18.75310846447562,-1.9594593919209602,-15.94600605495032,-12.51132830099948,31.012404551616818
11416,39.44394154899001,-14.607135678777713,-3.9610030145985857,-8.23785925950692,-2.863981617242481,-0.725915863465515,-11.573333756903441,46.626702546033556
7887,70.74138271414445,-11.52680089548764,4.719632099777783,3.3357327200284597,-13.126701646128303,-9.524807552225951,3.5782629100544634,31.228778035760435
12680,45.264117813000546,10.486688538183364,4.065011210602088,7.400086018270507,13.812198663068948,-0.8284705389846903,-13.568823119700523,72.61926454335922
10004,40.48019527403315,11.344905156852192,16.285729840417062,-0.293266780810661,3.2720978238041805,6.394888093870701,-23.934022203385794,65.85626064095374
7905,46.03295621725329,7.593686192729898,7.254649317333465,-5.093282566980008,3.791999669765875,-3.394371053740273,-9.868624156924913,73.36081221717482
11184,83.66107855963298,-9.97467177328797,-2.4192227804270336,2.0013128416883403,-14.140921103241821,1.3667199767147444,-1.466446002601356,40.92449529314582
629,38.474599755731305,-12.91483062628663,9.05855742384604,-12.439179413863197,-5.204051094538455,-1.0135918352538076,-1.9846108400683002,50.151830978768885
10614,59.27094488726774,-24.216216484180016,9.239249144047104,-7.935136096769535,9.896964539613638,-2.2514778736528926,11.791066847630702,79.7203185247724
4758,61.977515883973055,-4.683466947155781,16.534763745987537,-9.044717937464636,8.986796891390668,-9.573038378174306,-8.066780162645555,79.97908177320521
5085,67.10239127431302,-9.750750962978191,-4.80743560577735,0.6100335784412285,-9.59243183766134,-8.783391322981585,11.56250197184687,30.33888920116451
1051,39.7665121035227,1.227292384687852,3.0217035929859533,-13.893412112402359,-3.376351193740998,0.05143316879186197,-1.039025988490683,45.7693423763936
4505,54.86448964888938,-1.4518282174692663,5.607508547542509,-7.017193749109531,19.739154939825227,-2.4033601576004813,8.278737591579112,78.63923584481893
3593,42.69300836750197,6.0714346917302064,17.250515528341126,-24.7823463242251,2.744861782772645,-2.077827753602661,-5.21464796511646,40.41829602420709
215,44.28330614801806,-3.525417646505267,-17.277242304109524,1.0723220833104299,5.780636397433366,-1.5778848764644144,8.649849717369605,38.426365176848456
6678,61.94722850951987,2.37572487944713,2.225230666152804,6.699403106124409,-16.500362630510935,-1.203781377490193,-2.437586840909168,30.022176392070662
408,38.818797621439955,16.204456672256338,-1.8172737087317115,8.801218254336806,-3.5176005639681263,-18.397792099612445,-13.325495856840579,61.34582158015194
660,80.98690613110317,-11.665730523926923,-5.868886712722604,11.852249986761565,-7.253065160163001,7.449521193977645,-15.688743195545351,37.63707375380281
3245,42.8341258828454,-13.176534602077101,-11.62636127848262,-2.719098411274267,5.396695620038695,4.600704004005505,-7.777051998613146,40.22375145407082
4740,79.07932832615403,-7.8929523163873405,-12.503190938164895,-4.645961093753142,-1.6954702342743238,-7.692321004645368,-3.2813784753392055,35.85698036934244
154,78.18379461945074,13.09562613609083,-8.91994117241647,-8.43113885698417,30.194843953150862,11.099057242605523,9.779598552238607,74.86082528381786
3166,38.007485177313804,-6.057611872165581,-0.7365833070890869,-7.163480035499057,-11.935216576782079,3.859958333464369,3.322439750512362,54.388278790779005
9848,74.58521455906453,4.01344825210715,8.500366673776021,10.207682046865166,4.947854830958624,8.683371335975387,-2.093829111734971,77.15361829635148
2738,85.72660689108676,13.20658545591927,-11.261798067945428,14.922931940404574,-3.474348570662195,0.5923374002428903,1.2211675031779734,65.41639761232297
3244,87.78669814492004,-9.110909930955017,25.367016930999053,1.8213569379326944,26.406760021600167,-10.366558055413801,15.563166914099767,58.25877201912279
9015,86.73332672017784,7.280919801338604,7.352304131303113,20.214726993958678,-7.761784592961904,2.7974997801275396,-1.6918654545827962,62.85679341673767
6831,78.62158582082236,7.940846322454698,-7.643883176948295,-3.1805341468115094,-7.929228855095633,3.7452143397988436,8.66882388792195,35.4816482139838
9573,62.97705752671075,11.197711264570493,-1.740380028015478,1.6028510621667738,-4.740968870910219,6.69879161180857,-11.215727708550729,30.00001052714383
2286,45.393842031301745,11.767590213284723,-12.518658620123347,13.96093849488363,-6.911509264184006,6.421148169410888,4.3441083556875215,72.74889296776684
9061,69.07193843017068,-9.31663501312424,6.093987783089737,15.22872439341249,2.6810229266719867,0.9973576312216338,-5.187565826340085,79.2514239520119
2000,49.34927322218,12.249012333729539,0.5102496686575132,-0.20530936067011568,0.7721828562219967,-11.440369685935583,1.2417137242372045,75.94415571077784
11587,86.66833367310718,-1.6781039639143367,0.2650646970720889,4.110578209861067,-9.32065230698408,15.697104083107918,26.32482364595509,63.050464653575006
9831,62.62869868401057,-3.852809030868483,-0.22729122506507768,-6.484317179699197,16.628616308384967,-14.08222005324344,-0.3094456614216491,79.99724255458479
12560,85.77946555385043,4.653391014078789,10.641741176633882,-7.028109275721544,-1.0584454294904249,19.210454892365153,11.213888976487802,44.699711213711446
5918,38.41257850587287,-7.088675771951306,-11.950596277607593,21.538961790469124,-16.681986687258824,17.195445256652402,0.9200151358383137,50.47687008033869
12737,74.05580439317161,-10.851522386163431,-4.557424636088299,-5.878059826796873,-4.987749610699365,10.188894870174313,8.913540027195276,32.577484770438275
4587,87.99499998161131,18.67030177296276,-0.3646437703718497,-3.6866550306744723,-3.3653607241493084,17.848149820240838,0.0264747217781802,54.50002408132956
8891,62.56894600285072,10.145675397911027,14.073924558388061,-12.30107335318432,8.862253760748553,24.346447507725895,2.894407442472407,30.00371642720579
8318,86.94622615312406,-10.812660092497692,-13.405673608031767,-11.73542962679508,-7.446530032246345,12.055383950370334,2.746672307192664,47.81819987583633
3772,39.37443847551092,-6.310169801520304,1.6661583469491452,4.250324348889661,-3.4823009025380958,-7.324387308914162,-12.805811544994175,46.82486436488169
6865,52.34293138880088,-3.7019553476627474,13.274645202501711,-12.490758068770635,-4.436192284509815,-9.083669318597313,-1.821563732914124,32.385250639987305
5273,87.43211069169439,-8.934675357013857,-3.6456927073427954,-1.394070665330918,-7.562522489337075,-0.11817423803987716,4.279825075931535,49.70170148549625
8270,71.48698157029251,-10.309187217493283,-4.191330893196392,-0.5738830849585141,-12.809792911010451,-8.566086304252913,9.941925557248133,31.48466152007343
6517,38.992447834721176,7.451212272523965,-9.200146177464907,7.227507918564948,4.417043850310779,-0.5452407822214859,12.305943663366357,61.974054705221064
7203,38.5137920052624,-11.799200579360122,11.428812489919624,4.305231908624043,18.64793119229125,12.065020153285197,-11.066152314034884,49.95761782106428
1607,87.50935805247948,-7.318359273713513,0.5550533083484598,9.67193038768604,-19.2204783050939,-23.217894776676232,4.500812290157372,59.92862738045381
2154,41.44547622773858,-10.288192370753528,-9.446271755510807,-6.208418422661629,-9.499089375258926,-7.948061567732849,2.295142140597876,42.33498894785254
2220,66.33656748313764,-0.7171199190983585,-14.012506962145888,2.152877886366257,-15.093196424154858,-10.450785426026723,-3.1146877744584205,30.223654074289556
5296,87.30081674380673,1.464732082933492,13.817695184147166,13.961749878716894,0.9959860816749831,-3.993599406648984,-11.82075769696392,60.871141761524946
10470,51.805358644240584,-16.293357857754064,-1.917545829266587,-5.323886428622994,9.891489393163626,-1.7227321649926197,-0.8275178921198292,32.646476677804884
12603,69.05376387006461,29.96125455547244,6.307691007406124,-0.3168055621943914,6.76759879113007,-10.492905753851272,4.709265732883728,79.255967162855
2747,43.40277226967249,-15.716906694154535,-1.1414084863055376,-3.795544448249366,-10.797205832045371,3.9761052659596707,-9.241674012561559,39.47747877161437
10646,84.84345764484104,3.328168118547546,15.357464991956391,-7.788114945676914,-12.381844621544447,-3.501140766810673,-4.492828421506342,42.840092182995974
5322,38.031817135731245,-6.8053366200165595,5.006581546004286,-0.385672285693453,12.903950769869038,9.681358848188683,-8.987011695242032,53.73910965725162
4284,40.272751626521824,-12.060166283135842,13.174408999351757,-0.4993187380493172,-4.236535892791819,7.697479547253194,-3.158096018553318,44.58500209456413
5196,38.028941618716274,-8.245826831481043,11.634999807932596,-0.36550815379472695,16.652813998040326,10.58698522786057,10.518062821404449,56.202598569149245
8306,76.07597483024506,10.167082988716123,8.191985772892044,-0.42052738813389323,13.614772681028127,1.369887669804595,5.834742696233261,76.30771884174365
3785,85.95806427910765,-8.702407258877333,7.2988574055409146,7.389316475089688,-2.0140516799677095,12.668977372926289,1.4676246123964343,45.104178429439955
1997,75.7755259263177,7.567260106706502,8.82161420202657,8.885498010856512,-14.754747979377319,-8.076618638171267,-13.800891209449746,76.48920513434558
2238,49.25174835794662,-13.722232734300263,-7.317020050936432,10.616904068976943,-26.921975326185226,-11.077724562638538,2.598898106321667,34.11973235835382
866,39.04548836558699,-3.619610585208476,7.037653990649476,-10.760791120978418,12.469116104917806,-12.799516988400939,-19.200292349901396,47.84588423655503
4298,38.00253764881756,0.5329196911963492,4.295184349227771,-3.3820779224170012,-4.381309124144654,-7.908268829368107,-1.5420078547994875,55.35619657664887
1787,45.129863602444445,-0.11396420901216428,2.029976815550258,-12.601271738664186,11.418250436111443,6.274580964911284,-20.27643461466951,37.516916029122314
12673,38.13027261402635,14.012367293884749,-6.4103968831036084,-2.103179543483164,10.260692731453641,0.5675174692087219,-5.450666682101531,57.54885459517651
12277,38.00001605470512,-2.826889434029454,5.984429686875581,-8.368596345826916,5.24752012031057,-2.579824405128353,27.273366084828332,55.02833257839085
9724,76.42599826417889,-8.725495939166514,9.16964927100577,-0.1990612070249898,16.92366358443886,-1.1944753542955853,2.352329778473004,76.08892056531735
9312,87.76099454200222,6.08591379785579,-4.192634312595793,9.605688380977229,-9.141845445110429,-1.3794521186607833,-0.24940076915466758,58.44864455850934
1516,87.99592165712033,3.480754932204559,-12.312412247082792,-3.261099452487264,7.751627784057101,11.849308576897752,9.950059157422427,54.54844655786641
4053,42.71270034111427,-6.4913371241016655,-48.220978813415854,-5.037402909350713,5.60579460997025,13.11007222889698,12.069531874403799,40.3909113032135
637,40.597173355958844,-6.715175463533684,-11.048178901177144,-3.3228728652724957,12.86696569189456,15.608565466426894,6.697264660556539,43.90435408112535
1243,87.47481382261266,-9.521373939883661,-10.777412189554079,5.996010682005918,5.705879932647585,11.15191609610214,1.2787510823385906,49.90259984419034
5426,80.64251189240882,-5.311550853121108,-2.736565956408808,-3.7461722301629905,-20.134816263178156,15.384866221969675,14.132073182689693,37.28724261651469
4929,85.50125262013039,-6.186673995418194,-9.038949463974145,8.434214200465135,0.9977141420503421,-3.102632241540463,-15.720063582013772,44.10533935704855
4627,85.57100100371659,-4.384885187698319,9.077637768518823,-4.097458398507646,1.2617837121661681,-10.587063293355875,8.767549951999152,65.74941457430239
6753,75.522842215422,-12.197963393530902,10.139494501734545,17.316986320088226,-5.928215448124893,-8.059048915958368,7.72349521895544,76.63743105933892
7975,48.90943855899223,-2.2292384700043373,-1.955654317431256,-6.843844252027943,10.48796273050009,9.71446492594781,1.3439883615654724,34.34918698265889
11221,43.420077613370665,2.1585421393908395,-6.669886651152531,-3.7452268684084467,-11.647705141234663,13.114343804561992,11.91292775673041,39.45565571233153
8213,74.00984479017833,6.868225783933753,5.4631029142612375,3.742538601049026,1.0708322275041937,-9.713905914058467,15.737644430988954,77.44511790337006
6192,87.58748880933526,-8.444026876842269,-24.710174686932756,-4.290921530056138,-18.041146154200906,-12.192379193621047,13.336443613144525,50.47723601645924
3619,86.71061510727458,-6.680213746153117,5.83103223876087,10.543905155841472,-6.279546538900965,2.091001736831251,-10.65900219910839,47.07493020632104
6015,83.86507228171624,5.113451194066472,-12.185312171684966,6.364748192430564,-4.096575986537905,-1.4823825119737482,1.9213007059393798,41.22869800350175
10239,48.71387014949364,-22.147746724147726,-5.468991196124847,6.142244537775903,-22.928995889893535,-12.881897777771323,0.9590434297107059,34.483994202221744
2020,87.99904779362586,-9.122349385051361,-4.303726382771491,1.4721654377440978,0.29375817940481125,10.788601193127851,6.8824014243310385,54.781804188835046
9620,87.85977374827807,2.6610708700565064,-10.273812715617092,-8.36005027367263,-2.221132817245279,-3.721620720054232,-0.31935684785266877,52.35582731569507
3495,38.992876391185874,-2.2444942061052187,13.076828171067758,-0.7258162082755026,-1.648787059833305,-18.81934571923503,-15.493178300152463,61.97552980289808
5521,79.00098567675754,3.429797359415694,-5.676009760465045,-3.4757429373626296,-13.857373795100493,1.6252932950065304,-10.66985928037064,35.79144832705495
4061,39.5031211084691,-4.627227228168856,-5.692303329730594,9.497485638707593,-9.836950389969198,13.809391313685094,2.43491428340741,46.46204460325953
11795,59.303326964947395,3.7226066802583775,-1.039455861966063,4.876412065849064,4.141230960464465,-7.105671585478021,-9.090247178138082,79.72518166711652
1903,66.360739131982,6.646509714023109,7.490561792558524,4.160542940560008,-6.570357940416841,3.1266526878280376,7.394445484880894,79.77307878497876
2276,39.14855181082038,-8.359305236208417,2.744878962889449,0.169264364947443,-0.7355472977126212,6.080464607671567,-13.615063969626082,47.50944466151673
6172,87.9935082338087,15.913875328426304,-12.633544469064535,18.2240108032823,11.90607626115068,-1.9732568907134518,0.2565298311155822,55.56968953521794
651,43.593634701904875,0.34523015988735595,0.2228152566588889,2.225814758767415,-6.172291489541967,6.971160263134978,-4.244956335576717,39.239511875678176
3485,87.99090622280856,5.547495126317004,7.425003385950467,-5.402933282152348,-21.501484806501438,-0.8375505471494216,-1.5752315349906252,54.32575511660205
3934,44.26682952780313,6.944819803596626,7.789600702575191,23.16396979763042,13.68687956843079,22.334847925735637,0.05561387516714921,71.55500903230232
11716,62.23888971099012,11.025728130991578,4.971592283484067,-3.9500901413859815,-4.872774218632227,-11.444913498249443,-1.3308968048538052,79.98841153670963
4318,83.47351037436593,-0.8183877439755282,1.7294214083380968,-4.012990772547995,7.689663997716881,-2.3806614882409174,-11.39417696057507,40.653036106871575
6764,87.8247123312847,-16.15363685143667,12.860066540707098,-15.49778361804634,12.297372913297128,-4.328530865627747,-8.694884474835781,52.044723757588585
7370,59.082357387008976,2.165046924814247,-13.955870104474275,-21.086330831068217,-31.876082960484066,-6.118933511571109,-14.459164820832681,30.308866442447872
2558,60.67400099403928,0.47913328919042586,17.74168698469866,-22.053411326251666,0.2113467789846989,17.970665061493843,0.18104351417343345,30.1084406148536
9173,80.58006916449892,8.085127711085056,-2.4625316561808623,6.501179221061624,-4.5326202408160245,-6.158634068601793,-6.0600091511965095,72.77473398314119
3670,86.67839370575096,-6.8657199906397075,-1.6384399041852158,-10.720299703662828,-4.740980392794346,-4.089151751421837,28.2965439328577,63.02082735853685
4323,38.05960368576919,1.1659453954622716,-15.573095792128246,-6.626879585141584,-5.403146380287879,-15.925124622456357,13.541706971288008,56.7252917692675
820,82.16839770619683,2.656258642546157,-1.9594656204510912,-2.8583495631040505,4.976349137509074,-9.24804250065556,-11.515239499284462,71.04906630857596
186,79.12265911454952,-20.94617141575214,11.184723563741963,-2.9086883647097785,-3.438873222401769,2.780887331591715,-11.253531948744042,35.89346020138567
3848,43.61586119170866,9.50964751634166,8.670334620942423,-2.757007418160253,-3.9858245697259758,-5.790387330608152,-5.893657561525229,70.78781690611129
5235,41.496295144443295,9.235981853436794,-3.5574674079993382,7.442896118925749,14.731561354818737,8.218252237233099,-11.253902632473025,67.75110495153683
5176,62.58817790698135,6.228284691359925,-4.7531038870279305,0.8352927197884512,2.8819152612110424,4.520280640401893,1.9983828549587455,79.99660782113648
3926,85.2272806864641,18.361951317040802,-4.53762485872005,-9.976127143506787,-6.984177188109227,4.265768140219196,17.483495134035152,66.44325099284028
4353,53.33387110698296,-8.496002848630555,-14.955664491089331,-12.768884236294184,-5.135167393649932,-4.129861477918268,-6.525876254316488,31.944285909484798
10033,87.26113127383447,10.577311344068491,-2.1124330988957736,-2.0105432985319345,2.832672429106298,-5.304345255410593,-4.2734006804048255,61.03303483445697
5248,83.3194866336368,-1.0747865196994217,11.07068083921284,-1.5433109205391828,2.6094034347863575,-9.64805443323361,1.3340214670925943,69.5642872446768
2452,80.91827872652878,-9.63128882079664,14.012521954769126,5.673027635792796,1.5616373094244187,8.502103327001633,5.906448257075363,72.43373991656483
12347,69.6151017901737,10.116076728152537,10.64415044077406,-7.012461812349055,10.121209268166492,2.4699859817277754,0.5958555481185296,79.10892839397141
4931,59.39368681677225,8.504491059693093,-5.506792884756298,-11.429837623310403,-5.05156544115394,-0.06586095629291377,20.295980299710056,79.73852269688871
12224,79.19020292153404,3.43129741911947,-5.87024634054475,7.705256039831657,-9.008490095693054,-2.271124543381991,15.756126726093667,74.04933934181317
3026,38.15401477808467,2.2343683685911775,1.605403913816322,1.8558027756935538,-1.1965551419641116,-6.224048427163929,-5.472876740770775,57.770743285179115
7180,43.78182776922834,10.064200824870115,6.269066116680866,-6.7682235146376355,-1.4418228407287095,5.9992795918068715,-1.6947662565845492,70.98942951166167
5287,69.47621158278153,-2.2931539603180213,5.871197538262605,-8.227516000578651,3.396283439287804,15.215623762455941,-13.727671422445827,30.853391883433268
5768,70.60349707886284,-5.847038753968183,22.64842008606155,4.513292477303997,-8.717391605057774,30.557752459195115,-4.035011711486409,31.184315416689696
8750,58.452388539754175,-3.089993212318854,-6.245499137263937,-7.919950958742444,16.518011271244433,3.0648205364879244,10.40999983128583,79.58290523934551
12365,69.80718520077453,-10.300129092102225,-10.058820901748897,7.010899657317541,12.307596844338722,-18.42793044731804,-8.247076016643382,79.05539917861178
8077,70.73188065179507,-8.635785215714854,6.659875913581135,-1.926681362399238,-8.369399326578877,4.873245194442806,4.9886601050817365,31.225685675788732
2464,87.90851746404141,6.914545437580256,0.8936190601474665,-1.6903828592629944,-13.10503545251496,16.990038752407223,9.305492152453894,52.86323661966421
7006,38.314457092267425,-13.115337195691922,-16.75866891335592,4.505052508791819,2.7278403554362,11.40513927148525,7.836060323912327,51.0472830419452
11918,86.47318275786685,0.9451019318123948,-17.247904271899767,-10.599154400002963,2.9523011125964116,11.60996063736663,4.858547233689994,46.397111460923
4699,40.366130733185884,5.781713622199529,5.0560032849139205,-5.3135432645886205,-7.215299972966155,2.5152335641422408,14.985847919156178,65.61640061474544
8494,74.37178363965036,8.550307795653238,11.03084404251194,3.154781341228091,-7.1797043954152775,-7.680902701895268,19.281725950845537,77.26392905246018
4811,85.48123820881898,1.8215643964525108,2.2327215306583676,-4.832658112074586,5.351451064988867,-9.44333693473229,1.120196418933424,65.93590090474203
1086,65.33473560718765,-2.2822250253434913,-8.150749302813274,2.606573030807512,-12.702943282323886,-4.681077464069464,-12.505085225082443,30.109258555749488
4059,55.435409649478096,-3.4239542434129264,-2.0140374317708587,-3.201474640640654,7.713226711016286,-19.087302451077235,-2.5264843990638894,78.82807111011697
8591,38.47317569424969,-4.901696763685631,0.00045760593918528817,-3.7357398439139695,-2.0644242848208956,-0.6314505152745159,-0.08399864376358396,50.15904043862626
7646,62.810882398779476,-14.71409948814643,10.312770710306534,-1.3094627175444116,-7.484739969336981,12.266660740456498,0.7824569897760145,30.00071531957547
4598,75.30562215557944,-3.066658917146703,-4.857887504926762,12.509588470724587,-9.991003926053226,-7.49292211393615,-15.802916158830982,33.23829824291968
5066,58.016616058047596,10.373219609955148,-9.85693542386001,-5.01072021681618,3.658312752119313,21.927909240061012,-2.9829282150814516,30.501716703264883
3666,56.80994808414628,-9.232740749242819,-12.305343704489907,-8.75742262542827,-0.7831242031590111,11.45369791850598,13.922910686248269,30.77845468845896
10733,39.90103824606763,1.2246714166601993,-9.213605779968958,-3.330358458040945,13.352798576986553,-0.8184173378869418,-3.872501170967748,45.43767988977729
6542,85.9742897831266,11.41654102772037,1.4431350752381709,23.55440687426435,-21.468241431609304,-4.442825429213471,8.529585552181233,64.8580935763932
3594,49.86851786472846,-11.610800440143896,6.024552690614954,-2.7474831233391006,13.19916942577952,10.29515432235458,7.57326220991957,76.27355581305214
3206,84.13514909068596,-8.979195978281298,2.463978719446137,24.467303824761387,-13.451002910443384,20.199215910019927,4.68578629730307,41.646892761814705
821,39.37024318269616,-7.333988857132301,-7.540310264153805,-17.166113594465408,-14.109966562499011,4.100524224995237,-8.728550395883353,46.83699854495403
12424,58.68719894465538,7.076684338382987,8.548167894747564,2.2175524368556667,-0.3572279500169173,3.40362388163528,-16.2771520555769,30.374814781264725
7202,60.44661874073073,-5.608908408960216,-1.9600751899368396,20.150788997936854,3.6699050531220383,-15.723179385399364,-8.112985086316087,79.86926303984121
5489,81.65080840451739,2.1473324182785123,6.9551947858020045,-9.210141390204273,-9.13887878726658,12.110782482370517,2.701066043497104,38.35225703412071
352,75.66641222293245,11.357183712831045,-3.3761069923962497,-7.809800164069912,13.347428126176892,0.07740009074229529,-15.731197969356018,33.44629958919472
12350,40.37186100959321,6.143957443391789,6.772889407624396,-16.397802056905558,0.7611994137477185,4.825970563311673,10.48536565163447,65.62860883798214
1458,38.160651032462155,-9.613101944882999,-15.462529449857694,5.176523595288639,-5.907847641824173,15.502902418954385,-3.040818068378985,52.170381144239286
12466,67.90161054759653,13.678748832018641,2.3621929864825724,-5.355999500543376,-1.958771750498647,4.446139440978425,-6.447439064397646,30.48522457700886
10215,87.88622535826809,-7.3708687422029815,-10.211856360234401,14.332401215427183,-2.9265823927446224,9.397124165289387,-13.221253957268571,52.6176088865398
2635,80.33269002819107,14.559366725133497,-4.055270846071149,-0.4748708501000021,1.7830509491837254,-0.6187889785585362,-16.77005651173267,36.98395558435077
3978,62.05144083892244,9.82328843975394,-9.024385321094158,20.63491608337095,13.404963787743352,23.400798566390787,-0.8047660648580697,79.98199822908359
3316,39.989009655766196,8.34973311649284,-1.9774313324320827,10.325638434855453,-1.165646278459628,1.9390504903804404,-4.073425139788597,64.7721196972601
3003,56.02298900071817,6.819249074747581,5.820973890732825,-4.860888288446696,-8.828350938672166,-21.44557126064067,-7.761978102954286,79.00669318160875
1613,38.095778023741815,17.297720094458708,-1.4865429093833744,-12.733414768992601,-8.229948353539406,-12.890453770008705,-2.0434167522350943,57.18625884955531
8984,60.4994318403348,0.13539750461189431,-11.388756043138732,-5.644052168235931,7.921493990374625,10.665418089271235,-1.0379724493286553,30.125371181083555
12566,52.418870731332945,-3.5012200429170153,20.596176233913454,4.980690743621884,1.38995633430381,0.9177953586631106,13.94954464456682,77.6503797628154
2967,44.725056457784305,-2.0232957648388887,1.7976433360774737,-0.5694850514922878,-0.6529291996132582,15.449916268678516,-0.33397083784905246,37.94050298136464
825,75.67436292086876,-16.44650993597322,3.204805376943427,-14.41224033847827,8.031663417027865,1.0270951056374273,11.4728080153337,33.450973930358074
9110,58.134674428328736,-2.637290166277455,-9.137849378283972,20.581325881458863,17.720189168297182,5.787411089819363,5.666693692958048,79.52200250961658
2982,78.05617864415507,-10.43773599510489,11.75794525570576,7.497829304516691,-10.127160481775466,2.063664525614161,5.665800874965799,74.95774247341839
12054,80.63242859154487,7.666195825945924,18.7084916531134,8.908886528015941,-12.645619887024075,-10.764141741768913,2.198762814965324,72.72279498171976
7730,86.07524821399983,6.758781449177053,11.175566926664544,2.769647906517042,14.29490395128176,-18.587454558089654,-9.436091314364393,64.61940330074053
5455,43.144914351226994,-1.281094621416615,-8.221296468679013,-5.481687236115854,-22.107182327229218,-17.72995564411112,-7.566270182193538,39.80870071784878
7631,39.41464694427225,-1.513463801172641,1.2380101225294766,17.263003924912116,10.628371309385653,12.443329191591374,3.985837911952801,63.29042346546144
5234,54.846444800692126,-2.5535244226065386,-3.754400188056572,-0.27683609733059333,3.66750820908734,7.337590027903174,-17.565481834588724,31.366982046047536
1230,82.7718412503408,-5.272178055818896,16.044304644279958,0.20238879586076372,4.816451329527162,11.071271926600748,6.3455947923542055,70.29948670940702
7285,72.91201599894173,-1.0461101381023978,9.612693443225318,-14.704265648289347,5.480869318637383,2.034853245400446,-5.128606287445264,32.04892292643495
2740,67.44884637438435,1.7088856897045612,-15.907423101019642,-14.195650944290827,31.83343361257129,19.579792250225218,-16.30656559240378,30.399029166776216
8276,87.16104958905206,10.251757830310384,5.858077423374109,-8.371980125754257,10.423405857761114,12.393940608075667,-2.1854439077772367,61.42212447367439
2843,43.18043291778194,1.6316961392101237,-3.11123136154246,-3.929372210095767,-7.707881327268348,-4.958705502272704,-16.66843379402614,39.76238992907817
1865,42.57634656110225,9.314942075808672,11.069077224216903,1.4918316437306318,2.5860552378458443,-13.466427765867019,6.3277234557302435,69.41784936139229
2015,50.84817227198352,-1.9871739465338099,1.1243121915175942,-3.7855065256186644,3.4317666202675117,-2.5650767365275002,-2.870422558593688,33.152046254428996
1937,39.31467496385456,13.393564035258326,10.64708772442004,-2.0509843226803506,-2.3531587748857214,-8.607424927222716,-7.6154514026675715,63.00033611369809
388,67.08827931469507,-6.805321013442983,-7.7340424968536094,11.044497858919012,2.174996508217372,-6.295046576849796,-3.07906542361824,79.66345418316413
3213,42.251965243848275,11.804926105687311,5.859460321622766,-3.1404663037638674,12.590090587657885,5.012565790791095,8.729334453859542,68.94700877455521
5923,78.5011164825339,-12.890193874170386,-0.25802890145768903,-5.822217504848023,1.1150213168929877,-4.120449445101317,12.070667729715867,35.38583706106947
11746,71.04788155163445,1.7762819160916656,1.0601153747898997,2.7241932359166636,1.1736843184232175,-2.6551795364546447,38.12697908515331,78.66921212315404
8690,46.38995270383474,7.089590388698552,-5.266183000608507,16.839782359977878,-7.630295189084272,-3.54647148471524,10.720488295528224,73.68438730114406
7934,86.30148497325885,-15.832169691844548,9.048615264651836,-8.41900015748088,-3.5893175360089655,-11.142181027168046,7.375175606122144,45.94236244702892
12644,81.44161839497498,-8.351254375982759,-13.429991927425139,-3.795220284462613,0.7069669970144283,7.67305053672056,9.33998963280937,38.12082019249394
5623,62.13989228705219,-24.411076605213154,-17.088887140156302,0.7296652882698512,-11.168302200692066,7.254802968659665,-1.5890877087016317,30.014800086408602
12700,72.45974744477037,-16.024946339852054,9.528055336517095,7.984772687547973,16.676572242057432,-2.265044317196225,17.291560163333198,78.14115766942442
5635,42.61024529457963,4.78524632157484,-2.3224722103902256,6.439443108153999,4.396172160777611,-27.887202158825147,6.656174064283692,69.46574930837625
10038,87.36529825978008,-1.2558456504581845,3.2065944828223754,3.2655696590620815,4.407746396113666,-1.4226616035880393,0.25345703853929835,60.59752094341397
10598,38.80737373939704,5.652915286745477,-9.1977927845757,0.8289990223774759,10.85245118521253,-19.672018272314983,1.4293628056033802,61.302129371473114
12398,38.1401010205056,8.021748902218004,18.9531782250643,16.931285042874585,1.200210448537621,9.547840543562916,1.1154489761195439,57.6429950301378
9856,48.863896188456735,-28.62829789649325,1.9582828681152662,14.455333916344763,-5.377554348455206,0.7929445866972624,3.4169850319557775,34.38033538029117
1639,87.34782760818337,-10.672286737850952,1.6865143700999683,-5.741096467966026,-6.198427525606389,-7.5446436566612824,-6.18197870366272,49.32696811553259
9652,81.37034869453018,0.25142977876634726,7.05359546330358,-10.813339730321719,0.2130952274903157,13.599476490564484,8.702360735387803,38.04328189650564
8982,38.372922978102324,7.175841629942303,-12.720563461034152,-9.137434271320823,7.397124246476833,-0.23065224229528786,-11.096692858700191,50.69801471904895
9185,40.92702832650095,-3.1856679391506844,-0.6385073897219053,12.07356566823939,-5.240994669413381,26.634851829561427,3.04540152268077,43.26186039012533
4176,50.060896394665235,5.098978440293561,3.2691382964873372,3.971945307167339,-8.83790615117048,4.1859814623187015,-23.99827428085016,33.60888974619567
6989,74.39551556670457,-0.5518601218536535,-0.4871420481098764,14.52970657343198,5.263970747335591,4.345617229831543,-8.151776634028959,77.25179150021395
6814,51.56069813605204,14.06596699676747,4.775867593020534,-27.698604689010402,5.710290985589765,14.002329621563707,0.9183887353722932,32.770686630813884
4866,79.9087157377057,-19.05441533160568,-15.27851887764702,-9.607246171161592,9.958214586836801,-9.675288079461888,-18.672850037691113,36.58545867795064
2189,38.37818726875366,-4.296006639645946,14.588817019372406,0.672148812222977,-15.215443181853054,-4.025537713777308,-11.34386699660582,50.66798686204257
5224,60.82345882730168,1.1848417605418011,-9.865543490514707,7.215766141124684,-5.051094069187313,2.5641863847488198,-7.483727892889442,30.09492685167239
12553,48.83913374148656,-0.37691493161667,-3.7449240368086736,18.809504746259705,18.232187709103233,0.6509752064854311,8.891796706434139,75.60266649753123
11486,85.20588681030286,-12.398130562422816,-16.646330371095136,17.568401627656115,-4.962715819841627,1.7264857592314,-0.37641716871713615,43.515288816517085
1850,46.707773888740036,2.5397390773799406,-7.908222094036368,-8.644514356010566,20.64666766689524,-4.353668989694755,10.14035714161321,73.96215621546186
10715,55.40675560117488,9.24613159658952,4.230597657934952,1.9401760885205444,-6.936533385809923,2.4382564614597806,1.2632871491179967,78.81895546617675
1158,40.7888043933373,-2.5008777600123375,7.5945604882763185,8.169585180420267,-14.979302531751415,-4.6112777058484085,7.3660943046449825,66.47444071502257
3847,85.2333320046513,3.086641307235482,-6.003319441548598,10.344286461287792,1.3624636257190477,5.660663082510143,3.5714018676534582,66.43148931552439
1645,63.0234560822685,-5.357892286483128,-19.656451495965893,12.671044499957905,-17.715788588293258,6.336326110342138,24.49448489715217,30.00001100375833
8266,87.99996065784715,-8.214521506418237,-0.8472209908454921,-2.8464985590102616,-7.063123976029555,-2.3307581703967992,-1.1563497895319919,54.955647930211484
8274,67.72254293814436,6.41795763091028,-13.697017836333988,-1.6647873408841924,16.868666360424513,7.979876553864703,-9.041450589018185,30.450100036916997
12253,62.055397351958014,-7.469261181317721,-2.514498669536511,11.053174521017937,0.6035207784971004,-5.437767795800758,22.931033877106138,79.98214814297026
10209,86.06627502106727,9.118879927911866,11.751906465649167,0.2998802451439545,-7.244228672979408,-0.21301235055525042,4.838485376982108,64.64090019928057
11338,81.10994561687731,6.991805842107194,-7.750643254605026,-6.279224659506171,3.9296588110577164,9.410073802569693,-7.97074203577637,37.7654454727212
4792,76.20272496422963,0.8098643665714769,8.630252512041999,-2.0927691630744047,-4.354737663593349,5.389008464617895,-2.4225992643207417,33.770585181901325
1633,69.92770658095912,-5.328819615189262,-8.883052460840727,-1.0380490285906065,-0.7949113802017107,3.7782494730480334,-9.953241010319417,30.979032460616086
9615,84.61078624613842,-9.52504976174284,0.056251007356142746,4.698046229004397,0.6112147210810429,-10.008915664796863,-19.720552341571285,42.43123244611014
8801,82.58401135935051,-14.604926827439584,-0.22771470678970246,7.582299915079646,-9.356768025518926,-3.1085076703676724,-7.083623504791334,39.46080764399803
4738,39.94362277817554,5.3463570952597514,0.6462764352708062,-16.736366394192995,-1.4955766760287235,10.657792521767405,3.865436737420214,45.335452964316744
11195,53.241332057216624,-9.219313326903327,12.19873850073116,-4.48150765150296,8.61783583622332,8.277524254140328,-7.561259241287192,31.98330171413606
10927,39.927331683765814,0.9476963983012675,9.210248712731241,26.216689699886846,6.026194126102852,8.819002858440822,1.1256310515535497,64.6255896842242
218,54.24458391495669,9.828000879014912,16.247709600959986,-12.099951889182021,-8.845237044170606,-0.034117913550933215,7.517618116981334,78.41671815557775
8979,81.03267458774144,13.973253308171165,3.008410326617199,-3.221451863073347,8.423175212420022,-1.5146313379556404,-2.423162415221852,72.31538758482247
5710,61.575495489026466,-2.813234939846087,-15.605231961737578,-3.5939809715293825,9.29780716750108,5.516021013150205,-4.769414656039085,30.04061725726744
11034,87.0159766732173,-10.84696553057223,8.66562288488385,-5.581352117781451,-8.417662305961244,18.605209426389305,2.1853957074883725,48.05501156001806
9702,83.0154572721371,4.693649884744249,7.566571169768674,-18.38460330536964,20.665793583575308,1.4429856401335253,4.093002683121604,69.97936815046796
12109,86.47574530194686,-5.628839027245215,17.527479955158896,-0.9846281395661696,4.373793290556938,8.347322771277002,3.352601694175752,63.59589335195127
6489,65.67932700407775,10.84838023934431,2.669103679906919,-1.0937032920309537,-6.251213362437947,1.0942477875617747,15.831014272327304,79.85600947065356
155,76.80946875896416,-2.1262458105213295,5.673487982039532,10.599894641687573,6.255179980753055,-16.29723267271752,-3.1437812906978566,75.83983139555579
3363,42.18380604569341,8.282372054376877,-10.245124054481794,-11.405551559447883,8.768719263368434,3.907385363869663,15.518249469160413,68.84507382633583
6874,45.46075566314704,-1.967214451742263,-4.730704427209566,12.204355764290195,1.8596643924516767,2.9092830281956914,11.746530236839359,72.81501917181599
367,78.4464330387134,8.683748691291324,-9.039119789759187,0.297975152767227,4.85124320027967,-9.835644977345076,2.4986558098720355,74.65725582019381
10995,41.585974343308166,-16.484699387567538,1.6491927733989629,-2.9038846098812208,5.331892523363388,10.931149691364595,-9.101176979019503,42.098856439270826
3554,83.39293621534378,-4.916684096603876,-1.3076317170717413,-17.14568409154011,-3.279438888430138,11.537828088642097,0.6820972866927193,40.53873613694432
5832,78.76139617662146,-8.609873505189729,12.72264906309677,-6.221365305825261,2.791660265738512,-5.125905021519751,4.676295392119469,74.40562780647878
4402,44.071675621833464,-3.1253325647878882,-12.879920745170924,-13.933412460734163,2.7388396324010547,0.5345514098884048,-4.7575574070591715,38.668480283975214
3947,86.34236205736886,-19.5236270732973,-3.381741845175476,9.060858504603392,-2.3977746947619147,-20.901671562463434,4.036701899890071,63.95176706481501
6962,47.717629699378726,4.76761849655044,-0.3149879978467538,-3.477651012221653,-2.6007907521289946,1.7602587406316035,15.687501625446655,74.78507412153638
5624,55.82959492979905,10.535163502104988,-12.228397053027809,-13.00410379670264,2.076270361488519,-6.161466161449245,0.8625429817678409,31.05035926930768
6185,87.7572341417501,-11.95286027486269,-2.935112806040011,-2.1671027199627697,-21.066371381677158,1.7798016919891535,10.1270297705965,51.524462969473205
7389,48.49967185517031,2.4225930541641523,-10.315617051734623,-15.513045176945699,-0.3593393650987437,5.473406984535215,3.760682581201162,34.63482178589493
5524,74.69050372972967,0.768018317616149,5.79032788775744,13.054309473373793,10.794717867019692,18.572129290817134,-12.576127323332768,32.90176200360814
7131,44.79250444279086,-3.160656662286547,10.11335255812684,-14.709392059397095,-7.22390288979199,-13.543905406233987,1.5362684335797283,72.13146536447508
11592,41.308842248407856,-9.982139948565909,6.3460443204889225,12.63688294408562,5.017826971826156,-5.436474546370594,6.799719021664206,67.42954847915016
4366,71.15155818490581,-3.8601600367833417,-8.711930372271784,1.1220566772313352,-9.273823415334892,15.558946753578871,13.697927436146351,31.36629315663548
12677,63.93772691099973,16.298155769994512,-0.2811662820562603,2.8198944457311077,0.9516040487291982,6.3798280921396,-18.55210786513747,30.017592825342334
11182,66.53376486283912,4.488092270044736,20.643498386724623,0.572435907906521,-2.634098908811713,4.21555229020661,1.1544375616822267,79.74898999745572
2652,73.01898379150903,-0.23691173615340505,-5.50266597864507,-11.220518376703616,-2.757355188148862,7.1016842296577,0.14395353214950757,32.09541609665263
9324,87.87400567649145,-0.6777381197913239,-11.787422878504731,-3.5040082162263815,12.27790559676738,6.277860702130248,1.656652408476425,52.49324081613908
10781,49.44234398782621,-27.097088920854276,11.379189735435487,-4.289176545126315,-10.795202941362238,-0.6042699386668822,9.478211482651039,33.995477547547814
7279,84.9013267164679,0.9311008333334725,-15.203976284816857,-1.2636807512102144,8.56781049451737,-5.215572312272006,-7.615479080954342,42.944632396375084
3202,54.46963498499933,13.892756486352907,-10.132843292543512,-2.6528205430380996,2.6842073422919777,5.3657061452632675,9.293079437971606,78.49963558676714
11545,75.0846898953801,-5.108815426081614,-5.736491531735024,-1.1564723814068598,-12.230853349223045,-2.3797428461459145,-4.824028590592318,33.11483904257274
1985,41.278568252456026,-5.328327105362982,3.0890215671734134,-9.94103786052161,-5.10455739564542,3.4904119423626376,3.858870631144311,42.623433317887034
297,78.64206234972018,4.899335985736407,18.337494737955943,-12.004201034683579,-18.589805447669438,12.412771249188472,-10.139874016470207,35.49805431636457
10692,87.81862784861242,5.460307303929834,-5.490881371122196,7.898778893234773,-1.039218763307836,13.198654792590798,7.506190999332042,58.00594605940957
1984,67.5725995708094,7.931286699690397,-7.043058529983645,-11.754385395448633,-16.23654389583358,-19.642433016077028,8.471697295136003,79.57826953154013
9490,82.66399197967372,-2.5573164940240374,-5.862978936346982,-5.229605366295926,8.193266325706572,-19.487946760544396,-4.9303241128505935,70.4378566978492
10908,72.64200140303996,-7.1117148932710865,-13.265411323505017,-3.393238973565635,0.9255411543255816,3.777144221129079,-0.2699402286153967,31.934185274658613
4493,85.36234599117977,-3.238052883660008,16.075662697412195,6.090848371375968,-15.379359208416775,2.302842162921279,-8.825710985650488,43.82299316584417
6601,87.79262677763244,7.460703414259909,-2.682127746572207,-7.378923403462356,-5.799715377459179,3.3603785072482384,11.582057381256295,51.78664389383574
4551,86.67847793961386,2.9872397116752634,-2.7062829140307594,-2.24111895384394,6.986622082000034,10.652203330154643,2.157822458009643,46.97942131369439
8951,87.71258256168579,-15.633395239744212,-0.782017925905774,0.09459549181595506,7.405577666698467,-1.5161779652677343,9.170406281023253,58.77998189570575
9650,65.60417895174024,-5.242954350026552,-1.6112423858491094,6.5325726122316565,1.6330981897928807,-16.05804852269133,-16.997835611979927,79.86399509305198
984,75.46563832214773,-1.7879979921698619,-18.417109566427847,-6.621856888693491,-2.934845633211132,-5.975379743063476,16.083533640690202,33.32956250507614
3886,83.84329863134604,5.750506376323825,9.213325046158912,4.736231255983743,12.68651502941622,5.268422168409279,-1.1858361309596115,68.804234935864
8563,71.37870564077572,12.46615206336337,-20.79028200887343,-3.380580300824115,8.270668472391737,12.508749333120983,-17.079650676921226,31.445864656387126
8034,73.5117978560715,10.663723284052013,1.033370378031109,3.334899354950193,10.112849107878052,-7.758593537356577,6.333180349101621,77.68263886396578
6299,71.45039065270016,-12.601635833608796,-16.508365005447022,1.1074609548617662,16.556629866178657,21.97893064423375,1.775396406465382,31.471487556227494
6739,84.35599454557169,-6.570486424573935,1.1206013827636032,-1.0152773651182303,-17.688114204189294,3.1721827931507414,3.2084185261711635,42.00301969804092
11519,75.00163267348381,12.78756516783179,2.025852948732973,-19.66237920874448,10.377873739678435,4.4869327492163915,-11.67080695823496,33.06918120154275
5169,59.978945673829784,13.413246922540974,7.572300423021606,-9.485762833151739,-1.8847331874431186,8.878737823942329,-8.312372784038565,30.183206678574926
5532,44.74537161706833,-14.811169519974111,1.5596048245458694,-1.4860171679991117,4.668722527024101,-8.518314616182085,14.467576684989702,72.08123363814995
1816,55.84751188345761,4.064147971931262,4.6293148232090395,4.559082265867206,10.561098367473829,-3.3120169713667567,-7.771090160706068,78.95499767778574
6479,83.39803194272847,6.867518989973829,0.9479361390794414,-24.612960457620616,-1.8722827530473196,0.3373303006565549,-7.174441727646825,40.545924697047234
854,39.868913770961015,5.8251966743021955,8.453069716252152,-10.420202619715461,13.462872981235659,8.810698772969612,9.26557255257617,64.48434762462675
12173,40.66378601514799,-10.308533251582855,-9.157063787780684,17.845970617895986,1.307789538181954,1.0195579089156284,15.516385130994648,66.22913820481793
8523,38.765420691283225,-11.237368636874328,4.036902613871223,-0.7724662823722592,7.512565256223428,0.4382650874817432,-3.4564585666118868,48.86117554172489
11829,70.02028288411721,15.210601660263167,9.704954501706712,-11.15629259413087,-24.32935798975357,-20.891409450473,-9.117557881592543,78.99407485665932
104,42.288731821196194,5.971549385691251,-10.068312455308403,14.83518911372187,18.92617310491086,-6.715470069345864,4.801111792214609,69.0015488580967
8307,48.84379939332967,-7.264342063117231,0.7202185901039562,13.352425532748269,2.050648568740862,8.665918144326636,13.280627148841116,75.60587257030642
12483,50.53661998483268,-2.2221698637559366,-0.37185602157204484,-10.480203286422839,-1.1872935986453432,3.290296302889732,2.0370089620375262,33.328263599851354
7016,82.6472757200575,-15.714548009216925,-6.931486373721393,4.74113980989541,-14.366647693424529,-17.122556221504208,13.757160002257837,39.540874643756865
957,38.11981900960818,18.296750092912536,-8.315099737010232,7.2715482672884555,-2.4016555834061384,-0.6562214867798863,2.335048688209744,57.444707320998866
10413,67.60507561410849,1.6296435127952391,-8.721247481315137,-10.646843251198472,20.146985377921638,12.277808972436722,2.9503343583661037,30.42779459250059
1762,38.5732756534441,-14.010308729448882,-15.038712850937195,13.95757826263939,12.394902004045282,23.234334706306633,0.49662367678322883,49.67692403798582
12656,45.21723977720373,6.242721257757784,-6.301544683063941,-1.5579777073940118,-0.8611150339806806,9.693548285112486,-5.1765772674236565,37.42804965695228
2214,83.66899139961218,0.6116694986491367,2.521576238957177,-0.7376966087973263,0.030830004558571444,-0.597550455516024,-3.279977254685394,40.936117373827464
9209,85.85361855257426,-10.911825045356897,-11.8266172517309,-0.3106513520412709,-1.4813881836163518,-16.184311320471526,2.0406214641033986,44.86530123519039
12028,86.5969063660954,18.103121258939876,5.444426142968246,12.018992062433364,18.874527771112927,-7.556664101268752,-3.519110534225944,63.257482058698436
7546,62.29385450927632,7.345572657476442,-21.729502860141203,1.1653867089503231,5.20573841215726,19.813156766348953,-9.496528539142883,30.00997481902168
2977,82.74261572955757,-5.13438650582843,10.670646965226682,2.600404895565095,-13.437526968723365,-14.363262691736296,9.561111069727037,70.33718110198305
6361,77.12168044109727,3.5765832777525706,-2.829346161725916,-12.958999844838242,-10.260661825363622,-6.108532778479644,8.455833951926827,34.37045464583548
11116,73.75009611000775,10.783883175657516,3.044852069705497,14.241576588105954,-15.398486448623832,5.034559979103673,6.542801036585216,77.5706764104578
266,73.80214919792323,9.254413246682905,15.909145704595167,10.667475109613028,-0.8020900682009536,10.524082807615045,-27.22121562097894,32.454189464430286
8195,72.96884949361768,10.662325252938594,-4.139796389436768,26.082024987953577,15.964525114593972,5.615512189449196,-17.662918017378463,77.92644847711041
2597,66.28017550093341,10.201545661369941,-3.2917338242724226,14.536410147625316,-12.31446696293971,-6.69122657099358,-10.603543262590522,79.78387477137254
6578,85.2548285581617,-5.470247576361098,-11.604137091966304,-19.063912149778595,-3.715429910486146,-4.468596893552016,11.274518555959771,43.61041678344505
4261,39.14605542755902,3.13047211691,-2.204587936915694,12.386166894691243,-2.9643644886039517,0.528970996826694,17.64116996006685,62.482601708958825
10277,66.65693782428373,1.69872522821063,-14.271611906577178,7.228744838387984,5.569401806935717,-9.102540189651116,-0.4442047045037625,79.73108986173725
8845,52.08237829340911,-16.56372099827072,3.1356721335922666,0.3458091138872435,3.4621814913345217,18.992418042667975,-8.059380632224954,32.50987914056985
11413,68.5608817268759,9.434303364205832,2.5482347687610702,-17.51148048859234,2.0676788469530902,-12.80992767970379,12.582253745849396,79.37368651680943
2302,58.11389580652515,2.5828566354305056,25.212794377194182,5.9312225480341985,7.447599262713932,6.123720814097959,4.600620910248519,79.51787074381679
4002,38.44523438571327,16.823861347909325,2.448577331391553,-6.083336679595586,0.11054490317547093,-18.104509213525574,7.117648761338921,59.697178475153144
6860,38.01832599210434,0.646181992180548,9.563102917762446,-10.947957791963974,-15.421055522459904,-1.8877851668724535,-22.472964868773797,54.04294004198783
8287,85.14604497796698,-11.525731537005584,6.3138680020755835,-4.852410832180166,10.233365218350503,-2.295788928757512,-13.29149028665179,43.40031501143831
137,64.33898280720358,2.352740074889746,4.775123268537164,-30.192340578405425,-17.737111391076134,8.390829404705805,-18.40515331933433,30.03588325131423
11403,84.06008718611399,-8.327887632559287,10.719929825732917,9.082985906577445,-9.68591751654598,1.5768862176828438,0.5309281911455673,68.47118137778855
880,64.84949814693802,-13.359113924853164,-5.735195827620766,4.197795176682904,-13.224532188374534,-5.457987804241727,-5.45183630459367,30.068506731355363
11201,72.85823749654777,7.621670373718609,-0.17116251348032635,-12.396969680821858,4.68498634186736,8.516090965852136,10.560594756152566,77.97422802754555
8667,44.18224335883225,8.653201838892812,-13.756049273757021,11.638269215512997,13.746534563034079,-20.604257470241656,6.531529313487686,71.45879810295355
3152,47.771330664511666,-12.12510708874457,4.157609528807834,2.3265191614355167,-20.869176561792877,-1.2230367686450945,-15.886986836001071,35.173562340391115
11719,48.4231262866806,10.367793455738587,0.7541586308574512,5.7754841057134545,14.605076717253606,6.475558352000324,-0.6053698907311272,75.31045919584139
2197,39.35890298212276,-9.722499219019786,7.035960604484549,-12.317182063750948,25.051260363518857,-4.574118571704805,-8.097891709443424,63.13010035555009
4497,86.62046106869374,-10.864309455004864,4.005342468470349,7.146412209299067,-2.793242787469033,-25.70159953418774,-3.4964596865062676,63.18986073766357
2014,65.48511156817712,-8.743011362814212,-3.700842114285706,-8.998243265883293,-1.7374055163974562,28.913290841066924,-4.169993407477243,30.123822229013715
8214,87.04287349326773,3.451427681410535,0.8800156234039076,-2.3759958818035467,7.681565859588661,-3.8290648772360463,7.573052418670283,61.851294343897635
9098,42.45188577184885,4.616584891184953,-3.3211330262165575,10.95691151955523,9.692916070862568,31.11146475762677,-11.539944571066776,40.76009123389998
12536,78.52575763955714,-0.7220826444246055,4.008800288610843,-8.190334761421264,1.8433903718968614,-13.14931789817242,11.706069488142772,74.59466380721376
10726,47.01239900802167,-10.241264323254963,0.5056017865597398,-0.9272449952416291,-12.030473842719452,-3.523134314226173,5.070788932497264,35.780306596584495
2619,73.87985834537551,-24.880128339643054,11.20856461345409,3.34158282726927,6.647618214999808,-1.3353892102001677,9.331083443552782,77.50841359102331
4469,58.650465519163056,5.315466601658043,-2.548301046747925,-1.5389764688706629,2.0760942000156417,-8.702149673843845,-17.371454403836672,30.381276438450133
1875,38.57597124708622,-2.6835680617588538,-4.447617031164335,3.40089940257132,-26.700232489807657,9.706375507326822,3.5638238186608904,49.66456941973367
11188,40.16432209959144,5.089225267365455,1.3714945616724739,-6.510273582283489,-6.862793210732438,10.67808409839884,0.5143418622078617,44.824941531922676
1138,40.140470059853556,-2.2116349857188964,-0.7298955293606713,0.11109082371655275,-3.171747775977326,-7.085091846281278,10.344505261954854,65.12135815567991
8038,48.84687158141044,19.755034731417304,-7.40264043933066,-12.960466132464703,-3.6638031949610124,-9.988851814957737,-0.8287219445819648,75.60798282139503
852,61.296689883691045,-5.1069483317229825,7.883009739453883,14.105002807360354,8.782668531852302,16.506506016655646,11.173697395579271,79.9419071974795
3625,87.56004370751053,-10.33003646944637,-9.335810758463165,-4.301310490288115,0.6492216220299328,-3.5219526318324768,13.266046621263023,50.330497554859576
951,38.134725619189425,-8.893552360255363,1.252035679591362,6.386733302128032,5.660714901201635,-15.862508667543917,6.680686842931457,57.59193556382199
5529,76.89674038486912,-7.949275933477936,-12.430870868316767,7.0414494595643085,-8.272315996383758,-0.01218654702437796,-3.661924016281992,34.21826266464838
10458,69.06465237386021,7.9792492407616935,-4.0793936296005295,-16.91321699863326,-18.467540441153535,-10.538815749117138,4.33217316396398,30.746752968226467
1041,42.32248013467691,-7.348686843436826,0.47332461345737253,-5.210891499148364,7.375230746424232,10.56494500602058,-7.423942309486974,40.9486594155871
12191,78.19688193250853,-4.487511210574746,14.755759730036361,-19.113528643793373,2.6092939095196344,-1.7978783569639865,-0.5045845669417203,35.14918693026918
10509,50.9740721401739,12.493127152190555,20.113405725793267,15.248662495018685,18.995038775922716,0.9148450789093743,1.7682187098894269,76.91750576845502
11342,63.66199177796512,7.54709423257863,13.227048865116256,5.980094259052039,5.155575306728538,-3.0449113823357434,-10.688417597321614,79.99123380079317
7105,68.99052998864275,-2.347619255068753,16.191831358568095,5.778084151001794,-3.3405943320966474,-4.815920667938357,1.4241064495146738,79.27166146878231
1260,74.2938267111504,23.351070712516602,-13.278038469600306,-7.582693474296432,-0.47832417650691106,22.481131388167363,12.342747328302497,32.69642454182501
3426,81.51743894719213,5.238193262737056,5.787848590220316,18.936871384884068,0.8840572995619003,-5.515567795437587,-0.35367402137538584,71.795965433312
5449,47.26801631129375,-11.612682748350254,1.2753122031130117,12.87989341031508,3.9337918066957203,-14.588946923597696,-1.051300655640715,74.42947990086921
3801,51.567151606247116,-11.633335698682654,7.073033668841365,2.525532839549926,10.451645990073946,-16.513982692782353,-10.294576315527657,77.23263316850844
7076,83.73966419895307,-12.388810864795508,25.26907748884209,2.0028645026701413,-6.185479617399111,3.5655490308607733,-8.388208692698557,41.040546969359276
4478,87.91091603027277,19.351076982568095,3.6793172133467786,-9.879218088798611,-2.2645798818626948,4.905293854769399,-13.77563605410796,52.89138373981918
11361,40.13505212338355,-14.910081516767615,5.213812419471193,16.597634814471704,-6.377552510976281,-21.585242860433155,6.6167842801030154,65.10911265144539
2713,55.78942401996665,12.55948424823041,-11.587617781762006,-2.4317910871483788,-5.886441849051427,-4.094325207625225,-6.3078000856945255,31.062422970647884
1644,84.77713964233966,7.247518236133281,4.552147655812345,16.868618449129198,-1.1699531267970178,-12.896223026808633,-11.424317106865768,67.27828119070574
1719,73.86952030249272,6.606395947192808,-18.71954082912823,-2.7456544070507487,-9.440915379220913,-12.86397578809183,10.1718602023287,32.48659225275528
11832,42.44580991819346,-6.246164970451473,20.197799045248317,-9.620628046470314,-12.53393748482565,7.1345703882805935,-15.250345088671208,40.768862656801964
10214,71.2748598135298,6.553585041991161,6.346772533440614,-1.006293266871259,6.21413193914333,12.163126876729205,21.77961590161034,78.59081802452873
3719,87.88557420338566,-8.294631936103867,0.41800977364860886,2.894662886941568,-0.695735783814677,19.30816279871775,11.263679649122151,52.610816757177005
12529,63.074371525621935,-4.0685800798866465,2.8735230181302365,7.177404300581241,-15.000888199526583,-7.359582575252189,-16.373820640843938,30.000110622721213
4098,61.21810427606961,-20.926546285941242,16.74148699601759,2.0409812200115334,1.570093886183599,0.009031984656944004,1.370983666890625,79.93641609431954
6135,86.42679870495093,-5.395228224560666,12.703303026351676,10.759760571337068,-11.539218909350392,-15.038650728585715,9.081750222986667,63.72840778365158
10882,62.80873868255159,-0.18041393930144198,2.3304376278208236,-10.231633529687766,0.7438062612685926,16.598392148735943,2.2886755476564202,30.00073162853665
10778,52.78987266877654,8.478392078019684,4.675243463894712,-14.687785908838114,-9.475047116699272,4.375573703605525,2.442341671331626,32.179980283089066
4759,44.11878072624387,7.81394650107179,13.863703846521947,-8.439118416439864,-7.473579350082305,-17.114158825473623,-16.552189752507097,71.38595614348885
11239,73.12577571465398,15.702475905128761,5.787888023265399,10.030733197158375,-0.44121373937726466,15.39571654376857,2.781380348426728,77.85757349712614
6145,45.41515579718299,-5.074092993719187,-2.209368625840558,-5.075431998830119,8.579737629554856,-9.63576090442068,2.606645138088049,72.77000997080904
4361,44.225776471952216,-17.939879144588215,9.052943930997703,4.889564386299971,-29.933762195379764,4.1194153920338215,-4.6763480765324,38.49156182678395
5893,52.88056304950149,-6.009648031990286,12.384842081637144,-4.128898764864625,-7.162722066673455,20.131855922795424,4.912540546136621,32.13961951749522
3918,66.03636126554026,5.187794575730443,3.883395269679419,20.15697948691699,-9.358491877672767,19.19511460189385,-9.4259249414732,30.185074848689815
962,42.263470842967614,1.2511237381253624,7.784072032694472,-15.905185426655894,-5.151502342764662,1.4964140387355371,-7.450490826139716,41.03589034275562
354,71.15276895191992,14.565298666753892,-21.30925407632207,7.73204932272405,-4.60211909395086,-7.1653307458419935,17.180239570324844,78.63328920012215
10370,87.78202401351766,-4.065395799236569,17.942419091108718,0.13095993413370202,-9.710154335216195,11.314374353175602,11.329491984383447,58.29412898858473
5700,46.083118272058485,-9.044980712061752,6.083122881390989,-8.479587672607474,-9.970623452576211,10.862638446889626,-7.801328978073789,36.5929602433515
8964,79.60454403375468,0.9113622377399424,-6.873317553553821,18.461515576062308,-9.600271172207263,1.1027646474153898,3.995256494410717,73.68927814098507
10146,48.924226548144915,-9.180254626441384,-7.488798831320867,2.8635402437981257,9.256090736111789,0.4601746617472205,-12.95866887246209,34.33910452734317
11560,86.49287409690055,-0.021642221426958902,-13.301875790177464,-5.4655450382688,-10.695377794964882,-5.092922254219824,-2.148425381702051,46.45103125124561
9357,38.424287798761256,5.58351136487261,-4.402778291644161,10.038257241598814,-11.420738277001663,8.072373716366561,-9.888185935527051,50.41367578534999
9854,87.92163818682846,-11.036761165571505,-7.1364268361239205,-8.253971868351215,16.338254869393182,7.0114712198116855,1.3805289697573022,53.0221349679987
9691,83.42871559478016,-3.373540289012969,18.19007954950876,13.094879378004588,-15.17582600875658,-10.29142203770121,0.2769039494660858,69.41067587407288
4283,83.60850225999494,-8.078812441431829,1.5967821709836272,3.1678777119547235,-11.934728625658103,-0.22528070164240838,0.04051386465885719,40.84762795147811
3729,59.256161229188876,12.25987071982889,-7.08512886856159,8.117165051273803,4.6625572187984625,-1.8445066299556723,-10.810683767730929,79.71808389131672
11500,76.65094147490319,7.279144120212047,-0.4062231619639476,-13.368160443564506,-4.571542515824098,19.790216533197757,-1.725042999987278,34.05598422344063
8049,38.340199549785794,-3.7800439263229046,-0.47508029830739346,1.4740286933862294,-26.129774514343517,5.222805181133125,4.816649695449225,50.88973945404732
5453,85.42686655347933,-10.109077830931462,10.33025368981205,6.6395449987902015,1.3055947956288547,-1.268002254745394,4.216553879158759,66.04697499736604
1055,45.16298272327891,8.60555706384757,-4.505983106055004,4.452909747394053,0.8450718325965855,-1.924579230522383,6.6549597725191205,72.51687228559805
8245,81.2487950101293,-3.5169859593019077,8.56829264885935,8.402413736857978,-3.9872387489876178,11.576113014997553,3.953273438707922,72.0874656013781
3441,44.07265615552831,10.804697935875367,-23.5858535170793,-17.631662347758525,13.56014812063011,4.752205754328303,-0.711140424793293,38.667343908808355
3356,40.64519990686991,4.675786964783493,-5.56414361654343,0.13344191374128578,-11.230096473670514,-14.040777560065202,11.986613154455663,66.19209152911961
5336,44.97708418778736,7.751177304705403,-11.721454178070971,7.384984789904294,-25.52458168767741,7.215983464532783,-1.4744308174197684,37.67445511316035
1799,39.152037941873104,7.0558061161018015,-12.244806766095248,-2.6465258190125214,-3.760833108255455,-4.739893650183501,-2.891512456611411,47.49835313586809
3016,84.62570503990104,0.003484177385664903,-8.206992801470188,-13.87173089721108,-7.061112498897635,-12.829124412314606,6.305379608257664,42.45691897789068
12720,62.60083444111512,0.24801267925070994,5.285349157546447,-23.42083239708589,4.649354006282759,23.357299658194254,-11.273730899212026,30.003186865990294
12035,69.0818459715886,-6.632467026266696,-6.86075984406256,-1.7724888128610436,-7.667772390487407,3.036277515459991,-11.193258831277253,30.751058794704633
7132,54.46306942785199,-2.275810079008241,-10.332298390972712,1.170614990601504,-2.116419813373308,9.07778396217212,4.427692360477216,31.502748747857236
66,38.01379586697799,10.425711446356814,-2.357565244982063,-8.140250686851386,2.4200337846667845,5.528315810353149,-1.668440408268551,54.16957660018881
3424,87.202569556951,3.1287263191993926,11.283882752740853,7.645374348963561,3.106156052630582,-2.0818058686183387,5.650326290837416,61.26383483506297
6747,87.99899504930058,-6.528073254568877,8.29288066604164,-15.330942077213383,-6.724290969343079,-10.820918553393312,11.227308991027066,55.224157366698925
590,69.70371533553525,3.847594122361284,2.136885481240975,-3.630158544047517,-13.344120800551575,5.820851816570059,-1.7979447119091696,30.9155610258385
9416,85.12685857111863,1.293677911276754,8.72116831312281,4.389034061113319,4.196395327491904,-22.658370997245374,3.065149745103686,66.6362420812612
5328,43.44966857575244,8.013309677402226,1.4110195658587463,-14.945085061393446,0.5938031140838289,0.15025037623435672,-5.736449879271479,39.41845510862038
4875,38.446033712069436,-5.078498530171079,-16.736499838457352,-5.044074517993148,19.500922758799422,-0.3936407621010508,-12.408340550252557,50.298644926069784
3876,39.74306696197249,1.5159194386431785,2.424244197964353,28.15455613999307,11.936836181118132,6.430718353630603,-14.664887626454405,64.17142658830699
11875,72.7458212358354,-16.494955961918066,-11.68680443580719,6.634263430709586,2.6585948329663047,-9.057934321869007,-10.4625080880738,31.977859169070747
3860,74.70878406433498,-0.7297991792614839,-11.524785509408172,-5.070297821355943,-8.04120609887428,-3.4453552024092393,19.771736205607734,32.91144242521085
11383,38.99210907444737,10.437196618712212,1.9262916605181788,12.088332360114926,5.945123269995481,8.335092716806052,3.3208773484007748,61.972888447893574
5350,42.89144792022488,-8.148262496473471,-4.230131931719818,-5.404809915489551,22.175348826999652,-1.1839334154119898,-9.845327181005407,40.145837847425675
4258,46.90807873193296,-11.003316358199427,-0.29819905686411813,7.379189728538039,-17.23486416194875,-8.72652033898953,5.316996700526035,35.86756497718255
12584,55.99722445971159,10.18556829841247,11.82978983554416,-3.6799579580177055,8.941022169683645,1.0005638080674604,-14.911465274242852,78.99919029326486
6407,49.12960115934302,14.150743534707644,12.039847633635585,3.3318431949798404,-8.005735206650442,-1.1937842788886746,-12.890536900420495,75.79932777762545
8268,47.246059763219,-4.524394776760467,18.62379121809619,-10.455106121373337,-0.5204952356604496,-9.045814466085089,-12.495162932340397,35.58831879985836
6928,65.18419803000229,-17.948583806744736,-11.882720797923463,6.128511521738423,-12.380328810953396,9.200810232400947,-6.496693264905799,30.095597197167443
4224,38.518590257063664,-14.556501013778576,0.6605784293687643,-1.5385617285503592,-9.972041460646718,-22.124355273333638,15.55224115415456,60.06562700940977
12048,61.74795816808684,2.6717705829057192,-3.5827087910438085,-0.7827154286305432,1.0031900525098747,8.432873870874891,18.2058782519065,79.96862814115224
5053,72.96752770447898,7.289276174159997,5.61460719729231,11.544120302863591,-11.221957230260301,1.4739100177263178,-9.939748755789454,77.92702317049564
7974,41.72225750057534,17.911786636612415,-8.975779918062667,-15.253414247088934,15.851243988955474,-0.6719366643004554,-0.614768916296906,68.12469710614982
5704,42.834974480316916,-8.116588153255758,5.121287597466976,-11.816356535186337,22.277367513739748,-9.221624870345792,8.043373016346429,69.77740659894455
2694,74.10147654175596,9.698739365413232,-8.21192722247495,0.9270832044009537,2.7063834969079896,-14.442190424087187,-14.020763580674192,77.39993791493276
12429,43.62266465390307,2.2987325393853117,-1.220490261967913,-12.9472533234146,7.45386172219275,3.661717119814796,-3.0106076618909916,39.20383353832637
8252,57.13513892472225,11.204677761460264,4.4722229593374445,5.922698171194901,-7.059353289785419,3.794900777957457,13.787445592488684,79.30233331529489
715,57.24355044133173,-0.4218311520094028,10.68358475216762,-4.913312833537021,-18.11587655660086,18.463723050640134,-2.035703925849136,30.67175944548172
8859,87.56919063460286,-3.901880266420627,-1.1335792467048709,-6.341625105785704,-10.97914296261287,-4.352514899389883,-1.9475118810604297,50.378866853190324
7320,87.8551874158128,0.1634864541419097,-22.64799199206148,-3.9863715976945113,3.2535150153897745,6.747610758909697,16.452471298761836,52.31305777419361
179,72.2507269258243,7.865414382584479,14.373856044972994,0.22021680168247296,13.433005166811423,-3.2464404977149726,20.48305071882084,78.22550432915999
10613,84.98409831430224,-11.415577282029194,0.5441657173764418,7.835899856234919,-5.823089595207618,6.695595061405552,-6.852527054224452,43.096243395167505
1425,80.3288975901557,9.933733198887927,-1.8533058159000826,-7.078127272020797,1.922146202936835,-1.8339724082224642,-5.53874925976201,36.98030776317487
12093,38.86451978611511,-0.9933998223644653,-4.3882998431698965,-8.652532841047764,7.368085002716769,-11.726556735508161,0.27075501548366887,61.51756049800621
11183,42.55603744124429,-14.827409567182801,16.548619873163226,22.36065516419734,11.434783584255644,-19.13094132453837,-2.6138584891454393,69.38903731651965
6480,42.554044324473054,10.921518469528715,-2.9957913261603264,-21.534629573339462,-6.251943982673151,4.451439246526795,-9.19003415751304,40.6137949231082
916,84.18059326458207,6.895002281238806,-1.8253763189326333,8.441345839138437,-8.99774842618933,-7.039900025924336,-0.7238955150098801,68.28090617993895
11030,43.312808932828005,9.657267544437177,-1.5307953873801459,-18.74405364389127,-17.747245276582323,-12.66807827378052,7.4639924152114725,39.5917389727243
7813,86.45723663058789,-12.62988406231967,5.861937350736049,-0.7928602899721476,-0.21814760602672897,-2.217764495519249,3.722115674234996,46.35372625597559
3422,64.23306963952062,-11.481738833164464,-20.773919752990437,-11.662550981126433,20.70766278260633,14.750836935520082,0.9238510688229558,30.030427731655223
8058,41.10015009617511,1.5584926298436304,-4.337567412727677,-4.734094609378461,34.69513879889018,-5.901189461037011,-13.645087389665566,67.05805018192996
995,77.44490805385453,12.650624613896916,7.150469523834275,9.983895799426744,-7.080006362861745,5.724647097579019,-20.248489766716673,34.59547522445846
6788,79.6756240950783,5.295483929874011,-10.939089837726936,9.986499241085486,5.660390459150419,-2.1762082150076667,-6.3502193311100665,73.62588416799707
2416,75.41342109025433,-6.5685493244819435,-4.002198758035615,-3.3203503794384615,17.355143431590257,16.718813701057996,-4.288861651740294,33.299608832188554
7977,67.8620601856819,-3.5706137656630528,24.139962435669403,5.872967510400869,-1.2884565942465445,14.853167624671372,9.996871857702565,79.52265015757487
11216,66.35618554311651,-16.638054547438855,6.641547531666699,-2.6729385249082274,-9.067231297574683,6.908646504067329,-8.078370351963134,30.226303897073095
8200,38.00205093159981,-4.518104848472133,-17.531797343909435,8.039261325420894,-5.1996337918849616,8.951320065932077,-11.379753019941036,54.67977761841171
7545,38.921260425760025,-1.838439504243269,-5.353220115844048,-9.108018930340045,3.6294991336413194,-3.6450042404604766,4.620480866086042,48.275842021789664
2294,46.817983386676566,-5.651427104299428,-8.753017646369376,2.23220581965781,-7.479916939927776,0.39127782949644185,-15.129991839131772,35.94370607053605
12414,79.10425481142842,8.509750692795185,-8.357926762280249,-8.977098062201016,-12.735096797605696,9.008027231961083,9.012837124146849,35.877945273360794
8421,40.428487980709384,-18.625019677144408,-2.648687412748496,-0.25686610107222324,1.2103590600004448,-9.668935892252996,-3.673233185447615,44.251658492445486
2621,40.46832104450523,5.478487016063194,-15.621685132980199,-3.516679025828728,6.911098147631409,-13.171871873582733,1.9686282968909798,65.83159468621838
116,87.3737129884948,-22.19524631323452,14.033025925573359,-13.664428041288165,-5.297529297543623,-0.8461071594800504,6.993407516258259,49.43923430142217
11367,41.92975885937654,-6.622664556904882,10.88921407928851,9.295668785883802,6.394314871126946,4.803680590986464,4.251998952985635,68.45529406129717
96,41.09229594547929,5.276087384042335,12.228368046478685,3.6072734289478507,-6.4781789762969915,-22.75727271040767,7.149298538479996,67.04377445236904
6882,61.403002573936135,-4.228824821754117,-6.2361432870463505,-7.1768758870217635,8.532335146684689,-12.517854327661125,20.482229193927136,79.94893984162745
5920,40.480526365377955,9.328363785708895,14.122170744119098,2.8656009159725904,-2.1929858078803837,5.13442984601384,-0.35955721416813213,65.85694741718696
8285,53.143460686076324,-10.215397195816706,4.725369588600553,4.197976465659497,-5.191024659521473,2.8079152886444723,-7.976131749696589,32.02504335688363
4717,85.53402919100176,7.191984668950586,21.620214187253094,-1.1219711446826393,-11.775382013399193,4.033479128885581,-7.4545214216801305,65.82670441173492
7042,44.19356476510238,-11.253712237936618,14.092889117535137,-1.7263693124545743,-4.927871662556513,22.3087900120869,9.17237904535645,38.52826682599547
8198,47.078845182004635,-9.343273946634179,-14.931167891313002,10.657089165523272,0.86883540069283,9.526747081001236,-6.212037841662985,35.72522816577527
5995,84.7177946704599,7.362001779010196,-4.818040650743064,4.21899474723267,-9.411355928689902,-7.608825643934381,16.511902304481268,67.38294773677673
2482,38.23866055005496,-27.056032048893634,7.946338370596173,11.808969109600934,4.7860878386683945,1.1965800316254005,-23.531026316675575,51.55383276021093
10508,79.58866930245603,-14.474783370604552,-3.328155734235793,4.358812266073574,-7.10779362601842,-4.02423708021829,-11.416924260656833,36.29662996212305
1647,75.35270831682055,19.572728209893043,9.65312377351432,0.7003031826380385,-11.58522939497686,4.60758055266113,0.7485604240293042,76.73500856313501
119,68.73234075580552,-0.2091748224353485,-23.267772594576208,-13.253115052774119,-17.890527920164566,9.867303529388213,11.914938817372215,30.666067529901152
5641,85.20013223982707,4.332907929378118,-10.424785704639302,7.868610504158633,0.18198614894144538,-2.0248430394669454,11.328754804528636,66.49583091969392
8782,73.7296509648249,4.888360350271542,-0.7862197153319832,-9.122457068991345,7.534913043003302,5.724877585155119,19.908273421004456,77.58040279031869
3451,40.617469037996415,16.32680160000251,4.549358334457922,1.7608726392181246,4.5145719548996865,17.04178543672786,8.67248706570625,66.1365303274831
8881,39.991767537642446,2.521025757416229,18.58145590165728,-18.76238966530055,18.969884632266798,5.792781256621989,7.059099873488822,64.77861130008326
2098,41.73827235791832,21.572153077930658,4.409711413759066,16.94348283909291,-8.337306042054413,2.8758606079100577,-10.321622426288993,68.1506249917614
3498,86.98530996150842,22.692763517260367,10.481527005073437,17.351937906280885,-3.5521134451577865,17.894905650662412,-17.751460222950442,62.05017063980475
5697,71.71286117773542,6.3790752692627635,-8.378355196535912,9.415957278182729,14.77426866085861,-4.781088603450749,1.1499531659200133,78.4325852201056
6698,61.41350065823863,1.87046313987761,-4.497262364295422,-7.975056912388766,5.546653972511027,5.558397861085894,20.591807887799035,79.94960961294967
1851,83.59669332637361,-8.947467835877864,-10.989411312529363,-0.18660445211751753,-4.9505508264119165,-16.861616697364102,7.398247515521385,40.830447289370184
7213,43.55803821833779,5.193390898927674,-12.25333207225302,4.940138571793421,9.611197688699768,8.749949333994504,13.777100267705634,70.71655566847858
6646,67.17433045144244,-7.187703043915756,3.209792911804525,3.860998648088423,2.6800337859805716,-2.817032880144631,-11.923580466965536,30.350964211917734
11355,71.21273705960945,-8.926127821442737,1.4695455625682732,-2.3994821943424425,10.645575848422306,-20.830006329165208,-0.16274538461892007,78.61251680761112
5969,53.05724684067923,14.517056593648777,0.29435425106983565,1.2871844935641996,-2.5510690811784187,0.38529407481662675,-0.10961992688257191,77.93777800077454
4480,86.99056136349671,-6.336792499676996,-7.54645077636099,25.29549502168585,-8.935594407982899,1.8814342230718328,17.84105309704317,62.03228024642782
4051,44.67377875738663,4.5892938791367985,0.2575331646306086,-24.313858508477864,-5.832306112104711,1.2950773172016836,-15.36708251623329,37.995600129178726
4915,42.733399377365316,3.612464502241996,11.424930178557421,24.64357672129665,-7.727717574169718,3.8251891540888803,8.995319388013629,69.63779010652303
11238,40.839059465686674,-1.9692387613108784,4.668614940893281,-7.191920049451057,-20.90887968714113,-3.6264721001658495,-23.268537362572523,43.428798047107264
5837,72.12553963205471,11.194532198929625,7.077129624937521,-2.5980443076122652,19.234621123057785,19.247002247595987,-16.520912310219376,31.725023599930356
2437,53.96756497806096,0.11813500639394119,-14.755730190155628,-7.69240103067334,0.5030716834276355,-1.5323740298875759,2.086763724543311,31.688734106135524
7417,75.57927962847542,14.056302516803145,1.9912167068588507,-5.228728546877452,13.68009926362457,-16.516035360056417,17.95481574001673,76.604669033073
6391,84.77257221206267,5.821517587135019,-6.857390805973722,-2.957172757424517,8.72912305286464,3.8724589485681453,-12.755380741372672,42.71362139316403
11848,87.33485199000482,2.378912420486987,-3.229278823980612,-1.576322906042866,-2.346643324278717,-0.43363354533247195,4.781015786384503,60.72843596669793
223,80.78944777149457,-7.270094772704932,-9.470807063941646,-9.004145454125933,19.580396042530765,5.116528965336707,18.611461206322875,72.56517998727217
7024,58.48756782373694,12.976086553557307,2.130935890082159,13.921499653752246,-11.502338796151681,-8.15801087711541,-21.167751866886938,79.58938705731856
4415,38.4501951961656,-15.499045569528258,7.352089087759874,-3.916370226000904,0.9696137131276026,-17.867246442888128,16.372967587814667,59.723037591807795
2242,61.65203377626792,-1.3601480502723073,-13.949968291336312,0.33591768743847006,-8.179203914989946,-4.291691081486943,4.636336017589735,30.036366709557733
5407,38.441919323495036,-18.972239581540908,-20.298438574516567,-4.95709346051762,-7.458157349133919,7.237479847683359,0.8551784675109425,50.320184460229925
12095,81.8708952905893,-5.699255812381166,1.497922568299623,-3.46970957126588,-0.06182081524316774,-6.951032485973119,-6.259652336035107,38.60215529614899
10371,60.694400661927816,7.986177440682968,-1.0707205483279907,-8.535327831971669,7.565633867345724,1.4625502156428747,-17.54116993122663,30.106542793491275
10607,85.17269167370677,3.632086948145916,-4.159501889521778,-17.86042361780686,-8.119744211535032,-8.562612463405099,-1.5159969186661058,43.45133150779993
9187,38.37553585822722,-6.701711674418216,-3.3541195346906805,-16.056693669078307,23.597221329450868,5.44301738213848,1.5960144961168132,50.68308377072865
4626,77.42418480364272,-22.310557219661415,4.291831902164593,-13.32084291515375,2.9585525037469025,14.473539094914148,6.719803491724141,34.580820468237164
5330,82.70218329397105,-1.4193526573986568,5.965570792039956,-4.878693583285588,-0.7262140692438322,3.2856575431082025,-0.9741057783348657,39.61091382015267
6366,46.35594159222093,13.99732331777684,-4.842254996607229,4.0143276959103735,-2.8475008701122597,5.923529958420549,-2.488054830233116,73.65409659346813
1365,60.985242242134106,14.445193575386492,28.115199467795126,-4.818151540695507,-2.21556534397888,-12.502409093587204,-7.3272439095028075,79.91868277371657
6298,45.57006591964521,-3.2910003063955062,2.0613344998624985,-23.833329900167108,4.533452910566263,-6.0633705391414345,0.4611029482145145,37.07801913976899
10597,70.42689457912167,0.5051828710914459,-2.071287981273205,15.367837775410223,-1.6231856298144858,0.30858830929154313,12.510376270990946,78.87134761404587
8711,87.82220109881911,17.58097252139104,0.5973534454766506,8.872182828082595,-6.773404192599472,13.548334446310584,-12.191034013771187,52.02370488530061
6628,67.91401711808605,23.96586830282132,0.22696870949825376,9.584054061640018,10.63582616238023,-8.348657399738942,0.5755348710174869,79.51229152411412
6453,86.11498371219085,-7.223831103683249,12.702035399298275,-10.421199711528681,-8.787638552962553,0.586272113205386,0.382128165256124,45.47647502312554
5917,39.50847681344762,-1.6679942304321553,11.369792957865672,8.83685855991438,-7.608433943717233,7.6296739478491125,18.001835663856035,63.55268018668254
10290,87.87207092224547,2.625750932390271,9.433008192358832,-14.956159469661097,-8.871771367347876,-4.312942692395566,-14.507991234444697,52.47411638455147
12223,76.63881058640582,-4.194909386381904,5.349683049971253,1.5487937552419362,6.712109077230619,4.391296176298673,1.8247416124600522,75.95191747282678
4994,49.19990623040439,1.9342252497243368,5.995473127018575,22.007297609188864,2.574591835236806,7.795466411594276,-3.625319669096356,75.84604067803689
5685,87.98716499672328,8.079121132928952,10.150513703840897,2.609339217737159,16.51459555041703,-11.405565141250747,-16.859630792211785,55.80099027867193
1143,39.391876438127575,-15.618538157334172,-11.257884050978937,17.604784362114735,-1.3568332167745512,-6.030083950369727,2.155187630605739,46.77464275016799
9636,43.10563406880276,0.27953401523254523,10.930791805656689,2.7811153674455245,-1.7045211020630613,-2.377186313488203,9.458731220275215,70.139821801977
1106,40.555268362925375,2.2732405456716025,9.983082140391353,8.730127772759584,30.844553547248054,14.073893020916714,-23.62017489200064,66.01063221344268
11645,63.56553588917921,-5.855970439413797,11.685662174781076,7.011443045257545,2.532315733173975,14.853890883036712,-8.104768280085842,30.006397435382585
2106,51.13078315346353,-16.31414191971913,-6.650515998122356,12.804516520100728,-4.82955664218896,10.09336321790479,-7.480310164511826,32.99723445905277
3169,38.04651536685819,-3.3359647834425425,-4.49629609540437,1.6093057974499474,3.469504722067959,-22.80079422777217,5.520150871054911,56.52433745068323
996,87.97863702871132,10.97431458288219,13.524936296670063,9.754718805913392,5.425496755632986,-3.507279130408243,-9.539394839863313,56.03329191804242
10087,49.44255517382818,6.306894314428714,6.545991254242708,33.838536412177106,-13.090288333140474,-4.263315118800753,-14.979408560709437,76.00465876383873
698,51.35445769464806,15.052600448898358,15.38668531345532,-21.31206486245468,-1.4272118746215054,-5.361601174527549,18.070081994396773,77.1219652023562
924,69.47553761206606,3.754193171144653,-12.857534304887,-17.40880728590412,-9.570852206166755,5.827717153649629,11.371710936173079,30.853211132021762
2703,52.37861155710582,23.156986541652756,-13.17771759865443,-5.442269468257535,1.9991366683315177,1.5187874470702685,-6.035038614542771,32.36847094107087
3804,61.57963283454688,0.15902561939664112,-1.0443969584756647,7.598031313012953,-1.059730631127296,-19.081603117758004,-2.6874243848336192,79.95961852904212
1873,41.36874062875624,9.061677952098957,0.24939706542274773,0.6070772081265267,-16.823192662458432,-16.395530036046686,-8.327934169080024,67.53349983101205
6069,62.269798567820686,24.1144923933911,17.60321067221537,-1.805414725465194,15.472708931401362,-13.572942935068886,-0.9033340059867887,79.98933384203035
10434,76.38134739382807,6.650901782589722,-10.686049730777967,-14.823413707922075,-3.6248716024347827,-4.361110424046968,-15.709342450583845,33.882719352963775
12591,62.63598502390726,-9.515874821629044,5.9076343528401996,4.605131672474203,12.419554052024855,-15.502127887519448,11.152713787300437,79.99734972146408
3598,38.49712949785362,10.715002141145398,-6.3254472558925166,5.306263792283711,0.8721560865955037,16.986657254186053,-10.51668256333204,50.0392201061683
12231,38.72815177610862,8.399691245358413,7.027169472151179,-0.5190908690859102,-10.384850799750726,15.50948537710063,20.662242927319483,60.98977326752697
615,86.6826918178862,-13.000712631225262,-0.3959677094518322,2.6886490733216672,1.3287570182646848,3.174428357457238,-7.279510407960562,46.991872362466594
2497,76.42431195191931,7.68602247754295,-8.167914044751164,-2.4868690417921293,4.338065279955847,-4.251141306603112,-1.4948658299389026,76.08999404024469
11152,41.56667505307747,6.8637568192231395,-7.390950979520259,-2.9296429276762237,-14.641558237293584,-6.893551858377839,7.191208555738031,42.13094480081664
6504,63.53699261904421,-3.6300741898771935,-0.22041424971945917,5.553746807117368,5.812987338249412,-0.3361791107458268,-8.876106603281917,30.00576788682853
1187,84.68771748799281,-4.195752398187034,7.863751589326428,-7.331906915441724,22.90961726792579,3.1926052843029207,-15.569677566020177,67.4355502556586
3949,53.563257106081444,14.856152473067073,-2.594071001412637,-4.3000631054762115,8.842024754204704,2.900753604106035,-10.060281118924317,78.15054823441722
6558,52.11481447676417,12.161212899698572,-12.9684363795859,-11.30597377278937,0.4786677355644602,-23.858404769082373,21.38761889976436,77.50583782321237
8210,47.704561332064166,2.7033987487241995,12.81629620106864,-8.263871042395872,-1.9084207668896866,-18.61861214366578,-6.310492694282769,74.77497296977705
4449,81.08239562629487,-9.089273893058666,-3.4342891768833717,15.524759255144955,-10.787971263859994,10.321571809091273,9.009663472946981,37.736542396896496
3962,75.49622279781798,8.767067576476729,3.2796205662356313,2.4544567126672,-9.794680654905548,1.063217325889534,-4.292271416975085,33.347184575965784
3123,66.89201301706154,2.6212309756927143,-1.814085315914561,7.722228649387376,-6.356275032897548,4.7013443205606835,1.7765132300277626,30.304813532288858
6051,65.76515596436548,-1.140122877776222,9.252358539072063,2.6272710816803984,-6.4538052425896275,-0.228244027065819,3.7358484244625583,79.84660766569019
840,84.17381031084642,-5.088132643170828,-12.082887541892916,8.114545583330882,-0.655915102931962,-2.032161015335801,10.259390363213788,68.29171760609944
5256,38.80221610740482,13.627642557414102,6.936643397554446,-3.6179024561385638,-6.27796641911122,2.3907515296736217,-7.584488193197791,61.282296927657995
7690,80.27462192156779,-3.625176601232636,1.3357877143422416,-1.416570499695522,11.675541105251384,0.9944108738412515,11.228821651499494,73.07173033959089
9215,56.68605081856048,3.5049842670848976,0.18518040915135953,5.853117798515223,-17.795609524437218,-10.451491515660711,-2.088243677282073,79.18954414068605
3377,56.63385018515922,-2.945784116433165,-9.178270002512605,9.555204329942221,-9.932048992669623,-9.295575191606474,0.7662961339767278,30.82414145195661
6187,62.381177770547964,-13.583834438979565,2.159867808883988,5.045872868668942,-1.7149547287527653,6.708666479593516,5.656084628150751,30.007659992542994
6982,58.711079382862664,7.504657256528105,-1.7357883141965302,29.884777272042538,-13.923787947061097,20.09567551850115,16.504627818792542,79.62935565417607
5868,86.00086220502067,14.984228840205617,-4.0455172715520575,6.895683921266481,-0.7675404231329251,6.643964756565257,10.66899704667321,64.7959347601774
5667,50.51357152803657,-3.9787047269908697,-6.897549227899942,-15.650212009317315,-4.616693141206692,0.12311096829593575,0.8255951296046294,33.34153504944219
11626,45.78847039216347,-2.7275498421945525,0.9791425163253686,-0.9109764577194668,8.381721863726012,14.651052113489806,-1.586037881125419,36.86817029203709
1620,58.69555290999156,-6.414534264677672,-6.35191231305547,1.1042460000268053,1.9190011372400708,9.953130085071784,-5.608281390578354,30.373353146452967
10168,43.18414909387055,3.199290293993267,-8.677414801289382,1.2131908249061905,-1.2414121358178252,-4.4517438692050915,23.61038605465311,70.24244248360638
4961,50.418819295762766,-0.9118256613592277,11.236574686667886,-8.352014191780391,0.18661452575806203,12.662668570292368,-26.666879935414993,33.396437976867595
6917,39.22214632017467,-11.100195964304689,8.9048189501696,5.863126204371362,12.760476507754902,-2.8344830188808907,4.31096287624701,62.72098920999228
10205,67.88108603763554,18.08343781240628,-12.94834047275347,6.099556890698289,5.894852678811803,0.07372939602864292,3.6989830403904413,79.51887026543432
9317,46.086463312029444,10.136702288163033,23.2651299750015,-7.41352939028391,7.298546906439461,-7.965665415909515,4.816053347699497,73.41011343541028
2458,39.790743476455376,0.9244192674385304,-18.708092272025077,-9.9701362770317,-7.865978131106681,14.572211452472963,-5.646158388461685,45.708583981744155
8006,56.30801547888854,-7.252802343168364,-3.8569186012637524,10.023006597102007,-7.244022958258438,-7.4481150973171815,5.760395076919343,79.08770107688164
9133,38.016925455695144,23.989679029972315,-13.362956178605408,-2.325162326315061,7.895065828907285,1.4061688865611495,0.35292790014981695,55.91977514301415
12138,45.972236420440645,5.075749311465669,10.336595535133533,-3.306330781834043,2.765290085707548,11.38141390819926,-1.9496105534997303,73.30451494792014
3318,41.032579705701096,-10.010124575741958,-14.598124050735157,-2.4615198192372207,10.966751999853365,3.818554662231426,1.2335250150656176,43.065493490989056
9280,38.05075192028089,-2.2821479397563746,-7.220521672695959,-6.116570203553704,9.533164732284382,-12.704057872815014,4.023022468315967,56.592174694131316
10267,49.6079306532571,-5.7264063755702646,9.16185800939892,-17.99106630470493,7.542782545775417,13.96140823020803,-15.459794658135156,33.88951732877646
5039,55.94846047342928,6.433819770995571,-3.389378687577118,8.178395678513269,0.5465711876969696,1.7361911438418494,0.2186097371766876,78.98490755256753
7860,59.280216182742464,-3.6356447496580744,-11.527044810376841,-5.695346902183563,9.494779785701974,12.867102992535333,-13.992475193688902,30.27828468020738
10495,87.64970770496996,5.352309746562316,-1.9910329050556954,9.777298123285425,5.329746412551518,-6.331142711950517,-27.885830516564283,50.82963909720696
7582,38.903380480033846,-0.4099086684092817,-7.2162110563006,-6.375362346752524,11.00062251928422,-0.9475655212924955,-6.521505194861108,48.34020062539523
2723,82.54051620468977,-16.502871028338113,15.787222115090504,-18.271370037955016,6.932604030032064,2.5294813695238316,-8.4061806737507,39.40614779939682
9972,85.95237355302957,9.842248622325847,4.869692740633188,-2.259107234034356,2.787320331020604,-14.641436169691532,2.1308790642657454,64.90901348683049
9175,38.151936568745185,-9.43721062767406,-18.70921134132796,-0.05856266580485674,-21.115882102493128,2.567791308354731,-7.024886798068129,52.24795644723105
12117,48.19375574116927,2.8959241741238073,8.120620886476416,19.996058173821826,18.544998899065558,-5.698382857160601,-6.394894425009784,75.14386087491279
12060,75.62146309423485,-12.783444057207312,-2.230406282115753,-10.487783461827917,2.1335669739207974,-0.4922120200905473,7.196638657623,33.41994741987713
12089,53.80884053174074,-4.938892507720688,1.8612238974558768,-9.451549193648939,9.871468437497356,9.234235584343745,4.037397496858349,31.750858346402804
10805,75.22310205816906,-2.3261724201602343,7.365110414963062,-2.743054949088235,5.29922706252921,-5.827915261472692,-10.061320977404623,76.80815847511163
12051,38.51740371492736,21.10378169961711,-11.09477721410679,-8.617644055780953,-2.333754496428784,-2.2235305606183218,12.107555131692083,60.05988924208302
7387,87.93847224922533,-6.382777922050307,-0.577889188031244,-0.5777724467766971,-8.75884132539939,-1.7031097319115998,3.8094387056575814,53.2471161263169
7374,39.146415710256946,-11.752715358452605,-16.28825500395372,15.442938631685614,2.1524011084967527,0.4173756799534908,19.363589426658127,62.48375016499905
11753,44.099320650512155,-8.261947537256123,18.690242099270566,25.238219448370938,-2.1753775864971763,5.182357538152776,-1.4271845295784416,71.36350574075873
11878,38.01859508921798,0.017248971822076423,5.379880850369193,-2.0323811299868515,26.44236159601207,-2.575005603406985,8.418749170536778,55.9640584440562
2589,87.12515439674732,7.222909949163437,3.751718477500532,2.909547182816079,-4.273890814404828,-19.70837895646858,-6.120144798557538,61.55567886134636
9512,69.13563407002697,-7.168813111372337,3.83713723295862,10.451992764127532,-6.079293976653403,-6.332255647865964,3.352348654198003,79.23538723764744
910,85.06865932972704,-7.994684317849893,-7.420527287307577,-1.5463811522465474,12.665854801858561,-2.2775852138302417,1.5732354076204647,43.25375483873882
7970,38.63816089890747,14.738638587732023,0.4086838079591148,12.215647280638093,3.308021880451431,-24.206133873852714,1.8027434192762568,60.61255695850646
10300,68.28888791456379,0.7495485607586323,-0.3706780043752773,-18.384173072019255,9.92638902758994,5.785063324624068,-3.686969598592693,30.565850441908538
2436,57.214889125136374,6.042084622377455,-0.41298468358899165,4.079782454115558,10.963487976474696,-12.94826942172393,-18.03618125980509,79.32144099689684
330,80.78518755321208,-13.924148124054383,0.016797152521227432,3.0086600304476123,-17.880841374556564,16.18250817927912,5.633855625277345,37.43050644733691
2659,87.9327792139069,18.591230230136954,-6.417891528891052,18.06505146779525,6.6164751099384045,0.4532837805409332,-2.986919082778435,56.83208096725341
2908,69.30707893316671,16.703911408045315,-4.160465627133802,-11.152871352136753,-10.035107955120921,5.394251393573831,3.1607450514317397,30.808663630737453
6176,87.58599141602167,1.124530818428818,12.407535231487032,5.547039172386535,-8.150598077501858,-1.155706041200661,-11.557606119943657,59.530896830795065
10043,47.651022241234976,10.56640263411866,-7.940880703596411,7.956670636962608,-22.93502382985067,-10.300454935695404,7.381751715235333,74.73344576501876
10380,85.41764967734488,9.093625620037267,-7.534174047715187,-3.105559443392557,3.098468916041786,8.07662296531284,-10.505290127050914,43.934333145090676
4244,38.11869495417842,-3.251640602473867,4.612632252298852,8.357739070685616,9.085920309671923,-19.036912076183366,10.909121565578076,57.43324047656078
2025,81.55793207681259,-13.004955807402112,2.662318820394093,-3.2558981456012104,0.9078746041216932,9.317396168361332,-14.418206373072337,38.24878640120632
259,86.61270395974753,10.708226283075222,10.689071977626899,6.129586793706623,16.199966553774015,-7.668628589578579,-1.0186239393764511,63.21219895699825
9398,42.733328765289784,-16.70659506517976,3.91798070977345,0.10512857147408546,1.0008185409693175,-6.539166286743946,-19.888955967765853,40.36230765919131
1776,51.9653845380288,17.517745219135698,-5.264884143744901,-0.7792226904772853,22.235889525956452,7.965650289801696,1.7836881043084318,77.43295035447692
11851,84.37499267488575,18.934208736512538,-12.806039076140664,2.003847537757099,9.181621698746362,2.516878963980567,-8.902254733635193,67.96571201857347
1289,49.00022364024405,-18.988381456953643,-21.298776818093486,-7.865259658271025,-4.221598280438067,-4.157912513063036,-2.1999800825495655,34.28753366021279
11714,82.33171163926163,2.4331498576515544,-0.021173669235027,3.7386509412490687,3.459458103638149,4.759946329145991,15.120819971237713,70.8519691236274
1050,38.19636311772511,-11.319607430377921,-6.021713227818241,2.335843421209842,-15.25810995856687,11.461597929769079,9.773916009323619,51.87276521312312
12390,87.95541568058096,10.669020778649877,-0.5181969459372381,5.053672095826718,3.2221704581987853,-11.992999427754345,-11.65760375967658,56.492390099610084
87,59.64746266636547,-16.31190944373121,0.3790335422673716,15.709933197394232,1.1554627639190436,-12.025154104431508,-1.1329325828945924,79.77419006600593
10577,86.43837013232455,-8.032968432052726,-8.997274023260081,-4.257595212078048,15.992755201306288,-14.157602200828396,9.989362232360788,63.69728725179044
5554,59.41477149928869,0.9189381127820759,-13.247011548852907,5.396571758706166,-7.152436738633759,5.454506874945231,-14.970343390804274,30.258412811670965
3100,38.130227244831495,23.822439676792165,6.756329118007793,1.2642083332014875,0.30214506882341696,0.3131221581869453,-1.4799710705046374,57.54841187924526
2834,55.063757722740405,-10.144389118942039,0.15173173910572482,-9.322805279575325,0.2262896741598489,1.1392263109738558,-1.9549939154549816,31.293122126339846
3765,87.78481779187221,0.227917470424895,-10.630842352495431,-1.8801608539212324,4.912183271397016,5.42371798793654,7.298882542119706,51.726957527972715
7862,72.54449130558956,1.5355004346463828,2.6590646286016706,-21.665524334425974,22.114825911710447,2.2632265768809328,-0.1740650203434166,78.10633432021456
4218,80.26622661106086,16.208007013465785,-14.368705950775315,-12.465622924301844,6.956326836857903,1.3359217779278385,-0.5045410240244932,36.920248380702404
271,77.82527705447465,-8.317184304770564,11.10165166651123,-9.729339249399093,-7.649210811968308,7.0048382649272645,9.951731392304364,34.87014256736856
2660,86.07809138503889,-3.2494513015439512,-10.196246773652087,-0.9157543798122738,3.6841429366299625,4.158054600794135,-4.556969222122805,45.38741980403836
4962,53.686447678073826,-7.361890889649666,2.249406380279624,12.914436208140959,3.4535431777636934,-9.764986540485925,-3.5957741656723896,78.20038239225258
5471,48.146587280244724,15.192322691232555,1.067237610635722,8.985327553833674,5.2669633084881955,1.6462301065277116,-1.4386350187404902,75.10910566327135
5618,41.929561221936495,2.3584671109432795,4.153910958207642,-1.8059586339272562,5.4171146116964035,4.916620722648382,-8.19610620959651,41.54501543293796
1509,43.418468796046724,-31.66355415270555,8.77505096521773,18.515069714173674,12.05285054434622,4.745989405077316,-4.453363913653706,39.45768242157547
405,86.91453893046706,8.01600104384699,4.067353808519021,-1.8972505215475612,-9.241797774716757,12.742133445020723,1.3315671480938027,47.7133802251541
6310,67.68196458927012,-2.6439345061215445,11.869567138491838,-3.9790484450155006,-7.117097804794961,13.364072088407408,8.486360381683749,30.442328946237172
7117,41.496517740911635,-10.17396400120578,-12.893587070896082,-5.756668667734614,-1.3467058490964838,6.792453816172888,13.109629403993031,42.24851966503214
3326,40.78680570949163,3.4616646724909166,17.04739569946788,-3.7156069980990107,-6.925875248152832,-14.659960695267593,16.509945368063057,66.4705710150858
10362,61.12088583381306,-3.876154988867282,-2.18807093792587,-8.909416367404136,10.723682747502014,15.285765281167178,-12.733722122759303,30.070721431408497
2880,79.2127603471902,3.754152211528397,-19.109015211689634,10.53931932103788,8.119114789701843,23.014245989234645,3.231054415235224,35.969855441311616
8335,44.729264669593995,-27.060468377009027,-3.6142181366525823,-16.584660156433518,2.2594315140225554,5.978956646252253,-3.91100717391307,37.93599605935776
12439,87.51863043407155,-1.0197220091710073,-25.306331200618978,12.472348578234062,-6.187806637235416,-15.876130691042006,18.24623584664876,59.88229061378163
1231,87.99775883025458,-2.0971981058806826,1.8636193367242537,5.2154805564658036,-1.1381448576539874,-9.802752910832295,0.4318904405947465,55.334743878852315
11815,52.527652841227834,23.5672958268836,0.581852298979542,-1.459755080858445,3.627580323543026,6.003046488755798,9.044094969329167,77.70087982845943
9332,71.68529966092862,-18.47462901048102,-1.9715579756874078,-8.711214422665265,-11.846450482747313,17.952375687899035,7.89855784253822,31.55718511356042
4563,78.38744486286882,-1.96509620259543,-13.424171223993964,8.319159226697208,-3.1577457828483038,15.638780531779018,-4.0273710055026495,35.29653480749714
1705,81.84773490057972,-2.7720814342087503,10.348759946476271,-25.714865669738973,-2.683631802592382,-7.038796628951706,-0.9793581922204452,38.575539913973756
506,38.013087591794125,-12.804216538530342,-8.156762780425588,-7.893683176239554,-15.112367081817254,3.296636423887664,5.278474008702144,54.1911685560963
1715,57.561328383184254,-6.541745523720758,12.732542451282317,12.590487985304284,-2.0932234668835368,-0.012785355523382586,-12.35903398944506,79.4012469157714
2209,69.45994166405688,-11.300879819440741,-1.5358653042204995,5.812045079406404,11.049355592336097,22.52566768302295,0.19282835639035764,30.849034104264444
1228,87.86042195818344,26.451117783875723,18.244672754449265,6.449504560455584,-7.735449792902469,-1.2578154785833764,-5.471915933708695,57.638071276722975
8257,38.22684628027335,11.70151459144603,6.6186297228904625,-11.46349385994013,-12.3116471710645,-7.285924878664956,3.055298683924109,58.36018671784673
9723,54.01476250568386,2.0798074853292543,-6.2637693983112674,3.9816561289124186,-10.707528888700057,10.693284649243218,4.71177956342879,31.670501351920667
6297,38.00915306896307,8.960046448882034,3.570808579995246,-4.257121967649329,-9.738085227967577,-1.2612632145854399,3.0923639051847567,55.67643896212604
440,56.645588796565846,11.359922638385827,12.53004050663601,3.1808514676057604,0.5416201157250762,-5.949531459924431,-2.9562870083076365,79.17894659114972
12503,64.40958434637203,7.825478346173444,-1.6171526764336062,9.913630683254404,-1.5453916815091697,-10.752870600810596,4.181069625517615,79.96022980604272
1793,63.76040114378188,6.3211598474991915,-12.726518387008017,2.9840821237137516,16.380579152952023,-17.45351486429733,-5.9670954669330545,79.9884331261593
10644,41.665619348581515,-3.268315304826606,-10.787012002208463,3.7449637688220467,14.859991491026282,-2.111768878594083,-4.926168543717201,68.03242886880187
6774,44.210656659587315,1.3344721017590184,-10.331856711770786,-11.424406938206813,-16.983480405423308,13.743353309042007,-6.214636516191938,38.50877273105214
8368,40.578317043738735,0.1653880805335763,16.510434609516228,-4.454287525385619,11.685634922756138,0.637920979174252,7.224181276474457,66.0574921844378
4150,48.37805967667674,-15.950882422457246,-26.818654075153606,1.8675681950148455,-3.0879694744100123,-14.98990962464267,-12.436304724822369,34.72196111106467
855,43.70717690048643,-15.891239913951601,12.180520722424932,4.811025488936058,3.7857316141129376,-13.544042307998744,-7.376773605239803,70.89927598511566
11352,41.198233658780026,0.005003998797994786,-17.27013348033384,12.430551351490466,-7.135329248507123,0.9549280124116413,-6.308350469118665,42.765500238961636
9568,84.59322774618096,-11.292412833137499,18.049520571966365,-12.044383622863684,-4.544879180750282,-0.6232580357245555,-1.9669206397905559,42.401090701907535
6267,63.59783117402697,8.26711796023734,1.6470261200784417,-5.43746489686764,4.456085030376011,18.30279630389643,13.411115424540316,79.99285093556479
6994,66.18075373091499,-7.376522353982962,5.756985283904622,-4.542976570115224,-13.691760471023768,-4.158505799428426,2.317405714368879,30.20316944238094
11333,61.59271005236505,10.161105232852684,-9.040750046799127,0.4552405386923901,1.3933596704647426,18.42050157106611,-14.474843094370243,30.03964072768011
4223,75.60476847093857,-6.594022336796033,11.743782436930603,13.158207730814173,-5.1479461687344195,-5.948071117724757,-8.663667976322213,76.58980805366349
2083,86.56894615257463,18.141044658400975,-1.3167468902292376,0.1258662496987863,6.119113621534906,0.8134571361066314,1.3319117339612483,63.33695251617986
4494,44.94853048242075,-3.616082565809256,-18.858833138494262,-0.6705474845478836,8.378207133112896,-2.5685303290299273,1.7653985023516565,37.7042072093845
5444,39.50232623939824,-6.934682177848826,-0.5929976860599993,3.8733247620462414,3.1776589866251053,-1.1867886557470062,-14.25508308337314,46.46423243988406
10545,80.04276395439602,-1.6414078587909215,2.3767295767874934,-12.940367674007318,-1.8809974648141694,-23.184202373118914,-3.194546802921641,73.29054938471613
8786,40.71299411103659,0.9742647976886244,-3.614723541151401,11.640045544795477,-17.11460115032463,1.7128399902379077,2.667768851636587,43.67351031849186
4995,49.220125623844766,-11.481816465643808,-3.6292121895298513,1.212229682403124,-1.8054490732511994,-0.636887939979744,10.077405880472925,34.14058816319644
10965,38.000015848082434,11.035849735780335,0.7372620340013232,-9.014630101397858,-15.142746086665998,-9.698539847108105,-0.9739689965630783,54.97185033089908
4286,79.84264585221315,3.582440106058498,-6.3838005045101855,8.93294068724087,6.966929750916312,-12.737826002677842,-7.722506890507836,73.47499068191719
713,60.031792212242586,5.0934653604716384,4.551334685345997,-9.39135726343396,-12.078679984066143,-7.722087388804636,-13.166766499310514,30.176830530153968
1710,67.03428880631195,5.480881873103474,1.847595092748337,-3.7100200210068475,8.471050640283568,-2.7188756924385844,-4.200555765339046,79.67234309560537
11395,67.28070281925703,1.8957923259791793,6.1256995377670425,0.3243428770365423,-5.292787597716469,2.4949634398846103,-0.7139472591405975,30.369214722766046
9434,68.89490675123024,-8.97485299709169,-9.560067793241224,4.098543790234228,6.729097575091302,11.140459441520814,13.009749735994545,30.70493724242927
4444,66.15642292131817,-0.23399953875766477,-1.9950166772155173,9.423641995239418,5.96309891958413,-0.9248053850979778,-18.477630536898207,30.200060598022073
4030,38.98185505198152,12.986144844942833,15.083050708834138,7.0422895736643305,-2.2201703015769514,7.27869214457984,5.716238257333492,61.937486090506724
11449,38.35904317102579,10.60673120456139,17.506187838077288,3.756907946458565,6.099170206342167,-4.471648898834795,-9.238846937491328,59.22175870374292
12695,86.61075062318949,21.621719147900826,-16.674247323568082,9.19060769605046,16.770869832242223,-2.0601049959474773,-0.7159702179187348,63.21781327419631
9918,40.36508709245075,14.643491226616856,4.732398425848449,12.152718936795125,1.5674289971512878,4.015151233509559,23.03177915390892,65.61417531736029
10900,50.73906517473507,16.60741556509964,9.311450398387308,-14.370922251068265,10.242661973389737,1.3275083355910031,-20.110952188643566,76.78691068533135
12010,69.51767886406948,-5.990127839797374,3.311233943147359,-12.517712185588096,-18.2185348747433,-4.686140075088165,1.087518236604171,30.864551750073876
4041,41.11524109697011,12.72422775841065,9.467569869121844,-10.598407554061051,11.315323599026623,-7.496828426256563,15.734243002891278,67.08541798020465
3868,40.17760109609094,-2.259433398381164,2.549330795720116,14.140237956546478,-5.496887003112042,-15.278423969241004,12.957744041797948,65.20480809573851
9794,75.4034576369349,6.37470858417873,-2.056444390990971,17.136407200709378,-5.087700087883375,-17.349117923152214,-13.106829824399105,76.70608759423865
2316,39.45466376145903,2.45048253621024,6.810524986586273,-0.5431368841336038,1.3976913648837608,-2.310071775400681,7.044242017242431,63.403400586313225
10375,60.14328022010966,-9.898449210967204,-0.6952053244366938,-2.0928882198189647,-22.08284225323741,-7.32455734270234,16.94427032717975,30.163753260623633
10659,38.004747846964996,-7.0318529253871045,-8.8765573327135,-6.0375892406383045,5.638321869870303,-6.154386477162217,-4.240929630659488,54.51279387709204
144,72.60999716176191,-5.350928166112858,-17.374656627531863,7.624494392985265,0.5365529872050739,-8.70953964940313,-23.707183606859733,31.92083288870831
7707,80.02766588485544,16.538352662803952,2.4927939803450565,3.0619655946531306,-9.763015153803357,16.636316270338934,-9.771846396985723,36.695394172128964
2676,85.45748479536702,-14.021691293017636,-11.323849651091013,6.7328964023785005,-13.661723177631302,4.049213534162738,-1.995040829980414,44.01540275358905
8119,68.27250915895549,10.065455868749819,7.362108111937641,26.021932480739526,-2.753187487775655,4.747549230083919,-7.193621809401069,79.43768907177457
1616,55.99084021175189,-10.445426244656169,6.190576263481305,8.0356136569205,-32.475875016403066,-11.118487848498102,2.414358792457986,31.002673501766793
10556,71.75341370163989,12.296470075044452,10.168568507884565,-0.7749716194562064,0.8502155838264236,-3.398711247943131,20.758213810027314,78.41746674104488
11155,80.51412465577413,-2.4592948486573936,3.6642914474960744,4.782695012150418,8.931036416337177,0.2419632057368767,-6.398082019281398,72.83971517547309
7584,48.99591982960847,-8.143902591633875,12.826464103477859,-6.864401811473863,2.4696883169614106,-2.6128894222604497,16.317679145466663,75.70955669687902
11343,77.70587190209199,-1.7594354421547167,-1.914246384115951,15.321528545669254,25.408005036800404,11.745849379569355,-3.063090158451245,75.21725331491055
11984,87.74546092149043,-11.423004085179295,3.7885497369191317,-0.5334739505378735,-12.261535146808413,14.970574908856113,11.009440651293724,51.44160657276491
9612,42.54039343181627,9.327946886376342,-4.739516020007836,-4.594594577326463,2.350841649123864,-9.678890128970178,-1.7390647573577906,69.36678457676362
5138,57.05148177745753,11.406116109907307,15.25087321173466,12.77064756768807,0.4781214214926478,-7.214792919167231,-9.612417358027042,79.28199190668015
986,62.678626329982045,-29.12292305723703,-16.950500574896168,6.436210234517813,-6.530913631704223,-4.121414313470697,-1.9119409693041414,30.002065706058445
12058,78.74136538187108,3.925743189674338,13.321684016234718,10.021715715805108,5.9088242540416545,12.741788681336736,-6.975382955592353,74.42187982442562
3951,75.21606981223795,4.8409764159643025,0.3928523696922262,1.6999903704802084,3.105502833964615,-2.7373426127138005,9.145540265322254,76.81209843968546
11843,39.84551368569784,18.63965296640211,-6.3273775305912565,-20.12120847326304,-2.0362971446620564,-6.944318900372883,4.000766636663602,64.42707608544632
1095,81.70715552768331,8.905578193251177,-20.97157413699431,14.001310735154659,-15.316399578697359,-10.931821579672496,-15.790166612423578,38.41559973761282
9270,85.15527860368894,11.013277498614706,-1.9759401026183134,7.266638464494354,7.652970884679608,4.845186391022932,2.3746038602162685,66.58203911204426
1265,86.5193819909248,-18.07928735129381,0.12367511776296528,-3.729018524424395,-10.843514590116213,-24.74406049606864,-8.565503670384858,46.52423037329575
2281,76.01774567245691,15.252513158200713,12.96408565384969,-6.863737561139375,-6.270245061557446,7.518378515845949,-17.471714658633182,33.656656831526384
10560,62.139173903221206,-10.259115091023592,6.6393843179184175,7.957977333484193,-0.2011720578454285,11.80110987528122,8.582581697049054,79.98517517311225
12568,46.1416542681565,11.765915530657542,-0.27796541640623057,8.202598373420603,-10.899572613961963,4.199895614748292,17.635915253559926,73.46066572975184
5493,78.1609593661152,2.3382266330388295,-3.9807167284431033,4.37171792187991,-13.651497478525659,14.091662158378229,-10.656129418855002,35.12173772436323
3882,45.267414659691326,27.261077675714862,-9.86898823271135,-19.18842205778162,-0.893989751373918,-6.50162040349977,6.717096358487997,72.62258259020709
3466,76.18826320610327,4.779023744863672,10.04593804951198,-1.9586015581366254,5.875118011011335,-2.1545451841553294,5.184255251070624,76.23840186093442
7237,61.746242865989416,2.8765843426442568,0.401648930383042,-12.821625058963006,2.2403094231570857,-11.493983717609135,-8.665978846182309,30.031457931050166
7323,79.78608536897545,8.790058993746083,21.434817236777523,-11.344251806325902,-9.158854938220331,-10.41262693894818,16.50324756168959,73.52639570951318
7810,61.42486785236754,-2.236890255818917,-10.247530700919103,1.0775305539092486,-1.4203945855977962,5.443094043516595,-11.555374683876963,30.04967016816221
624,45.82136116367758,-17.950994398729335,6.831985006323902,1.0284294867981059,7.199068072869785,-5.285828228785048,-3.6830696010288033,36.83700554062753
5636,67.03595947396961,6.521248056727794,6.619217662823185,-19.670827501546896,0.7765059125443091,-10.226532357504535,7.39164351405581,79.6720698589412
12409,55.06497057575846,-14.893850834230278,-12.9623749010876,-4.622759158494166,-4.866375333989023,-7.0851045313566186,6.869106767773453,31.292716139624495
8790,56.08092814228608,1.7877558099207715,0.9857667329422275,1.8250435275354147,-0.2892736862887645,3.9941911597707174,3.8294689120443626,79.02345613411592
8431,40.20902636484297,-14.442609404764745,6.604357413338211,2.5134010365037627,10.17149778431613,0.01590731814228022,-4.369562177266348,65.27480027842766
10438,48.1584604938933,-6.087332091972886,13.213618098604156,9.623685067121722,-1.04786535766169,-7.953141344451737,9.671027289369604,75.11787029207302
11186,40.83528980815288,-9.461621527826829,-0.7620710945309053,6.226161154740079,-2.08962455386704,-3.8982974598774796,-4.7940323351197485,43.43602048983879
5537,46.19390598620808,-8.241697840603306,8.94616346893515,4.434808711141109,9.333402385400841,5.71070319422184,1.4663898635350534,73.50824691859246
427,43.800760388101196,7.72127274168641,-7.727201182031927,23.113972718855486,1.5115079642652254,-11.832700833479507,8.640471894302893,71.01215782850318
2456,87.9542575983777,-16.610334006631458,1.8262895702157333,-5.9760539337744945,6.295563300131627,7.580128008593061,-1.9402186156078816,53.488369187331415
7543,87.51710574082459,-2.6785011842739297,-5.541784464135171,-9.660868417221543,-24.764365378620813,0.842147695982337,5.6623367449376705,50.11005868202635
4518,66.85057482256418,-0.24251404567415724,-16.329197044298386,-10.757196906872256,-4.380221479690622,10.519245618815598,-23.72147769296609,30.29831840671905
10632,61.771816675692236,6.0362883079673,-7.312646089527265,-10.908437588850767,16.693859170692637,-0.8980556301349019,-27.890038561924797,30.030186910553528
11140,86.65154206923336,-8.279376061648556,12.81598947520395,-5.224106554660562,3.191937450382259,-7.924687698211058,-5.1245774914284965,63.0996640515076
11958,39.31341106561952,2.7979856483738095,-16.686510603167303,-19.228504944962207,-6.768115269265524,-12.202180916914934,-4.071951427736841,47.003406684488446
10216,87.99202457078249,-9.842440313477212,-21.392035768959783,7.782038959625775,-5.317911482113295,-21.24116837650441,-6.811546895768455,54.36856682586018
7830,75.32197979998908,-5.4697835577661555,-3.8468401880435588,-9.032093797222382,0.10248308679910687,5.409693563087236,5.413749622875271,33.247556141696144
4553,86.25805667718886,22.01513874485314,11.155236246970857,1.5191257022875466,-5.404450848135504,1.9007860969970167,-11.737549882259472,64.16857674891095
4040,70.75776241153675,10.230186429562725,-6.075769651747434,0.4097387251284378,-2.312739070180801,-19.89386428189269,5.99130049879435,78.76588147673357
11663,38.357692292440674,19.067717611909462,-5.439799868842861,21.161857523450642,-2.4285085486612004,1.1737941479874057,5.58753286779063,59.213866495982316
1729,67.76054403850118,-15.917101890804874,-19.881873009889706,-4.4600227842206595,21.025032694687592,4.580875903965939,13.698077747933885,30.45744062943942
10494,41.83275864400164,-7.404497339571279,9.696306985162812,-7.579060647580745,-1.3342068569397418,-7.715962848000708,13.126934326707797,68.30217626469116
6415,70.64152557758605,0.4719509268959346,5.174815464518545,-6.386364935015227,-14.13724745985726,-6.383866507174503,-7.434362840935612,31.196490030940854
4090,86.55927833932508,15.16298625582182,-5.524446947799814,11.833612820399209,6.5816503848103105,9.32593453745548,7.803409068690175,63.36423362479841
1637,40.653616680281985,-2.2883219561677834,-1.0421964238760146,-6.434271294235897,-2.2162414151041783,-3.074446033252634,-4.49135045529925,43.79111278813867
3227,49.83504329820961,-7.053753101176419,6.775265473804527,-0.4388890672610606,1.3860142003878242,-4.395794018900638,11.007720512202667,76.25285663246201
11401,40.5087296110987,12.361594759330114,-7.297285104462647,-26.82370277987944,6.998483909863635,-9.328228603459559,2.9092567424472726,44.084746622577576
983,39.59414875032279,15.84866670976115,-3.8077407397080143,-6.776854901469932,10.172768283028272,-17.700200659694733,-11.432765473158542,63.78442526736859
1247,86.69487335926256,-7.80282131363874,2.113398361593482,-2.957819660359547,3.067376548076175,3.261111340996921,3.569720965915379,47.02798792722255
8987,38.164214549136474,6.725589136286393,13.524726258073214,-1.4797208949712959,-6.042986337448349,-5.168620964818764,-15.246677087076128,57.860727361821745
2847,84.92112920073716,-10.832839688228642,4.504414943346568,25.64520452410619,2.763580774007273,-3.8674805770905847,-14.439098505269833,67.01932171815818
2417,54.10688947071266,-12.929022318945009,-9.92000925522073,-22.398747209096012,-1.3189492512884107,-2.499715388868146,4.134098632496748,31.635227689663257
7981,82.62190554034343,-13.625000848113988,1.8512657744195635,-5.368079513690443,6.765558737086374,-3.3804257138175258,8.141567414040287,70.49131443634916
729,60.481351803206564,9.660923266111345,15.82871732745919,8.845536886294397,-17.53832746749752,-5.4023144088781425,9.841743017616288,79.87280465208516
4056,77.64552471558797,8.801828163932093,-6.730027978634649,-10.46487221854501,-29.40625241377159,-2.5987950364284322,5.4080258282922555,34.73898803600615
6684,68.20779106466685,15.906394539520662,-17.831663901182875,-4.32884269246745,11.518140981592268,13.38612249560291,-9.839433870433563,30.548437427706666
5895,87.89697263379422,-0.3040278717842688,-4.878334383913396,10.132091912806345,-3.6873885727696094,8.762303649280966,7.37741098060424,52.73267698108503
12727,69.31490841339131,-10.296103531835428,-6.959381735831879,-4.976623931020378,11.813876701928685,13.86249880526066,6.731429961624603,30.810706258129823
9058,45.92904925840288,-0.2913490747148068,0.6065407683192916,-17.77689215346937,-5.074560182637092,-5.262554887217636,1.0298060985472925,36.735755127080544
12475,38.85319792465317,4.812864209926197,4.7929207985877,0.3566523847985634,-8.763817967785513,8.571909509226147,-31.49255413257828,48.52451163741095
3408,86.71530916214516,-6.1780416187381775,0.6239909168568197,12.579626230774641,-5.663896493819634,-11.52971060260722,3.3364917030534254,62.91101203032038
1503,62.0307392338417,0.47936288220926077,-2.0610426411460776,-12.662550464442827,-3.588687564794546,12.289865214971748,-4.471305400223512,30.018796394745383
11957,87.20884643174347,8.762888284060006,15.325127367987063,6.131662367514059,-4.329133877357024,-12.349068118244048,0.46057027290064617,61.239531588529836
3082,40.697260143385634,6.142237195762795,10.582542892895129,13.24191021848469,12.172069092692489,7.22062498560749,-15.209611792360976,66.29547674461706
9218,87.43906469115703,0.7050357583800614,-14.911745936936393,3.575905795459154,-17.673702567218534,17.83652379395653,-11.131742270038137,49.73387077433132
8333,52.01760644979702,9.189457764828434,3.6315533306041536,-13.573935724009104,-0.17003622457200962,-1.66974716121727,12.466669497861783,77.45856255214167
12087,71.29435007440375,-1.9228536239443947,16.4617267987947,1.1661736629086499,-7.740137312798123,-12.549758193610662,9.324910745755536,78.58397245680291
8797,87.5806867859612,-8.116347128351748,3.6310841477162903,10.043906815497222,2.456281821144955,13.587369789681947,-20.057633635200993,50.44041261401076
7913,57.18342935694619,9.996277799001387,4.999052968323705,4.305929029658824,-8.32538970749394,-0.41721525668205706,18.69745427465383,79.31393645534109
8562,81.40029344274569,2.7682448465466165,-20.28291367841776,4.701138819690643,4.616933242034188,1.7099547588927901,1.928331764746253,38.07578063186222
5959,62.61231781702939,-21.97686601590864,10.080678959109184,-2.7610479517629964,17.90826101672519,9.410024197419478,-16.79010721417389,30.003006130236237
1426,54.89735855191477,3.650682955133946,-2.4725892314051285,3.584513700010569,8.353724944277781,-1.0564606039224738,-4.352423387690123,78.65052222602645
7709,45.96333203436063,-3.9674981183688267,13.249813153304075,-0.5480154622277217,12.467938927604473,7.361010128754451,-9.142697965892994,73.29622760649193
926,42.24416384326953,-3.241066193274642,15.963863055795207,4.037007590265635,-8.565686647302485,1.0439686760625813,9.813023837789299,68.93539613484167
7849,83.83247565326394,5.838204570132229,2.214181112033327,14.634877704264804,-3.976063166239397,-7.254331108043707,-9.086417380071145,68.82056287407156
11366,59.572911437170845,-7.074718649372526,4.969062788243656,0.4145703216040135,-4.776518803547263,4.980029901803017,5.0026897136628055,30.236012760814837
8686,87.96596739103245,-13.495899741488955,-5.464409233681057,-14.275430704799204,15.931578380829423,29.647633206421634,-2.8701950345475282,53.6959784396321
4928,87.72088011201232,7.888629148838787,-7.13157047055244,-4.103848066909478,-20.77579241864917,-7.508723778268696,1.2239758320101366,51.27466961364317
3583,47.98598490717088,-4.68396973846984,19.89682874218102,-4.381827051492324,-24.079985953402222,-5.1653868979698006,-9.445912176394518,35.01051899642466
7324,87.99564017764753,-19.934011807872402,2.2759593612935958,6.000027720935965,2.1679135487294876,-11.679154228637408,3.403272539630029,55.46687483287552
7890,38.00378216515212,-1.7004211906125268,-5.0065474221262205,13.108874154269452,-28.7286723997129,-1.0003371219162178,2.8411592165316026,54.56515065501642
6751,65.06131144502115,4.912580284078193,-6.510549069231148,-2.946537285568465,5.118706950685547,0.35688032723012375,1.5213549911660715,79.91487497714216
2543,66.63864739929696,9.162281444551326,8.135421831703724,-4.296639730216555,-6.83504101651068,5.590205919531685,-1.112379218496866,30.266212479614257
2126,86.98420980109694,4.721451621064261,-2.0007154355536945,4.226029415919656,9.148803625497203,3.2925825069372987,15.204716621413684,62.053912404968294
385,85.97707365104112,6.677281023988195,11.963376782530775,-4.851675530982017,-0.35649552775439847,20.790157270789894,-4.0657837164409045,45.14839675816003
6705,48.554185413060225,-8.420014478536826,-1.920996154739253,-22.644131410386272,5.697698684278878,19.74384400157027,-5.0410789123077935,34.59611701367218
11076,57.07569924261576,0.9273436627426511,10.311297649590754,1.037981852476078,-1.25010227128814,15.355963532285191,-11.858024804903666,30.71208818082426
1658,69.92613287778794,-6.226820273725484,-16.18193614325304,10.480977730178738,9.624304222254171,-8.569279630176968,-10.01909764253227,30.978578656556873
10286,39.66157399454613,8.305541310251124,-13.592773733012882,16.05945209667262,1.5510744683338547,4.288896670035854,-2.4176420129631215,63.9620238555783
3359,63.203006272626446,7.584349845847561,4.381049780274985,-8.346556300900932,4.377461469677691,-6.948629816365543,-4.715167951584542,79.9991757554779
5166,68.3376443972046,-9.689915916639018,-12.9596784525211,3.82413606019816,-22.181235884037353,0.7495733198846202,2.741191430862471,30.576454960653432
2774,64.51134910004534,21.562410791453843,7.095992577436707,7.401522327251623,9.314729781373225,3.6585175426300536,11.147169864016007,79.95427466182483
6128,87.97724051398177,4.021308956005515,-4.078085967875266,8.903620797173904,-9.62170918293274,33.44188697296896,-17.94022000951803,53.93348403354301
7282,40.943721633284476,12.146304578485967,0.0972500782231313,0.3489208559390393,-3.6553013158160796,-0.1276177710058528,0.6892038512350713,66.76947681972129
11915,43.32074467817053,-18.829040875232234,-3.0044603184883147,3.523283503293681,13.653938107556911,-11.807954007485751,-1.667339395468024,70.4183951816733
12497,39.94949019487465,6.730667766418875,-7.983963441033013,9.371441773249492,11.796872770807422,-5.619549914873371,-17.73175272094705,64.67853282909243
7664,55.1408781164277,-2.039199854774341,-0.3448883092795743,1.8728536096684876,19.371170699240558,5.621939715187773,2.559082163076447,78.7325557666922
8387,38.70088919607785,10.744909152605427,-12.963005770302829,-12.393916649124435,-4.684574021949331,10.114707808447887,0.04267389649961917,49.12180179487677
12581,45.84326034370939,-5.736404163636775,-21.72818129318039,-2.229015437948099,1.219691822043877,16.78236932369437,0.11554298292298432,36.816318184529706
8991,48.55066838653829,2.162987458132633,-10.310457105447375,9.401812853910446,3.929913837813239,1.615613052728143,-0.6594139313792156,75.4013924996363
6866,46.82346667160118,2.946472390262031,3.0491706829444736,19.436742695479367,1.6825550514763994,-13.965995037533112,1.9798530789216229,74.06094880836739
5812,81.84733799604952,-10.603110106651881,-15.255621193644053,-11.473113417735615,0.2915878387455282,11.332092297578571,22.428884459269206,38.57508446101873
6346,78.38228517046906,-3.509562317992396,-4.607346724033203,16.60834824482406,9.273325216541245,13.729781860999333,1.340792429317914,74.70749357311496
7209,42.55457490544738,4.418311692760059,-7.177278745592864,-1.9840250510437047,5.3185011399890145,7.1002428691529,-1.6963034263838943,40.613040880608644
2857,80.80070815777995,2.874998037181915,27.162295847124824,13.285679589198846,-6.132783735415888,5.795102710299944,-5.3632048752451436,72.55376851509516
10450,43.5880556741769,12.889940369762517,3.095085607821532,-8.576865283209234,-12.680316274510378,12.086008941976234,-11.207709285895298,39.24638398680658
9079,51.89115762298187,-0.11909319346943677,-2.5910375621668984,7.311723694451484,1.4742523317818406,0.6509518523314857,3.151319778083088,77.39628587606808
6389,61.257662217475506,24.611093373922436,-4.912211780575603,4.000390057192554,-3.2905944121678394,-13.416299185693177,-3.0357944020595546,79.93921127565159
504,45.89090172345206,6.649370509454529,-6.303463672680865,7.8409481200909195,-2.633399680319034,-16.490543318060766,5.2508746793178975,73.22851491930773
1080,87.93973051487173,13.110362575337222,-8.93940935439038,2.5196944616722,-15.920988341462575,-1.1760023563066535,-6.459646122425136,53.265110422656235
1297,67.50871720465014,-10.779952371913527,2.83194541931127,-7.187056199661903,-14.251042962699227,19.492659522119556,-21.88604511116975,30.409931493212714
5747,68.00093977548566,9.332067440423103,-0.35190945180649724,18.290826215949053,5.5121437207858826,-6.416538899248386,8.62123723119576,79.49470557818496
5957,57.882509391469036,16.196952915186053,6.023209404750434,-4.629966004372279,7.973505756274468,7.241284783448952,13.445128335611859,79.47062095394388
2248,41.38013101435736,8.50846052804199,-5.252936612981486,-1.6790998171287317,-6.220710109103939,5.979148579480448,-6.700059571666933,42.446862342679125
2671,74.45928482517667,8.17736716343849,17.40845727596226,-5.4583948310348065,-16.138095160122912,-3.841874865468548,-4.153517146330505,77.21901868434958
9801,77.90703988820653,1.706527849510851,10.044448495052947,9.54716601245231,-4.808330532798959,1.8417305672771596,4.226139925150064,75.06938369186805
100,85.26814537672388,6.621545054031307,9.51061385369459,-6.348438709631567,-13.86952704689985,-10.804042410240003,3.6473011258577435,66.36352504644096
124,87.88445321686487,-13.373939829928595,-8.155344810327486,16.93755450429483,5.0054707211695035,-13.244115638182627,-1.9738389559343932,57.40083070991347
7044,57.76507407118842,-1.0664549565685324,-15.216029056063554,8.308002071706676,-1.3839688662592498,4.937759238493743,-11.460460294349025,30.55423246204251
8771,82.5626726024899,19.88819494602693,-0.21892829456113144,-3.894982435736194,5.2666588561651935,15.907170566862616,-0.15003368070443074,70.56604768872918
3613,38.861694756397526,7.609060458891127,-2.4463892455339757,3.2401809621808315,19.34004947113596,-12.183632094272028,15.689649050589722,61.50708997683859
7407,87.98751840976547,-3.4259435220936836,8.368292898048784,-5.991685785470795,-3.9512203829915067,13.415019109223858,-7.746150143678532,54.210111576466886
5411,39.02093788576509,-3.8854239381603466,-1.9312221644007392,-11.563040757841616,-5.794314320079433,4.6531038585813596,-19.588047461653474,47.92860833204212
8438,42.27438628184248,-12.299092203374194,-4.718087890864749,-10.484601045786235,-2.698631066042671,-10.656888508737643,-8.918291964921462,41.019694709852686
4011,74.99767107117536,-7.14541127756384,-10.556302880007271,7.40350971444059,24.036401029157638,-9.790775611715826,-1.75678809121944,76.93298631896445
5118,83.97781653460291,4.053379879556639,-7.625067112728759,-2.7392506098303357,0.79062161845098,4.871866966189903,-6.199922724241016,41.40105837057381
9763,79.1901278342751,-19.786833010287413,-1.567221908988488,11.183359833985362,-0.8660923268065456,-4.881629732660553,10.944538425355079,74.04940315888743
4448,81.60117581226663,-7.9973044891492115,2.7563954677193463,-11.984530896010968,-3.7047188550751873,0.22240213831836358,8.615391621460525,38.29681891371746
3234,50.476894196674195,14.14879619239387,-5.1897948703326415,10.291339041259231,-4.086563552588897,1.1980612466479865,-9.19662160139186,76.63727850351582
3999,58.643054347653134,-1.9990623285724565,-0.07958926431543646,-3.9937297448488756,-12.200872708390806,-7.060478113131557,17.898961945290505,79.61741303594867
8980,41.479634706995334,10.40388104661501,-2.032275193716847,4.8218962143526785,-13.610997160922267,17.46615191311815,-14.092540830464683,42.27703345694722
11384,77.82429131957281,-7.885162571615415,-12.349556431740918,11.99821889212796,-12.694263054566859,10.097475782952493,-6.39814542736329,34.86941662861112
10206,38.20367166319858,13.811896106666218,2.0397589968015857,11.399895555617674,-0.8229850739729195,22.192070531610916,19.789118586953613,58.18466654667938
8853,38.006796836213084,-13.646324927456433,5.999255871826973,-22.67524467013079,2.201287400694727,7.269765777937587,-3.500307946882029,54.417080096692736
5091,78.81635362495902,-2.4506699763029087,-2.1204454243370168,20.091607443118043,21.588259924734917,-10.999010104650344,7.425905939083508,74.36086149969174
8409,42.695465173483534,8.154622902537433,-0.2467881308349575,9.08871692179745,15.127429844717303,-18.857561084999748,-12.42763634555442,69.58512480161825
1863,59.13432027535141,-21.46900745290321,-8.656548892423112,12.563635992799991,5.813084642153319,6.816863752872479,-8.972505221262779,30.3006777366981
12708,85.98203242069852,24.951343209539033,-1.1146039457678896,-3.124638419686072,-15.09713813102217,0.35023110286312104,3.57346465470771,64.8400297669246
4552,48.30571891282054,1.1884937506645776,-3.3910778676269926,-4.525954553110047,-1.7815216522348751,10.229330313360654,-0.4004460874431278,34.77432069543868
6351,87.79192398486074,-5.982697981743787,-9.508153691210392,-0.3364036711047229,-1.3911729374178405,-1.667133449469995,-5.30834909678827,51.78122614511573
9679,87.98793127327659,5.518719966140453,-4.953918243287028,8.429995025461432,1.580330810891584,5.670436905239496,-0.08968569627507772,55.77671789087544
12169,85.97017217082306,-8.919920573334599,-7.962812587351722,-12.348554378030016,-35.07441031072147,7.660161605718417,16.46629890726501,45.13231585209854
6428,45.43578311585968,6.876242708953418,-14.545435108589173,17.67470821086411,-2.4073326877014294,1.0586352074910383,-1.3585206270238115,72.79039868150458
6704,79.05255161750844,28.267907167566428,0.9086736547715484,4.80741781397367,5.132576575688651,1.2181320714741735,21.843182216675928,74.16547903307473
12221,64.13454250243738,-4.938764106119004,-15.361233643869374,-17.57436986469071,-1.959653179850351,-0.7414136567398177,-7.816696987625871,30.025757002260047
4428,54.33693777226483,18.848887388924883,1.995278937197561,-5.307277008428807,4.441377223188965,11.709243007774813,-7.15733366608443,78.45104161521164
5591,44.91679029253105,-11.706256937114269,7.566068557780646,-8.653263012704608,1.4882914852449205,-3.9383639313953127,6.918636327322497,37.737395136431445
3134,87.61471499289087,-3.9600884165406143,2.549092022530627,-15.489709682558878,-0.598921416940203,7.157323296521864,10.659659111625267,50.62783739795127
5556,87.81413875231685,-5.90652389661604,-7.802538104864025,3.813979352614713,4.575632496770146,-3.815287067635922,-9.292055709558664,51.957218709672496
4197,40.826285841559205,-2.124497712324906,11.205054778675922,-4.291235219300205,-6.793344001160739,12.593796595205593,8.148935928174831,43.453294824073744
7018,55.408614789103076,26.700289854670043,-4.458555569781508,8.184403245746312,0.3897580472505321,-4.580849787702891,-1.9508357368216882,78.81954807673259
8477,42.37211502482698,5.997099592624041,2.3916411644941844,-3.8948884712084397,-4.345125899081803,9.17637974092224,14.069621496352795,69.12410568676938
5827,49.94139620086134,-2.687521380776193,-14.480244012114486,-1.7461940422758335,20.01722489541264,-4.873404937272915,-21.953948756444042,33.68163076553178
7809,62.616508707816884,4.097455589843265,13.525231719339086,-6.941038413392965,-6.687988185796288,13.9146981007678,7.490722213912353,30.002941484470224
2090,78.18762206351937,-4.57716739085102,-1.473121335390109,18.721909480146206,10.317601000750894,-12.000676911951938,17.468173074647954,74.85789858106088
10780,87.67357226786004,5.795540292769619,-1.7479161496162647,-8.020444815772525,3.251192436173222,10.570117321875273,-10.005105353872437,50.97323559881037
3861,45.13793375186684,-10.858518880915145,0.31838941074989446,0.8105464998155014,6.006954018914939,4.4082630059424845,3.997192562614167,37.50867102398156
685,49.622932037528415,-16.357065019522665,1.8280486450604534,-10.95886748972966,0.6775702335285466,23.763842443600524,2.7744856721095887,33.88000822141693
6387,40.61545400279052,5.308528465658513,-3.25837804424993,6.603870037658156,-6.805657355963151,6.314547171585444,3.780188709925643,43.867520469418636
1003,63.54014509245185,8.544162610748579,8.932936334309824,-5.743094795551807,16.706938870243448,-7.677909674038878,-2.940556719916306,79.99416418444714
12588,58.53975811439987,2.1573391548727274,-7.000461697129787,-12.047201273656452,4.720479573097235,-9.016974586467764,-8.210631180925043,30.401092659999343
3069,64.88249289596853,-10.554011368430213,9.459999642985647,-29.48726487770608,1.3751253427399668,-13.74292863974694,19.408269011181,79.92902365710755
1614,70.00461677756033,6.48616614064534,-5.75747901098421,-7.640949435896854,11.691017251064054,10.239852835106142,-13.186145802813108,31.001347041979205
1439,38.290790865129836,-9.235941154066328,-0.21859383467517005,3.4162003930375513,-0.5416989996898056,8.026290249946621,-0.36432843021409456,51.198028941555606
12259,45.88481482317496,6.570467315749094,15.46458933565039,-8.872106264054036,-0.4855458208475554,-4.100710770410784,9.100340772263229,73.22279990459722
2118,87.95055296627231,-7.853097402552742,8.248058552663931,11.318378273717196,2.811196831344353,13.354728015993825,-5.915882762725399,53.428406325655416
7244,51.429362360668435,-15.11193200029564,-12.959958003560567,18.789379314057804,21.136173123421674,21.739821209677146,-17.4171055231959,32.838764821894884
12077,79.23164713604103,23.980263719394834,-6.391157303172377,13.557121795605358,-8.763340076920874,11.346003033187802,-3.4922026234211616,74.01403774191718
2138,77.41444293181155,1.7501221407295007,-4.1779280727087835,2.7010761837296418,21.36934525445485,4.832552450388231,-4.259930356734596,75.42605774410589
8090,86.89129305531061,4.320287928066885,-0.7851618611863493,-1.6365240822511462,4.233719184972678,-19.45037390443145,6.792101176591806,62.36248029846376
12479,78.50984449219428,0.8178231727649299,-5.698121616094397,2.372108940335193,-18.72711134305174,-1.66047115713416,-19.77857626646871,35.39273798237115
105,44.07311475818271,17.803877273576475,0.521328439521787,18.08087559329547,-11.379222161309752,4.516329838789439,5.63091783710644,71.33318753468161
1432,42.06576656686045,-7.855610662510115,-17.237600416498385,-15.93348997323514,-3.4989944769359043,-2.207934669290541,0.9791472200741733,41.33406166533662
8954,44.05223336313833,4.452901793537966,-1.3251561106574672,10.138811840969,13.34007366510788,-3.1491574395594384,15.482579146529392,71.30895887158441
3072,65.3001492110886,-19.758856994170973,-0.08999326241973622,9.917495969657168,4.666558219274661,13.311454627476005,11.168693780323377,30.106038611608465
6137,87.60549919960704,2.4808862122780146,15.177078528286295,-10.31673271450505,4.81554355254527,-14.490513279943054,1.7441987286932148,59.42373248944118
9303,77.38197326014117,4.305625628599491,6.92773805006679,6.809762265374206,10.91048727637306,-10.371172249602218,-5.61957648385795,75.44893261626592
5295,86.9783167000927,19.329269690199236,8.249482059618376,1.1225521684331854,-9.991749941083597,22.760835711436137,-12.678204601605739,47.92608112641548
2477,69.83693521756585,7.756128145206556,-15.233467293919066,2.9995929826761856,-9.274870649186402,8.074269097122789,3.138162696943352,30.953039343176698
1191,77.82189712576464,-5.770514356276547,1.8705890583641303,-9.847060839877786,-1.5593214192380909,-3.565126998955175,-3.5635669424512435,34.86765374842639
10970,47.67705854171968,1.8655468912776196,5.86016949375595,-9.518136068535629,-5.540640296343783,19.911353303763487,14.217393443389588,35.246330339248
1214,42.910426322559346,-12.71623574288804,10.073240623807017,19.88335577456031,1.0013179452473513,-9.740412419095607,-16.222155001783253,69.8798195371679
10636,57.21448284380482,3.782154642587392,-5.0358312862462355,3.2297216689314503,17.664493367508197,8.889412617676545,21.17515034235221,79.32134435501811
1142,74.55102479230354,-6.425117871308165,8.54293779383988,5.005328908085309,17.511459165530376,4.364157305780939,6.9402716884840885,77.17146423327944
10678,41.70388136167898,7.487476078472265,15.164408866676343,6.131725706059973,24.119302970953388,0.6729160998983069,11.364284090888141,68.09485895084617
6507,85.21726089442375,3.902218154681414,1.4570280332968428,3.470156849144942,-2.148389380864185,7.719883313669503,1.8523649519478738,66.46269245636074
1373,67.93797694421862,-11.53104089926897,-16.02774778465619,9.095163005864954,15.633561425796476,-1.7740877368963992,14.274493337858553,79.50747607768628
3070,85.57981467331975,9.414279660968962,-3.7925884170362876,-14.278532896165782,7.466791525514351,0.2804876881785125,3.8075412725340083,65.73088856146285
4474,86.33182815833106,-2.7126238691734654,3.138443984738766,-13.118739661380692,-19.239613268850345,-18.077843303686308,17.58605854739848,63.97918675549794
275,40.58913745264941,-1.4499806636090358,3.0647752525278573,23.725998698287633,-0.49148089684169904,-21.352280388783175,-6.1878316557793305,66.07940611602258
309,76.14992355055293,2.0027638248240023,2.113838202546096,-1.7557823889607542,-3.0318689115924347,-1.0318533410572013,6.343445341672382,76.26216147560294
12763,55.334470599223074,-7.94004905190664,17.694411528318934,11.771478817690014,-2.891830751649817,15.674338745460837,5.168972746560375,78.79579078336806
9716,57.42023084707564,2.260268069312673,12.955564859328302,8.014904736368237,-4.407571422500106,9.511590655298122,2.794389625101055,79.36936963074905
12688,38.04465312823798,-1.0289588670071694,8.379710046576347,-7.559965379073455,3.14936085841186,24.22541980397623,11.971364490030506,53.50645973939849
12202,58.54844743169634,-4.006665726266775,1.737205470411671,0.5811905864208756,-17.9906908053676,-12.499754579413816,-1.7091240338225648,30.399518709349827
289,77.28417887742084,-3.125586987086484,12.95141281461307,-12.380965847259343,-4.340256032090185,-7.8673995775548295,7.922831932634082,75.51736420200811
1246,48.78893329077348,-10.79365763274917,-4.942675365783132,0.38137914131711975,11.241578274774053,11.306225434426906,14.037736475715104,34.43192806834064
6307,39.5497607086172,-3.989389942496836,6.324728292213427,-8.454243649983354,-12.332986905142247,2.5400338412194334,-19.70802498510758,46.3347661787528
7051,86.67573817287195,16.202588166127537,3.4314895962870917,-9.61823100910447,7.27292409600821,7.351032616937068,-15.539723724748548,46.97133747317685
12597,68.09716492875933,6.5851617947883865,0.5420509216221369,-8.325417899515536,5.97759454556687,19.139107146334958,2.436886751377177,30.525137187534106
3392,57.03506375062999,-5.788267834455878,19.404107462465923,-0.6760001046224848,1.4669146549734255,-3.9481310175257223,1.7589685091625111,79.27796399084882
2962,85.89664434750821,19.534858738139125,8.872286181409976,4.181195599934894,-2.92994330190259,14.193960896053117,-1.1933949085817657,65.03711500500617
7588,72.44577388809743,17.237089594863015,-6.332056352422951,4.072171717098215,6.778462331134066,-5.898031612196916,-9.376977947955456,78.14686492065258
1941,85.30920855575198,8.00723903649815,6.1053815907004765,19.102442183696496,12.307444723115799,5.96152763390273,-3.676732161759543,66.2826953169871
4158,40.65054504632189,2.4974757738735804,-1.0639516117893317,2.326923238690705,-4.877132723193816,-0.8305010936860918,10.091735081925098,66.20276141286215
8817,38.528547054268486,9.712975665398599,-10.559748219557841,-2.1733259760020482,7.49903687099858,0.5831536976282061,12.612947427825635,60.113510606701475
1303,38.077320958292134,6.978747807038075,0.05333402573789985,10.109671979675873,-10.270355675791611,8.125725533117262,17.543349174387856,56.964705928126506
265,43.75683404021767,3.304396798150374,4.487039965555251,1.5850370976642278,9.737105354728408,-4.772456357539247,-10.952831781799485,70.959340958958
4309,51.01040272458338,-2.578730732793029,4.792837757266088,-12.32105042736696,-9.809818408681858,5.162298970844646,1.1003268786118356,33.06259912447871
3977,85.6790084442658,-11.528290384580666,-11.141985536039629,4.2235322638447395,-6.700396219729972,-13.869631688857567,-4.478754381236609,44.48037187040719
5101,43.87648970590623,15.047475784690791,3.9510949166143385,4.344453333493577,23.480404842263734,-3.178138250304585,-0.2697219689884055,71.10252632451473
8485,87.73043779072333,1.8858171038970015,16.39713480456254,0.31861388213035036,0.17848785135273018,-11.026276138168754,4.288227247846519,58.66134492764113
9253,46.58063165489812,4.151246451497623,11.635999921057598,-3.072830930498937,5.4795284710198935,-19.01002299752449,-5.312982719957079,73.85217078078455
9239,64.11060697106416,-14.267863963946406,3.0008702111466343,6.750231298301466,-8.734159461333412,-0.5293865716029635,-3.304220752078768,30.024681140057016
310,38.60388337482997,3.7560582779255522,9.273469043123065,-5.646920113194245,-9.548485683237404,3.856969394571392,11.011108385722746,60.46163836326632
5904,80.20359973629462,0.6549107961268813,1.6256804477339326,-10.683652279297833,0.29059016646755703,-6.735337535207445,-1.0062563503473712,36.86064620463662
6353,50.13685703946243,-6.706727882214558,-3.31690166772245,7.790005183480144,-0.653901529792273,6.843953599352219,-9.706289249878242,33.56312631989513
6100,62.48541491400069,-12.13515677674193,-26.128801559775106,18.844201914441527,-0.3996611894534962,-10.546516850683357,-4.947376971208588,30.005296517276562
9956,41.35712372151677,-30.79936111420094,14.00065471710202,15.170846015155615,-6.99515605165881,-1.9995639837184846,27.306855247553678,67.51342904220374
2720,72.5470173315677,-7.755112689741026,5.216834373751855,-11.36898731717589,3.0394950455379193,10.312315805600603,-18.52778293857044,31.894709262362746
10821,87.47145555015294,14.138458783615796,8.864797786840363,0.7793504604960012,19.29364295162863,-6.9587104870416,27.008301853138377,60.11349814284595
4374,61.68184389760686,20.32635156890897,4.513009449796312,5.223852701386381,7.32165494999855,6.951348834347306,3.7904545333421176,79.96522510392654
8693,87.18971714319704,-20.684061935873515,-9.143985072993276,-2.7847320830009976,-4.684247782895708,22.297483709375303,2.2041097112282895,48.68671365039419
10497,44.584670826307416,-9.241230494161762,-10.589612102892263,18.11201547462734,-9.127772619045551,-13.08255775207047,-21.72705726286361,38.09214231711933
9453,75.37137013760812,-5.92917234368746,-4.320609196734238,-6.425943394262461,-7.9662126575989785,3.686277812302476,5.4761726124415215,33.275608157688325
12153,42.1427481538049,3.6067792340950895,0.5908146970966561,-1.531190569402815,-6.231606661557633,5.388113587432236,8.499187765735742,41.21685647523066
2839,85.818145428409,7.39094845783978,-24.393865822990982,-3.776884265598505,-2.9698801204530016,7.703165485577347,-4.279283089470235,44.785684594258036
9524,77.3222633481702,-6.842848013573468,-2.776984265642095,-17.625932328371704,-14.887324587244741,-1.9096609163834013,-2.9703227504259533,34.50920273425993
3940,62.48037955049049,-6.168546189245582,-3.613496963842002,7.652219526140064,6.891293158478213,3.650113567514536,13.778078273654122,79.99459930841964
1331,38.16792766126683,-2.148876459408082,10.727583842893411,-3.827282944621981,10.603407324109078,1.0997822403402964,-6.053934753832397,57.8927812506173
8940,61.25652452679655,-13.022159812409324,3.6298277979092712,-17.489097088978042,13.722397031901991,32.29971214952469,-2.765022217432403,30.06086823334986
3014,54.05839945200182,3.157855592783073,-5.773358574838422,-10.669952001857258,2.153849611314031,-9.999681124326598,-12.134975257114506,31.653741635113374
2244,55.58776603343991,11.870971206240128,11.972759958799577,4.585272601259279,9.219141367111943,7.545994404578096,2.3375464400396093,78.87590391220766
10002,85.86577193767263,3.934186278242648,4.040905833300752,4.68365273483264,10.130423566195043,0.06531077478464309,4.311015627269541,65.10724857190831
11110,52.10263190252339,-2.8279292317384312,6.899173950644516,9.151629520183999,21.79696694748354,15.519134187711837,-15.86884006813143,77.4999415232151
10226,38.43664592990757,-1.035529957149864,-3.491150827424552,1.6315672193899715,5.777417808898814,-1.462708560496849,2.3861649082379204,59.65205726827106
5291,38.05358676870071,-5.680734993584351,-12.897574423083851,-4.706419823248079,-5.954080388007885,19.13841183811035,8.781637237542569,53.364008895728404
3642,82.86997497932245,-2.165425662030183,-8.097008338283082,-1.0269064922192936,4.348202522943401,7.495452393834472,-6.435727022567644,39.82818091588554
1207,80.84990479187131,-5.033806292665092,8.268081050344128,6.748284561280526,25.754815034170374,-7.367423128892411,-17.083377355506965,72.50373956962139
11804,83.81500419443167,-10.573153041284375,-8.332141726519312,5.783141275438579,12.353836957073286,0.5510206992744329,11.241576356154411,68.84686247443052
2235,86.24512626890805,10.29414017312978,19.38651877313857,-15.003877846725802,9.006604124140127,1.9149708784431596,19.846912523892925,64.20130994709562
10521,40.43621346690823,13.417782216188625,4.273058665821275,-5.646096993828906,8.111730077732783,11.1908275873784,1.3270179544520275,65.76455002724528
4736,39.60156589251255,-9.331825395797681,-0.867492872201786,-6.25558769666476,-15.90758323179009,4.969179789231079,15.748636274169494,46.19583727333665
1589,85.69134513579252,-2.698778976483425,5.286459966908699,-3.0785965505789923,-4.6775417412421225,-0.20208024320463913,7.314196802698602,65.49299079997431
8893,38.00844056794567,2.437520768163269,-13.487447839298493,-14.528147723219206,-9.392573646092792,11.082992585463398,23.04130199300012,54.350417707987454
11520,78.1986064292376,-7.05913657078784,7.0520906499271145,16.392877521144907,2.7376581087810337,9.889002330852703,-4.912469595990543,74.84949275445439
6230,38.50368354889268,11.434267621203638,-17.716833918628055,19.07132252323699,-3.7939779740531088,-4.100171366194614,-4.637167927579329,59.99304319300453
9424,38.01862753166496,-2.0449098862880852,-0.1571250982782493,-6.992907056380167,-9.041356786891694,-15.0076674974832,-8.082384996464576,54.035101249709484
9413,85.09266098223522,21.105998452744878,1.840881305540809,6.90350392694127,0.13896440896961962,16.84611054350831,0.9983702944806571,66.70103972833276
7621,75.46596461424724,8.577018870770516,-16.972056881186223,-5.483761555686936,0.875934708749057,-12.938181449352212,13.934948105311191,76.67024979635296
8304,82.41418009640967,8.11487780017442,-2.0121144478843234,-4.461313554937123,-16.772920160546075,5.806523896670174,6.917510821825231,39.24913935100146
10302,41.58799590858463,20.05295932851801,13.288286046205009,-5.187764005424231,5.4923477877240785,8.39039885332979,7.16859207005232,67.90449847104534
11230,86.22478170623843,-1.0250813428771495,-3.837438049537872,-4.723822058632337,-2.148610346561629,4.983709703359766,-6.916401901199346,45.74745901400201
2017,87.60828785528628,0.5790286498269264,5.792183457773761,12.09242127060423,3.43703559129854,-6.117946629846034,-10.554465802421348,59.40819337499727
8714,39.384358059046406,-14.60604676826441,12.947524549238388,-0.5163332630414448,-1.4520238625067154,-14.416048340683354,15.756434769056277,63.20374644395312
11022,40.81042167616637,18.129924200661584,11.289175323330474,-11.020816975084848,-1.382004085054187,9.90963787786171,10.429813486232558,66.51618920522118
9587,45.513887544084234,0.954320807240775,-20.778593550354472,16.04978923487503,4.131802354930803,-21.912961787162626,0.7558499860152341,72.86717300467726
3540,38.54445525440616,-1.8315328212223427,10.065135865118553,-15.949575910445265,-10.34043818729721,-7.053735906594936,13.24038945808491,60.189058796762424
4204,74.69594820171008,11.108504342384933,4.455872832421181,8.272136601424565,-8.147521002139671,21.718985315836115,1.657590614365985,32.90464311981101
3727,71.33166514233638,13.740430815298094,-2.2539359431905175,5.025849637397123,-1.6964612873311402,-10.381068450703575,-12.038182156985734,78.5708157677238
10383,84.49063828130163,-4.4943339086348715,18.449700522683944,-7.54910297561268,-2.1273363184555887,1.3991336239439514,-13.402217177001361,42.226885021176194
3750,39.920423899184755,4.825745851344124,-11.803556640606143,-17.083351272487477,-10.395379595713731,-0.5956963303781797,-4.335470521979284,45.39098511778248
12774,87.82270060107749,0.8090434444315396,8.295432648682858,6.097647615594884,-15.00076297329798,18.868915713712482,-5.960229503531234,52.02787367878359
11119,43.51414286125285,-6.248503910522112,-0.3252621154522908,8.195996455090524,10.95948568898967,7.524669610444469,-1.838009253051225,70.66209984543377
4904,81.60441424300303,5.604285550815882,11.734574979007578,7.898151192766038,3.8735215172678905,27.430497947760216,-6.80879793252684,38.300426033136475
5338,82.03281305255449,-9.886960462866908,-17.950428702662272,3.391021720221316,-7.689808427289573,-3.3663330127308693,-3.982495844636593,38.79037238840721
2662,85.45127890111284,4.370361948786291,4.461073587745669,-7.205443420417177,0.6431638916633906,4.475207755154025,-11.717568047301478,44.002724168938684
990,74.49277873612485,-12.285147307566353,-4.2521618873198594,-2.687889500051683,3.517775343379052,13.850260929307014,-16.122369334156776,32.798287522750044
10490,38.89457614836594,-5.690076260932019,-5.187568816880792,-0.38772096848409365,3.6562208898173534,-0.7091060937411469,0.9787870298267521,48.372139037889234
3006,72.46421778598618,-11.438457008135485,-7.22210778766841,16.916521705945783,10.454444774828598,-9.878079077760312,2.811481558460973,78.13932975907952
10717,70.04067304703304,6.42017946544465,-0.21139710206217804,-12.546660583706037,-8.949566059386402,-3.515648877572821,-1.3228563891728393,31.011900386967238
8447,87.99736828816742,-0.1737553434283015,1.7652152471399192,1.1044263554587466,18.43187682771964,7.921393936257466,14.196459695402739,55.36273773683157
192,46.992200241235395,8.407593290825709,13.693297305438337,-6.934192758382464,4.954710939928359,13.023745122274175,15.16431168573699,74.2028734017411
1306,49.820055202538065,-27.335200990198068,0.6627737117439857,17.161611765329454,-0.17576071347348068,6.0494354432397754,12.633555985884097,33.75643497112935
8220,79.79341053341506,7.937602257583557,3.648549056931251,-0.6894768638599869,-13.694705370580964,10.26945103767371,-9.082906186794245,36.480243990371136
8932,71.37248888560603,3.411716659122896,28.381405894540848,9.454577524881309,5.617218361174863,-0.7636948021403822,-0.44825884323491266,78.55634585117997
6913,48.39569226319308,-1.9622672933994068,-21.42706806763386,-17.793315267749513,10.702831171725485,-7.0997712687950365,-2.5603479301364542,34.709258379037955
1089,76.60617043359838,16.28223949902542,-6.298592734645069,8.739676706186177,15.551318590320538,-32.77442941940281,7.5080293673490335,75.97312866817617
326,87.35118340149083,3.4241294185828126,-2.248404005938382,0.3580152738119136,-1.8490082316140197,-1.918834380918561,-5.752140585997088,49.341390016359355
11604,50.28591086032769,-8.912775676242678,-14.285948503873456,-9.134142429268458,-17.307358896248605,-10.631413733691485,-13.12015369402944,33.4743888042995
6602,87.45317799194584,3.640316406436978,5.729744872864201,4.4114324735670225,-6.29383522074654,1.318599961130814,2.200171712218062,60.200200582113716
9619,74.7951561172006,12.905213525306534,-9.877648182205057,-20.215588614567018,6.711050199261146,-10.204115757793655,6.100360524763762,77.04255638919554
12606,87.7574369636709,-23.34847341049816,-18.32057592704836,5.216055760749762,-0.05475799935613297,1.38064862295987,-6.139425440869949,51.525908033764516
6383,63.36577192760951,0.6660455596582593,5.6858834114823225,24.383628014869903,7.0488942272812825,-11.91501112873844,-2.0195128374622233,79.99732407472794
7701,38.39898390973927,14.652933930040346,0.6272486405474449,0.5055729653983355,13.120749896458646,-14.723836575556891,19.039489852759772,59.44859610739531
8402,38.44682987410188,13.978451623147576,-2.4684926797543727,1.7491501202487816,-7.259222121302629,-1.6586912390282675,-0.9414143378114244,59.70551131851833
10419,80.06178884740969,1.1653526191993302,-10.261418660172394,-5.851964923117373,-1.89354306540563,4.031546438648338,1.8458171946784798,36.72719612849723
12357,48.80740659483881,-4.15363668518618,-6.1792635650304675,-10.588408761425717,8.093702443570393,0.7898913729240802,21.406469577615894,75.58082341491163
8025,60.173643492703846,-13.763817438972733,-24.922360524625823,12.934241740933153,-2.155141939946742,-19.21409950735975,9.056428182355305,79.83972038678505
7058,52.700479909184025,-2.208801081857948,-8.71926273835366,24.95628608367965,-2.9208507564314394,12.366927076861638,-8.170556932299132,32.22018687743734
10140,51.714088818910504,3.7170487133033836,-15.889412009704774,-24.49119612284704,2.7215492368788152,-6.859319061298398,-7.876549882701573,32.69241813166297
9909,56.589702765777396,16.34284252441169,1.6945458615686855,5.824820780429657,-2.8132296132949386,5.733340351294958,5.746450983840004,79.16419022787476
3624,66.16327208042865,-13.526774244897963,3.2223032662582094,3.4289922298028257,-7.916166581581711,-1.8866922666712527,-8.576848358924455,30.20093328882757
9138,39.40438984383209,2.0188328617849405,-5.83608206056597,-6.184158384756304,-4.281112328707034,-11.40928110491678,11.303197863796461,63.26118522720232
8836,47.696216568279795,-12.53578154604353,-17.352526771290627,-14.542605431579826,-6.306092428721514,22.407042531230367,1.7205709193894545,35.23148430774313
5742,40.60690902586752,-11.565981795866918,2.4637103477401503,8.134684367051051,20.081735558938426,4.386217889535378,-3.425828611049766,66.11528122110397
6010,53.049035270240324,5.090406143919266,-8.408587880995704,12.226212387816043,-21.53766098622377,-0.2505468505783033,11.08506484186551,32.06578318435358
3450,39.759684769643385,-0.12946579309715767,-3.981676484938494,2.0751480992663005,-2.7396728971597812,-1.128468066441342,-3.594927617626414,45.78654527369596
9962,66.74716202386443,16.753366456464967,-11.86125886219841,-5.312131178776468,-21.85960886783151,-3.236168609589449,21.027470403867238,79.71758031780028
3517,54.70670638435578,-5.792903289738965,-2.3186457173265334,2.203235159307856,-4.782471997910515,-2.704427318974247,-1.9896568180570104,31.415656019199623
999,84.75835663674732,-7.634364367877547,1.3602723764882385,8.830025923342399,8.580898951273838,11.434925920909464,-2.8259065184952883,42.688464089801236
638,44.35738238976768,9.149533098853215,10.883759072951191,10.36955408376179,18.664850722553965,13.657956839150366,18.43947215837252,71.6569147394905
10862,84.81273118736769,14.27871728433977,0.4067020246348112,13.042621580308005,3.3019463929526727,-9.811004172300079,-2.639336956875531,67.21493995677577
3412,58.526267205247954,1.6177413305409047,-4.164720518404941,19.44178181252164,-6.282417192872486,3.7470845333241956,7.288845533173482,79.59645736444905
7404,41.552534793127464,16.253832473741724,-17.23045192055109,3.675313738696291,-1.4519993510274078,-21.18061158223954,-14.247861783299548,67.84547532012701
6659,55.69014057669494,-6.21609092533725,12.074795131406235,8.67480415015409,-12.14813882121586,-7.22142929505897,-1.2293193464012362,78.9074456019776
1630,80.64123542390959,7.3386695859633875,1.9168908803999214,8.13375573265678,-15.932762441335894,12.104811770122572,7.80557562853191,37.28597130186932
3354,72.89328030385457,-4.358591307832683,0.6419885184883876,9.687927934354171,5.647711765908269,-3.5055024081325437,4.181788339534563,77.95915949745032
3558,79.74648058537504,-9.789741479200666,-4.938748091376302,-5.288148687348556,-12.779818047345985,-5.40690036678659,2.1557214297230147,36.43779679015293
11610,77.5818634634724,-0.5860278370282479,-2.332346687119638,-14.653964797182281,-2.625273937926873,13.416753036301607,-16.659244043194636,34.69312289068925
10347,87.8980474568539,6.897639060719383,-3.447470939796289,-14.211029845273966,-2.747410561044687,-0.9714309358121989,-1.4897880547912101,52.74451051072037
7019,54.51518178858073,-1.3092882196470783,8.514507039163208,5.421054614067167,-19.53466043974355,0.3766813586896324,12.794426868852169,78.51611915089664
4903,72.53707412045159,-2.173282404878101,4.578635894057116,-7.905633259401124,-1.100224738533381,12.194365378743202,15.294008829408753,31.89060327007621
2210,63.51708131174093,-5.844258727836812,-6.678654971115358,-12.947275969647208,14.203455847225548,9.97669463110058,17.15070726960196,30.00534803368832
2699,38.88567461701599,-10.781248053160752,-1.7385302329562262,1.6338743218685678,14.12626912587648,-15.92660488894886,19.778421929324125,61.59540077050462
2518,41.36630543061531,15.221129982994713,11.658994915759829,33.65283578565744,-2.970798115898348,-8.078327797218645,-8.78022078982717,67.5292960408227
2810,87.50183166863212,0.28509999153646787,-23.619320085503052,-20.2936033401954,1.0118706247681948,16.598857864058516,-15.681569640164081,50.0340917364478
4666,41.961342971117375,10.065708452497447,0.1275739442316156,2.3722311332990045,12.263276079619912,6.517433362959476,4.537501593542247,68.50462551946731
5826,49.34198674570091,17.45436711620853,26.62082379908711,-0.8707267765113352,-2.948370080962959,-5.468795075265928,10.34896391963153,75.9394048135421
5834,67.94744526787389,-16.92391391855062,2.38767506964019,-8.638565755729045,-7.608287771319182,6.419105943215776,7.274602453450363,30.4944335849711
6194,70.86654349865358,4.027994012191892,-28.203694321524715,14.406520654019864,-0.23919350188653318,-2.9633062074465233,-0.7247401743987768,31.26990321587813
1382,75.54591112051483,14.13373717480211,-1.9106883016594138,-1.7989242551438243,28.603980990395826,3.6174161038940826,-15.474471018153693,76.62406331280368
9653,78.70290958942526,2.800320954366487,-1.2090051363429906,-0.6943386571894781,-2.196630688479867,-13.102291519798385,-7.220085673287224,74.45298512892909
7288,86.73584783354335,7.58261493630776,-19.87845946942243,-10.2781670501575,7.452875318558223,3.583864889884013,22.98363689232324,62.84917369045148
3229,73.17992954301913,-20.82843654298903,11.413005561652911,2.5775793981986403,6.016829048583601,0.04094478648641486,-13.430267637526313,32.16649316247795
4038,75.53263434639945,-0.07890098045112683,5.900724959816,-0.06672033055576454,16.846759234254762,-4.8520136172776365,9.184205214162349,76.63176082383144
1594,51.043259478177646,-8.423532127690386,-5.693556466822241,8.517567366758454,-15.720230319141862,7.33332089295208,5.898986873844567,33.044673628164595
6246,86.7723826469325,12.13334196200096,-5.785088650047001,8.673816184337998,9.368569569167533,11.118931590302854,6.68643715662487,62.73781773420792
10588,62.761248245390306,-4.069689731169689,-6.045693916739592,-8.714407934842573,-16.2369140427483,17.898783354117562,11.803817674503701,30.00114007400196
2905,64.64227645023873,7.480013421165031,-2.616597697257787,-6.9646178935566265,13.30121626581688,3.6758311751496855,8.342422996635609,79.94600024174198
3637,38.9477643796642,-8.160636338400447,-13.114560385405287,2.270864943938616,9.06843472158378,15.625514132542005,-3.1148264172992763,48.181645237753486
6992,63.64264078698747,23.204871418973884,8.783433698653333,4.373280535658911,16.581958213870923,-4.312625653505897,-10.022750239102752,79.99173889145972
7901,46.82102048136818,-11.080445733584469,-14.75958413092516,-3.2975463525096718,2.7532636031492963,3.6596717030573815,3.5927809627837464,35.94112747994541
4118,62.362929960036304,-0.3070531255723816,-8.084025720041385,-4.042976470225222,-21.473236935393402,-6.314068658767785,-11.562977515661956,30.008118482911684
10847,70.74079948145038,-0.7492661720492895,-16.390251284112566,-2.652976561458561,1.1080418089126907,7.181573135615079,7.778478409358781,31.228588106972328
8052,70.09994008407952,8.294002361779803,0.32216190848970067,16.29054976635177,-2.0780826006744357,18.27554004712981,-8.957341336930737,31.029375252144952
12292,38.13921223430593,0.4006439661397829,0.3899882200300959,-11.021894102701697,-20.38956310785409,-6.577442462561095,9.91312652414323,52.36537826830566
553,83.24870529780178,8.270006562589922,-9.1159735751651,-23.07232599460645,-9.457570575375678,-7.721217597529839,-0.06811929853660138,40.337464961243086
8766,61.49265955463892,-4.374756774389627,-1.1120916246339971,6.175829297508244,13.523309890122608,-14.379921125376887,-0.7186586512100306,79.95451712179137
8313,87.58515870029005,1.8952292625322094,12.257875298664256,7.588790204355948,14.939428512126103,1.1940578049453423,0.49753685099952816,59.535413066254534
4580,45.88992645449234,3.408980609489161,-9.541607511555974,-10.927763553821615,14.299146159087668,5.382965651354531,-15.060331427350954,36.77240050727143
9548,63.19306762498353,4.129236554108376,-8.646808209490404,2.458955158580905,4.444300610223308,4.308112843918021,-1.0502398181226122,30.000745513272136
7241,80.24028049564181,9.045509048194353,-5.40341479978169,0.7074628457752018,-4.6641475120751785,12.391732587955007,-4.3685925720235534,36.89550529753474
4160,81.29335391045902,28.219379687205315,3.3447254774307096,-5.944748287103614,3.4325594062173286,-17.22824182244399,2.0526672953341025,72.03975359876702
10953,83.32277428394863,11.469897113057625,5.691270198985183,17.15444917300806,15.569377791136317,3.95468364389926,20.030016965320204,69.55969935828608
903,38.50819128617914,-10.519884306757358,18.055175475682642,9.695634517548879,1.5542732583156715,19.03423059927365,1.7293153319869239,60.015107768095184
11478,38.142406754889286,-3.092460124857662,0.41830229096177163,0.17280350392463364,2.3596582684877596,2.8500419242208173,1.8888319269260214,52.33540658624506
5448,80.10734251931176,-15.951709278126005,-3.5236286837276563,3.3348611637248875,-14.852844009977897,-1.9462976378356984,-3.0408186078938093,36.76983730388157
1473,79.74487049914697,7.095309138081102,2.2957271705453484,1.7470252491624352,-9.024241798825203,5.458799630099835,-11.173134672101053,36.43634432643189
1227,54.61490713989725,13.167038573319159,16.34238617370309,16.949733307927993,-0.25631409646134357,-10.469008064797467,-8.779371842299925,78.5518622984989
12061,39.55586726620874,-8.236581098043743,21.310504044717725,-4.8254999421496505,2.1749695923035732,6.071960426948854,-3.2418409850543206,63.68174178148471
1924,49.368574491064365,0.220631867639452,-7.8878074969760315,11.70552745988144,-2.4116614857356304,-2.6277035118197647,16.820229180772873,75.95672299273765
4976,38.596481824549315,13.345367347096362,-6.449959886552158,4.970855430046822,18.729419483944177,-4.434770703151515,20.262670503603903,60.42847130050884
1676,83.17130532607919,-4.5116387049432625,-3.687296325123036,-19.11701598372975,9.302447440911418,11.869397639756034,1.1710541204999367,40.23116655107489
10173,86.21929644926081,-4.644819472624459,9.69644564109435,2.805126370452067,-21.495531060053672,10.916146051886495,-6.834572876330091,45.73370233581155
3500,42.77007461999236,-19.58176643162179,6.742827950084448,-30.181008646005417,12.493966335882003,-4.509461877324715,-7.809730862635888,40.31156512356328
8022,58.00083016736962,-1.8642927937234917,-14.27570715209637,-0.684132852483832,14.906116290694145,9.544291318776597,-0.4086305201331781,30.50493312961734
5472,40.18734652323077,8.949501986234479,-1.3862308860619361,-1.806007183404412,10.914796777150677,2.4923818587682995,13.20039758585941,65.22657525024135
3220,66.2213196536889,1.522485526124727,9.071765364911155,2.3276910230421466,-6.9814848020598514,-6.629906399318806,-1.7939814237760334,79.79159332694769
12198,83.28120543924418,-11.355714693659678,-5.486787416695876,-12.702786016713672,1.4666803944656301,-3.1679579405278795,9.674908603334769,40.382452123178375
6101,67.90338894244445,-2.916194001921953,-22.076731369035056,1.1684379086165928,-18.863964089814388,-21.368060052565163,-5.755697812041571,30.48558022552617
2911,54.24534050690835,-3.292655645243351,-4.578862837032302,-14.6873455952021,-17.18459894755201,6.821966946262712,4.085826661093627,31.582998971686827
10701,73.5727655738288,7.5816646791193465,-3.4796137825655626,11.278801359462701,-0.5680645257309848,12.49503716235193,-3.702589888189563,32.34571501634049
10156,54.976195018681565,5.8109506603473235,-11.745032288646655,-0.7950522924969515,-11.357176703058322,-11.816588583684508,-3.308648392852275,31.322615143944432
8185,38.40247961860733,7.654793530355176,7.7464192100764775,-11.040752652481913,-7.897888585702718,-23.0371577372174,-15.426036626212923,59.46788440841661
12734,39.24013893946161,-23.099813991029485,4.655440647360847,3.1808841876541134,-4.773559113333344,-3.661478472338851,-4.267864442602866,47.22381826447507
12024,71.02746229422303,7.33805191753547,5.210989576575907,5.7665090012114195,6.783332703583788,-5.589378280164411,1.6705852651376136,78.67614514896434
2283,71.37923666849483,10.601063853447748,-2.8597413004684684,3.723170376134707,-7.6790746171925015,11.592539913907281,-17.287460087109327,31.446053560956038
10171,51.30267014425731,0.21505825130241762,-15.881795380376209,-3.792604309808563,13.560983755442543,8.480902195466763,9.860019785276599,32.90537453936024
6411,49.85168946115481,-5.168671938151949,8.35527946797767,10.541693260150025,21.21751992440121,-10.45161151328057,7.16649195957285,76.2631589838879
4849,70.60569087558275,1.897402740915941,-2.3293866284847766,-7.596371352233314,-0.5483709083113563,-7.87703324557423,-12.477076525026359,31.18501592893505
4379,38.94982937157435,10.27735733060069,1.0861719216484265,7.591513947207471,-3.6813629180964966,-20.343049721515612,0.5775875347951795,61.82563496999454
6773,38.21754147432027,-2.8359293977712023,-8.55108535061739,-19.431406567513562,11.794453986879132,18.309699491128796,-3.8274882989065633,51.70914153708122
9325,73.99260388458609,3.7883017857985375,-0.9442484824194596,13.511181466919888,8.350600139173288,1.5599811271146735,-1.853792525843045,77.453566750888
9951,40.23792105743769,2.865382295696289,-2.607497259233998,-1.2814910671418964,0.1953877364886628,4.458991232124163,6.432510778792844,65.3386537911162
4378,38.41816328712908,4.72749256136355,2.8237779506384353,-12.501993167349351,12.008865832056488,-3.632576317189355,12.611387068480735,59.55338377712131
7104,38.588879521769414,20.796469403969876,-18.59661642791433,9.570678510197988,-5.159354662510953,13.333045399545815,6.51673386938768,49.60581822726455
3639,38.01711528970232,12.147282252004011,1.52614599506124,17.258457375555608,7.469523598146867,-7.532272052261687,-9.249519936074634,55.92491705140203
1727,42.965680519575145,-14.20344555135549,4.209956196833573,7.555711811964767,5.589988965841726,-2.9491147439196514,1.0614831911228275,69.95413130062289
7676,64.09025880399217,4.017795884304042,-18.57028029682683,4.291480876985977,-2.547113443294956,9.52937221752307,-7.920734200370038,30.023784599336963
1154,44.9709181466734,-10.116222748134822,17.919713052709834,7.40522849423979,-5.008410882654103,2.35540512864929,8.900693148409161,72.31912837085196
313,58.20241002647015,4.9424185420556395,-6.733129853789341,-19.182874428345112,-6.77673942771662,-3.0684976313414007,-13.467836852756662,30.46465548548613
2498,76.78996590568471,-13.408763296139856,-8.600324478091698,-21.467247994593336,-11.790451093870063,-11.26280660031429,2.7376346059101726,34.14725820617218
8635,69.76076139053609,-9.580197577478355,9.500613470212146,-14.072227038096926,-13.924919050802494,-6.137776520386798,-4.119732643354939,30.93151219082851
6622,42.45862409040568,-18.096223853230114,-14.362886455097534,-2.4856297829820844,-2.205263511401971,5.231995150447482,-2.7366345097243885,40.750372785902854
10023,52.03056636180646,-1.2009281218181702,6.0019985407833945,16.89021531523182,-5.306631074814953,-12.764166935760805,-8.235798501826178,77.46489540721852
11008,69.91119147470005,-5.108719088659695,12.844787243821509,5.84469007152995,-13.960014896465188,-21.74960799279413,-2.7990606524827806,79.02572438866378
8752,85.0242831190357,-2.74165662385331,-8.957687404445942,-12.555354241144736,-10.042814972046008,18.111624889473546,2.4229994068777625,43.17075855802415
11607,85.31375857612744,9.00117720992264,-7.056316287728849,-6.812459022068907,-5.364286940655746,8.793231729950184,-14.058771106877083,43.72630592013873
5706,78.38454895229425,0.2954711769054218,8.110498049216053,10.626034185471486,22.032875397759053,14.784598146526374,-0.47283907176849793,74.7057264147877
2293,74.1310159680655,7.878656454464167,-0.39535984101956934,2.4235385565283756,-16.290074836817155,18.76996857874402,-6.021016090613117,32.614726190670105
5089,68.95257530630869,6.633716767380208,7.4134507520819675,-10.257265140107029,-12.896426144345405,10.891033743956068,-6.793473428249158,30.719002342928245
4612,39.39969174415833,0.8894240754656664,-11.783604980080497,9.12139898094734,10.721082335883924,3.0067689643912443,-4.676164874298595,63.24775425368941
1005,58.9008407902552,-6.92054183966209,-0.03502917764486248,-2.1791834940141928,-20.97136178195655,-12.262770383924956,-6.782395457131018,30.338351762845118
1332,38.37060785344924,24.370425889919343,6.8644918593650015,-13.049253691222901,-8.244672420496652,12.22395867942783,-9.667267808777245,50.711288947548006
8317,48.53155034010633,-6.354661762109306,-0.10500203750445185,0.07317372576796893,0.6727312114528099,0.19887120262298175,20.298280205051796,75.38783864069761
10011,61.46399442399352,3.1150370245598547,-9.010582676625827,-6.668372232345986,16.179223262437933,-6.078355727828999,11.070914768244666,79.95276912229336
5024,40.80993360133977,-4.468848186351948,-3.2635202508417915,11.724195824714506,7.2175749937723745,3.141034799782531,-0.383608411244458,66.51524872606103
5964,62.747268071980926,-10.71008646972218,-10.909925676998444,-13.430571600236904,-10.832149082693183,8.171958469331635,1.337293085959794,30.00127750118899
9580,83.07990275972925,7.346907300557609,-11.446818437860241,-9.978533788214733,-9.100484827073332,1.2193074433406,11.189777877591414,40.10713240642295
3112,76.0767645891259,18.71466528475423,0.9005490942489927,3.5521656486766333,13.64880338491073,8.91618798193666,10.156353696564715,76.30723416777933
2379,44.53159771756344,8.28226943625195,-7.743294248726672,-26.4965279528167,-4.237254161351304,5.932330202787437,-4.138619727972356,38.1501300558701
2451,79.15080950548199,4.000355026730438,10.098005666966085,1.8334537697862467,-5.397567863175756,-1.8505010856014537,-15.188934580866391,35.91724987540756
3550,86.63652076469481,5.653466409789938,-20.838961424341736,14.069285320121633,15.022822945640309,16.617861559411942,1.3813247462660696,46.85660475353485
3966,40.54943710855244,2.351984918448568,-3.771365051187306,-13.8366861624241,7.225606413734246,0.5303475302580006,6.006209704820566,44.00126253349241
3564,86.69463033785107,3.890445446883621,-16.697589384910867,-7.813504011095334,0.34240408380156123,-5.760024206906108,19.120819736403725,62.972734358586635
8544,54.96504201628805,-16.034615315274152,-12.05156377001546,-8.891668290427754,-2.320946002986027,1.1483904463553183,0.7465144544224751,31.326397608306767
4250,41.86003208088694,-25.985747044416314,-2.6318591794503683,14.580271887898284,16.449424993778873,-7.117046029820202,-7.413140636911083,68.34547700079958
8342,44.170633272418335,-0.37034415854981984,-11.635559618462,-8.464486805591173,-18.91771167522203,-1.4114763227486213,6.398612522818404,38.554485455351646
11049,69.26074080213431,-7.427073920093379,-6.5319063958356764,1.9609066773438946,3.610089011915776,2.9838876646168018,-2.0922062475376952,30.79662989151117
10319,60.29856009871614,-9.238666498701475,4.441062558979613,1.1109242345488495,-3.0467065374635545,-4.963724364224268,7.770256334533244,79.85361588300083
4067,53.76700711279688,-10.852839751984618,-11.825311120399624,6.5029814349831225,-5.61908264962989,-21.33616012320188,5.107794060482908,78.2325599610731
11052,76.37586045205776,-0.9305462021270745,3.9291985898790744,-0.4184240878696526,12.304292320678528,-10.34693818135397,-1.867690187152953,76.12075654817026
12284,64.05548795094943,8.230116861982143,15.146455872230458,3.6637229129774034,-7.796518885851316,9.201201280333544,-15.971783063628493,30.02229103409601
9481,45.64168789985341,-11.052407731267788,5.108642465463954,-7.715603029547372,5.457356825219008,9.842151174225863,-6.897093308661653,37.008640934217766
2010,68.05310249046299,8.975964645734528,-9.716421295114658,-2.087235439780283,7.238433649159069,-2.724918211200897,1.2028284236866695,79.48399794193907
8414,61.749941212422534,2.5478681611797223,-2.1384766099441914,16.05378833627558,6.426420315859537,13.102039073480551,-10.151959306816238,30.031272498831658
10282,42.55735797856229,-12.098768040318689,11.869031068473008,-4.604530006708703,2.1623897618610126,11.123450274865696,18.8028118162103,69.39091335473009
4725,57.64612028969695,-3.5689917446716333,1.9397120275070765,-6.9686907302029555,-7.871471121925565,-18.027920747419273,0.2607948920106865,79.41999123766439
7325,39.44040052621344,-3.7548069182795385,7.88486087676703,2.0425720784526407,-7.764119049893799,11.184446470673894,-6.774627951664302,46.636670959793825
7068,40.09431012044921,2.7704630304460514,-11.768028256738427,-0.7046696086699369,8.393556634549288,-19.313802812295904,-12.878893346299682,65.01645501871018
6824,49.43339039493643,25.50529984564068,-7.425427324318768,3.1582441279944913,-2.1711253617840027,-10.036888276448357,7.79203528373958,75.99874052946502
3924,38.84212791019439,5.979531380426296,-24.36560951940362,-21.736049010256,19.20295920765017,-2.8221505726292877,6.94339911451822,48.56593316069912
5458,50.916478129496525,18.33581438227493,-12.592035926493491,10.829332027491677,5.327591636162298,-6.225581101127823,-1.2689942851002902,76.88580588429551
1212,75.25558017410896,-2.8305731439450006,3.197526035348242,13.003327687283516,-9.520272137871139,-1.3646906874450604,6.285831379033105,76.7899232352018
12632,73.65124204117167,10.498238134084485,-10.041123348395796,4.267612843754259,8.289638129289605,11.609779170367368,19.268293709269287,77.61749417995674
10663,42.05541708953305,-10.931434471446957,-3.1848199334013607,-3.8703942832194533,-9.427567571942593,2.299892912806783,-4.614212445771076,41.34992869225307
8567,84.41071085540261,-6.614866211381346,-8.951129691344079,22.991357710811773,-3.4239950880638648,18.674901781761616,23.682145722409985,67.90664405127626
6293,68.61741101277842,10.542806109201852,4.60914210048886,-2.7949195755849527,8.730104946358123,2.624541610765354,6.525393265972342,79.36072029956249
8189,83.7852555115403,13.244824735399451,-8.315728526398551,11.127898407620592,10.129779212531169,-7.55677354201556,-6.1007918755844335,68.89147772268967
6291,59.82834036726504,5.434547743677661,3.303234990711601,-1.1076720786191476,-24.767068408094296,1.5685146033542439,-11.82207497282587,30.202004613798326
1534,80.9746217379485,12.197784496468728,1.4952191594374256,-23.174539512019297,3.322048573582384,-6.359669604310176,12.876329154590799,72.37564310688009
3369,38.949362876756894,-2.2327736902181146,3.4427846894913627,-4.034028694776427,0.038371474089702005,5.333394922488783,-12.62301983395899,48.17600894152985
1960,68.84534134128131,8.291625474438275,-11.754457086737933,1.201678632823827,1.4620077086618646,-7.522405088756955,5.905466256263523,79.3070357017039
6148,69.70239310269694,11.622109799542482,-16.3895448582311,-4.2110273879020435,4.915110859251438,-7.799384149796904,-7.1306193744515,30.915193031769583
7218,38.95091602696856,6.018931518175361,-0.8093625121166392,-2.088849707185489,-3.8653078024478686,-5.253242014972153,18.843375770243995,61.829462647828315
4585,38.328132951672245,-8.454120087578499,15.391701469960877,7.684789598479764,2.2592906155346,20.122192030714285,-17.309845913157872,50.96280092766791
7222,40.16408449062109,-7.019080149492711,-11.57614491512431,-2.1843182583558916,0.5300973724591128,-6.593908710039312,-13.232761317823542,44.82547480967746
10758,39.22335455184489,24.25078370362032,2.629942927238435,-4.748096337579036,3.0303399656081393,2.8742742764477702,-0.4861597661205167,62.72470913580084
12501,45.59040187915025,-22.362387936058752,-3.797367326409706,10.560046786925174,1.599239276392482,4.112409399052276,-4.402489129119978,37.05826392818953
2030,39.09945892305948,6.353360056079202,-18.99652637170381,-4.234230296880625,5.186320972394965,2.5716111396741907,-13.352213571996392,47.66759683122383
9104,52.41193559742916,2.8534101211422818,-1.4402144663841985,10.076523530749844,6.718271691501805,-17.169917852033795,-2.8394420872537456,77.64713872009027
4838,39.74632198602555,2.051730024362339,10.010502702163365,-6.301516830132156,-0.8888491908445718,-7.310908780509239,5.795691424342568,64.17967640074535
11066,67.01840618323186,-20.58045219487317,-10.424365100789872,-3.2680637942002795,-1.8964952349456488,0.4384449319579474,-23.991654239698505,30.32506511160437
1920,44.72914553069815,-11.289129167174723,5.048441080242205,-1.9898135274830628,-21.858737078177665,6.856438544202535,-1.2236979923447624,37.9361236244049
8607,65.1057164106998,-0.6456615190086017,-1.4225383866802064,3.648006083331845,-11.65007085140714,-1.9327064993149847,-4.1406819201362115,30.088838678260913
4082,52.66313517452855,-4.045246571568909,-10.540639278519265,-0.19089561838411792,10.085964580020633,4.6868995190276515,-1.7503283130755736,32.2371085848056
10396,87.73210386431539,-9.696796272303827,1.4224169471148111,5.501422585640401,4.124208263068354,-9.301638657734578,-9.338306118315803,58.650073758804844
5429,46.82517639978592,12.95363963485925,6.921663670512124,0.9916775585278055,10.759431643271181,9.25481258600234,-1.4434372295680196,74.06239967847588
4846,73.653983799518,-11.204699182668454,14.643801821900784,4.669313597767321,-3.8721904363243747,-0.23588187551883394,-14.10976757330057,32.38379719759287
8588,43.89867840287165,-14.025841123623078,-6.30557491632768,-5.8577367443474895,-2.095288379649467,1.8426273858549145,7.9385562694187435,38.87115896156583
3398,63.961392788153134,5.920649070488154,-6.515821516743471,6.185774577760693,10.40865733541043,11.002886854736944,-5.731282808846773,30.018492361210722
6312,82.99134914339206,3.5198479996072543,-4.167834358292818,-11.451558580008047,-0.8299571285645125,-18.465252114302395,-13.617418267857984,39.98847244858147
10401,44.10760423177485,-19.928165160596837,1.5207219526062954,-5.275287962403769,13.628691945774168,12.17350837529347,0.9123557106872365,38.62693119367208
10165,84.41482703570308,-1.7846786506553318,7.923059195858565,-12.909714355561949,0.3860436779355988,3.9280064846229257,-8.652171053610326,42.10018670557902
243,53.92252127492395,5.874346033611774,-10.219804251038386,1.2213388901811364,-8.15897837045618,-5.601486757446126,11.369993710829727,78.29376268437093
12065,51.95028320791157,-14.74962858242437,-16.74609928576252,7.7854117825667535,-1.9088307505965132,17.900983582683335,-13.85283879553093,32.57448420181514
5139,87.18439300019621,-27.717472307991976,11.936948731265428,2.952190633747735,-13.005965568083669,-0.06685698221311194,-1.131560730354553,48.66634898245407
5813,85.97613615761163,6.124819265967685,2.0754744491547434,1.288023234891531,-12.853540544390896,-6.63903972621242,-3.80028935281882,45.146210512351544
1444,39.53814538875598,-14.978628693835741,-12.548787174813716,10.937449116030285,-12.586414750266982,18.464879294278393,-10.364412009490602,46.36626510710181
1864,85.35153440355103,-3.2085649748016394,-3.3446848916023697,-2.024417796439013,4.133363375919211,7.496990498843328,8.864008997280909,43.80138804106175
5402,51.440261670440165,-2.688772758928304,-7.53700997056748,-3.5429697013883614,-10.703157103575185,5.514648919268874,4.009845338488558,32.83307757598937
5722,87.98662520874241,-5.98882314938845,4.390953067390779,2.485177657917874,0.029461076233419356,-2.744583246446802,-19.718278272299756,54.18234440145115
4203,48.87325866386671,-1.2298382491624122,0.6713576211004972,5.571078373111096,-1.040028639774584,-11.7412847158044,-15.028733747345216,75.62608007407086
10732,69.74615619356267,-0.7955453112581796,3.162194162926931,4.306343133157146,-5.871933275408545,-10.214041924599911,-12.086493002468458,30.927414417805966
1030,68.77084278687462,1.7611756999610475,-3.959133055831994,2.7303466080274816,1.0687545237522158,1.2597530052080979,4.436711549813587,79.32483039055313
6829,69.16688934256304,-11.436892496012561,-2.760952785246517,-0.44730143222044627,1.279104127703791,10.440115889481884,-4.488280168589609,30.7725470625453
5894,48.69078634598757,10.865675983154574,12.763088412215048,-3.8895787318289603,-20.074757055638514,12.234717015352663,-9.076702506924223,34.500087692777214
4815,87.60161526797961,-3.2439118972106975,3.5348869382132904,-16.457444825390123,-10.605839806339638,-13.635628882892215,-3.8263022657245784,50.55471865836227
8556,44.65777078672546,15.664825322000745,8.224622948270806,9.043844201800288,-4.251867748388459,11.505483430427695,6.41439779937857,71.98713123183835
10869,61.99657271647622,-10.003807874774624,1.3858996692352354,-3.621106664692995,-2.369810138088578,-6.502807962620779,1.6574543360901077,30.02014544304391
7718,69.93184308942678,8.424198638987704,4.98478837228833,1.7551852923800388,-0.3905503689298339,-0.5533789961377608,-7.786711515542094,79.01977417428328
2169,63.49595953453539,7.970751973936428,-1.6126037420981343,-5.124318328743351,5.135008252016648,-8.362509589410621,9.704057857058942,79.9950799986738
8895,38.00002145650365,-3.478682567027951,-7.581438787403991,13.982248904013524,11.180395138458012,4.100394870809598,6.478810489287957,55.03275400314945
4436,38.24032819448387,5.183685961482181,5.88070518196866,-0.4710055361121257,-8.283153356864995,6.426120779962034,-1.5995193241149273,51.54187159244631
7907,44.01905626581721,-12.825803933864385,-9.935380109011177,15.489777693639155,10.757009269721674,7.305509517973191,8.54122595568296,71.27033419938839
8047,63.933460420050906,3.1631001080021615,-13.041991252012133,2.3339815977653795,-8.223860398565213,-9.5754802178328,-12.720487648430407,30.017433045337427
11234,71.28791866340762,-5.660913951816774,3.5361613522414643,-5.32078111202763,4.5584817827739315,4.491313021522517,-2.4516818587681994,31.41376663753325
790,39.899862853218785,-8.076650305938568,14.74618432160083,-19.894173570590073,10.442509001221023,6.171816413753017,-9.162754011791307,45.44051968986292
9711,86.19277376358151,1.275465322250369,3.5799445147319355,11.090656898725973,-5.568259583517028,1.5869263707825851,2.8863409479480784,64.33248333249651
11921,63.6335419113757,-3.2494230247327094,3.7731987793923527,-10.889465426923135,15.203044887488424,-12.057168422336213,-8.659620896455886,79.99197120369921
9213,41.15118598728483,-5.637620238058956,15.806567515736214,-15.234867195257575,-5.302913855183887,1.7138173595205757,1.2250767866884273,42.84971908811235
6706,79.81642208154555,-3.487758270883674,4.418348527649038,10.980834614877983,-13.516199415720715,-4.167039232441425,-9.765220588793738,36.5011365653101
6338,38.93942001805435,4.838594373182762,9.423629177475007,-7.449666330483185,6.514831268376512,23.245725234132493,-3.7031954201533606,48.21114951318
7614,46.82105147421951,10.913947901974518,11.241992813189652,2.1179782186843066,-26.76274027679693,0.2667623839387619,5.605808166083445,74.0588988296844
3364,38.32981750401279,24.710254861049002,-7.835716756859265,-3.1881960602033077,-8.658891824459982,-10.32421011902474,-1.2023794130536198,59.047480156181884
9963,79.88118514445912,-0.9263765885181732,-1.4655434957814122,5.274515855510515,0.2572670335997193,-14.247371061204642,2.9835571049337712,73.43978275681394
12556,38.94207011165335,-3.5667743716215443,-16.224803509358246,7.759157326160535,-9.708450980459428,-20.128867783617636,-7.5468304685092455,48.201764237142335
12444,40.03366612569515,21.779579299580437,-0.7235828708416808,2.664056294389759,-12.344120312053082,7.887655551885909,-13.301177663562608,45.123385783885375
5363,39.66613357570047,-10.30656015184971,3.506415488162621,3.397670286382995,13.336959363716215,-1.342677518899581,-3.4907547892360222,63.973888660605674
9003,44.55159621494059,3.335312960855455,3.1982420956567417,20.65676479408717,-1.8036847633626072,-3.8204274891481633,0.07741131188123174,71.87176332762542
3340,59.35748603715927,-20.695294941444846,1.601738038864117,-14.237150640221227,-10.54065114933756,23.918624305833653,3.733409357151834,30.26678160791624
10605,38.89013180309881,10.054558457896112,-17.47700618757573,4.671181255188658,-9.795448446232193,21.27409446087579,-5.542947202509058,48.388324302564996
12042,38.194643787785324,4.514990580571029,0.22541045937522045,-1.6528124517990124,10.970111300443886,-6.529443840402039,-5.647121336253944,58.113567597651084
9378,41.15068776420907,-0.8723474264858954,-17.24331399103644,4.939064612419846,-10.431308676997904,2.1309399982027903,-2.364119088606709,42.85061504343052
1834,52.912397290889075,8.224632119851186,-1.9618912812363496,12.601383373982847,13.31666155737164,6.117070170832067,-22.852111194576857,77.87444582024094
3353,41.69722068670623,-0.8401587548081357,-10.250615031706838,-26.91804328234224,8.73054625654514,-0.27966141416542056,-0.228949411026672,41.91597945854933
7408,67.62279583576463,4.238646969879449,9.684027507489843,-20.706523458823103,15.302902063469869,19.0202317349172,9.50661957406782,30.431122152999393
717,72.95452808818297,7.249397468021296,-21.019660597918765,9.885900481586226,-5.3308780672529235,9.560479072419533,-3.4124188557215733,32.06732962471277
3714,64.89691615617676,7.930227624959201,-11.58855010525626,2.417427519777539,-14.480978142683137,3.9135757815863332,-5.455205666037807,30.07206969890128
3997,87.86057820021666,-19.0136147587014,-8.426058108610102,-6.933110939897956,9.204288927174643,9.189344050081825,11.838841088351277,52.36340151882924
4668,87.91440716885543,11.02389966523553,13.643175180824194,5.0685569632251575,5.973819824040882,-22.097602172266818,5.032850547608659,57.066958012269474
10262,81.30093828188726,-10.790423550333546,-13.522090561976515,15.826478891514345,5.169013526836821,-2.7157304515987657,17.07690801074437,72.03160761650389
2661,60.49029301193809,-6.766737074289048,0.4318058882502663,25.468631116921685,7.760803920324878,4.775009058299115,6.388530283523938,79.8737084254454
3172,44.545025812063805,11.852243462598999,7.033189272539099,-4.821557544613593,1.6656306908786793,0.5591305822544301,-5.688912771563585,71.86457612045464
9993,40.74899974378598,6.287072696218018,12.112823914637081,5.535630304582893,-2.8566259316537557,-2.502356543728421,6.818617670911932,66.39706048057847
6596,80.12856844935955,19.93768538618046,-4.717969433091405,2.042408953400024,2.2248214464082134,-19.27513226365257,0.0002657847127577896,73.21022083544307
1855,69.25682422532316,-9.445513924724143,-7.5233905270692345,-3.3484388559167115,-2.80140580318049,-0.6552804260731175,4.470812829272527,30.795617119756816
7891,64.08508683250159,0.06466195101771031,-10.127436215351464,0.4409474578327731,7.689802284614531,-5.70819736630504,10.207552091379071,79.97644063044075
1113,42.373432716387555,-1.5545630367852745,10.964235837313144,0.5088299017976762,-7.365604022383505,30.443421196442777,7.845377967230755,40.87397005190033
7468,83.73148318005211,-13.265901204610275,-17.70579958320808,8.154215381807333,17.9833533350024,3.9075738328789345,-6.375600730878846,41.02840005027282
10318,61.90318356563752,-6.324666777216295,16.570231061153954,-7.938948201353363,3.095318277776861,18.65047520792048,25.480832547173296,79.97592828523722
1981,86.7277396001529,1.0394875998409234,0.6721150251348287,17.199448346166623,-9.780719902231382,16.15110489471136,-12.456252865672985,47.12634941927597
219,80.98136216587858,-11.455766732615793,5.488982803443964,-3.342753847770509,-9.490913759549546,2.884806301377095,-8.68608083007715,37.63133238675141
2065,87.50369786706463,4.103285747794132,-13.8622326832282,8.197063413197116,2.5258891160353873,-3.3845201144801216,2.452529071142507,59.95669152153049
2156,87.78114635272324,11.837546954326141,2.646670754823725,-3.6590872259977014,-8.988021222338569,4.6664170981879245,14.718710266460421,58.3007249877734
8867,86.03238730037944,-0.5444933164876563,11.999948560957176,3.043279204905489,7.992993403403723,-19.723888602374217,-19.044517182656442,64.72158090257545
3352,39.25114241580468,-9.686158332640726,-10.305252756505805,4.134142685766772,-5.84900058219908,-8.500535038834297,-6.16338932774696,47.19027763325684
1107,82.00704967838321,9.275384785505125,0.5079729136773097,7.6883927817160105,4.246509835025746,1.065052329742921,-4.78407806129357,71.23982951029575
6274,49.155287782808855,-6.396683063527232,-4.617132768675191,5.115843066661925,8.35429312763543,-3.0056253770139882,-0.7968999973631983,75.8164344598963
6500,47.19568332646671,-2.603477081562012,-7.627559868195362,6.023771396876603,-12.046465871593865,-13.602091770082412,-11.57419184683838,35.62931146080043
8947,71.3489543607794,21.430472976313638,-0.715485967955879,-4.147419841209029,18.140118139908065,-4.722977222932715,5.971196014553691,78.56469734754984
9300,40.24358293142849,13.99301274336565,-1.4638124361195564,-10.633754950971486,-5.076385239625189,-1.0007231345213112,-7.827326186753539,44.648889808275285
1094,76.67049606881024,21.016726027636654,7.868125674320593,-23.1815874738655,-3.9116465922451504,-4.065421567673241,1.991754037263895,75.93125742120247
3980,58.77695045791676,0.684817593143519,-7.409783297572198,-9.496912217601576,-4.552820663613489,4.6927523846741455,-15.308380129096147,30.359264366397042
5010,73.38572331416515,15.061503223933805,-9.427352689152164,3.997358560667183,-6.740107058832836,6.705918570590539,-5.946055002953887,32.25935904066012
2306,39.31918220401106,1.7558448333866172,12.84897584100269,-8.493654304204162,-18.798700227070672,-9.0525236420999,8.034866834808266,63.01366760685601
9660,80.64950741852829,3.9219138251379384,-18.344862678058966,-7.230889571092474,1.1421187643609216,-3.6678130312948887,3.310348356487341,37.294213152663474
2348,55.62436429369354,-3.9949588118154433,6.78620922953188,-0.18812134380207457,5.650263594628524,-12.491895416670857,3.0487143845114613,78.88723504149982
4229,49.51432845138302,-6.05393445037609,2.5752529993316475,-2.9429176314380197,-6.801175506583988,10.442095938688478,3.9704049721627506,33.94918854573956
9043,68.83325835265414,11.155640002910616,-8.608062728049923,-6.243729319909529,6.271660931190468,-4.759363522528256,-0.6420921277116198,79.30993823503447
6998,42.668803682830344,-3.8267346957123523,8.504726130268343,-4.582452299463273,-11.086776117930206,1.4124990032363542,-5.480424218705123,40.45206350327625
7460,42.377032594706755,14.908167464571406,3.3643060617554603,-1.7071833044755538,9.431114790815558,19.630743799968656,6.092053329758444,69.1312849875803
10273,64.48374251635926,9.593454049617305,-6.52508742780883,-5.975707692172559,4.669713532381125,-7.959317549753605,-6.928304142799549,79.95593132193522
592,57.71960533267409,-13.424167744104494,-4.924328730694994,-19.23948913570215,10.332244565919979,19.837987531014743,-7.40064068477455,30.564013583297356
10843,66.39065994109097,3.055153072585766,-0.6045760306711141,7.758060226095232,2.2661397185394523,-12.840984547959724,-0.3065864994524856,79.76900129524566
1846,67.35449509010849,-8.620097698039594,-1.8222605534367895,2.7929983647307544,13.447618162232871,-1.128892208428288,-5.469131904991192,79.61784662618201
10553,84.75056309468224,3.4889722126684535,-3.884673559899911,21.908932688189637,-9.492551292353602,-6.7687194866394815,-9.66782832880086,67.32529939045081
1155,38.10201242309667,-9.654966634589378,-3.121134772887528,-12.93002793037817,6.83006796705171,15.889150529316225,9.47834271509804,52.74384960156303
10944,78.97838239224757,-12.228390043446886,10.664378945355661,12.471453419770935,10.024825046648294,12.337161933205191,-6.359594174616134,74.22735801214283
974,77.69118548743663,1.6405780574101991,-11.920252705254821,-23.66657807446964,2.1424861515959264,-9.998227712274021,4.610775868365108,34.77207205436673
4246,65.00130690760263,-10.798665234899714,16.682177165378,-1.8888772907995866,13.93260894460693,5.877889780365927,-2.309406743303995,79.91976666547225
4714,52.63557176848286,-8.000336543403709,-2.2734902871227582,-1.0565398943217008,8.747321729566762,-0.4277407564679818,13.220482748510893,77.75035444633183
7888,73.175528300249,-8.144543005425755,-13.135222264993908,-13.879664529579166,4.131229792355516,-0.2094459529078896,16.07218206378071,32.16453145190947
6199,47.96518523610633,8.740343367635578,-15.029247067715076,7.63716706379431,0.29321122878811245,19.332770269566176,-3.5236677107609546,35.02615848126844
10703,85.5723318549069,5.933834840376473,-20.6861375199024,8.393055437246428,-2.8237228049145306,10.724515343179652,-5.1547029558097925,44.25338031602705
10297,87.3454380385108,24.361012061125592,1.6230121187709279,4.3057763140533885,-6.8659690450161515,0.7216783597338617,-3.1664179531594483,60.683277814169486
3023,38.9588633947279,-4.78008646560379,1.5257148000211582,-0.8285395309468663,1.039545290958705,1.8215912621511339,0.305924390478036,48.14261341860867
11521,87.02362677551255,9.168647617783833,-7.915397497888476,1.5462464155770754,-13.528943080334749,3.962176223245981,-4.01487301768446,48.081520647506686
4329,48.25623067719687,0.9938762949606966,-0.45201907796313084,-2.6184476174799416,-5.755023875205464,-0.930196267835504,4.14722606352328,34.81036735955878
10822,66.54110243725236,-3.9354256511615153,-14.604926097791875,-13.593198795327444,18.34140919158871,-12.310320022439939,5.1541547104108245,79.7479411977822
10008,46.67446026286187,-17.323866770980736,1.8431306518095216,7.265995880801369,-6.814365651682651,5.136775797566527,19.887879181693226,36.06651769242848
5821,40.69114515334455,3.015507992103133,2.007807811499322,1.7939393768732295,-2.5128095003888613,11.876324824596251,-3.604302673558365,43.71660532327006
7945,80.86623151722515,-7.477059572852143,-19.014027758456198,-8.042448049692053,15.826636041281406,3.8131786946058037,-12.45532593350985,37.51292559137147
774,70.9211212668661,-4.216595199344,4.038288605565478,-2.059551205931768,15.197234461359939,-3.711432460011313,-5.6322925312581,78.71193450302192
9075,87.84029093350746,-11.220873199543922,7.842241876106564,-14.879494819409143,-5.596631461817712,23.057885024156143,-3.1422226035704193,52.17866231395335
4969,38.010306450619154,-9.231588804698914,-7.189270357889404,-3.426083749238844,15.623416561342026,-9.305669128275506,9.806304929590278,55.71778569784676
11095,38.10649215701349,1.8891308999913992,-0.3576096702925244,0.052549837802154054,-4.001243221279957,-3.8686990956293705,10.682822760088172,57.30505255279986
8328,56.328793922254505,-18.91513233385689,-1.3441709737196164,-8.370688562946633,-2.161801571182345,11.54490862252933,17.544131392804655,30.90653595955427
6405,50.09663884444184,-1.8335085920333325,-3.5952195992225695,14.208106027262115,7.304142844361734,8.339307472178842,7.2722424531228445,76.41268948285648
7900,52.72522495236849,-4.64314866493876,1.7483375702700712,-12.861276563540525,9.970210686409967,-1.2295208906884945,14.863043250078942,77.79098500987988
3846,79.9421197005018,-5.716268594860913,-11.126476456048815,-6.342263223693334,-14.75363922133415,-1.3085001543896162,24.62699633132121,36.616187009929945
12323,39.02310197138898,31.96177264329644,4.145457358917025,6.9285311194494446,-10.34854149378674,15.815874720353865,-9.657235801660914,62.07872593943211
961,40.93626901550008,-9.447078171442955,-7.528636340891214,13.237149418533358,14.669044451025568,6.62349497001721,18.764381386688612,66.75549977855549
9086,76.9853187535943,-10.87276571322074,-18.597919814955667,3.7534335141768436,-7.900369357397925,13.6274707740885,-4.035153663726859,34.27776895794366
8466,77.12726645154297,3.3107693664964417,9.750971022496849,-4.081113619052104,-1.6155183645839273,4.644646248655804,13.443063986851026,75.62572041425726
6447,71.84629829030848,3.3237219397741424,-12.263823491284608,-6.324730472663306,-7.924596162533833,-5.90279179723638,-14.848428665543562,31.617463641450588
8050,71.10065883416365,-1.0616648781815823,-2.1404136852343862,3.628851200814846,0.05264444269130128,7.863880339396898,-2.8482420683258116,31.348798625598608
7264,87.99877228165715,8.328075516374344,10.301879464173048,-10.6159741655693,-3.9788019436334103,-7.158091890372851,1.1433390309795994,55.247758773507634
2191,52.54881252992196,-5.774881940773188,-16.399753102159423,-12.975465884684997,-5.353427836320086,18.639075863439476,-18.83128500983317,32.28937076025228
3005,66.69890526102245,11.274283259968938,-4.631616600827603,1.578988041087737,8.034113608491067,13.598454825611544,4.179681722907092,79.72484782298933
4145,38.02229680046384,-8.57116569832285,2.6076080539277804,-10.26195671036103,13.422734613311608,-11.823531949984584,-4.100108598138733,56.05562440095003
11084,44.399429983143335,0.05069912806340337,-0.3861168159447672,2.725160531483712,-4.085507649415224,-13.630760092054768,-10.334322150979855,71.70385569406096
6316,84.68855280808542,-15.846284764935616,1.6322348114521468,10.596292749326032,13.036410741509181,0.16523955796975293,-1.6924222906334565,67.43409333610175
12227,44.24291340495172,8.176866696503097,7.169706399725722,-7.733303474473223,3.858720226063064,9.502667847061266,-10.482976402978814,38.47209322189104
604,70.14922346951691,19.660086580956776,-7.919420971707073,0.9998691518294955,-13.349504492973816,-2.286739748707512,8.637704762610039,78.95597219448437
6837,43.486638774674475,-3.4282722237769296,-6.382382467951617,2.034811180555759,-4.687299416949474,-10.012446502064616,-0.3470529416230264,39.37218077625793
10602,38.55347056496023,1.0295939034326878,-0.7910357673240076,25.870551427532558,-15.124832413234564,-8.532350735229045,12.424491451500844,60.2313667986229
11864,66.58169129729842,2.4907990014399846,13.936217793909663,6.48348635126818,-11.51370239792318,4.582331389344391,-3.4392651086519797,79.74209949561389
6057,80.71427812848886,12.884841544249513,-14.598070164977665,-22.52847384246657,-10.818695289828657,-1.312990764213877,11.51423826308714,37.359015039217866
1692,71.31446094534098,-7.71603974008889,-0.8217778846512223,-31.704265030876904,22.98324757993097,4.86077717382837,-5.147556634711136,31.423110061155235
5579,47.608456437738894,0.5226355352769764,-15.231742844317617,-14.980917644121252,-4.512024916001013,-14.370283585913512,-9.636543884639972,35.29973637813396
6236,87.02264992513085,-6.306698590818048,-4.878531520362209,7.294686379915096,-14.66248312554304,-17.263157338836834,6.604561538767436,61.92187045346926
5149,86.43212539325896,5.655292124262532,-1.4115018158404857,1.1496236357924001,-7.5903048486955775,16.013394314742964,-4.706614734102691,46.28590225240795
7314,72.41399155915715,-6.108863595848186,-12.104029387739281,13.756705155650566,-10.735119617130263,-5.813985898077406,-4.482194983353541,31.840190783943882
12334,44.31376154413631,3.875975500177752,-6.403116334211736,10.947642725745368,-9.264879785361742,-1.4809651964983237,3.362564689957606,71.60796472691946
5178,67.02277653289582,1.7972247645878148,1.1537865907272562,10.865483409943193,14.22004760647603,-3.8008802334593303,-6.452924771897304,79.67422276316688
4930,45.87524828084209,-1.794549564914008,0.09711270846872874,0.8128222428334271,8.8764080893662,10.309988155413844,7.453901197747599,73.21381010544467
9170,79.92212155601159,8.21307877024992,3.3012858058906547,-6.010276585990145,5.10702920708633,-7.990893404126772,16.393746786287426,73.4022227473631
5321,85.10391771124256,-7.9953852494753495,-6.799727965533431,8.351013631110822,-3.702152144436326,-4.823926815528134,-10.086588288046126,43.32023879462352
8818,55.055313550101864,-6.114409843802308,3.096211623736218,-5.589057949233936,-2.7222539730273865,-5.1676401560228165,14.119745727230832,78.70404938428885
11364,44.427623439073514,10.562006607305559,8.701459814185371,-1.9912982713454248,-3.4626677365508094,6.751790740304505,4.767352343234782,71.73519730625094
2620,40.58002379644853,2.381859236822862,2.49240277783032,-0.6388295928708476,-9.898381783717486,-11.789310549242895,6.735913807858078,66.0609523564739
1358,78.26614161307707,-2.6589869653986895,13.856454666772883,-5.487968410874554,4.472453696111939,3.527982182001951,11.16239034811764,74.797598850605
937,57.36263112169907,-4.040757526056213,-8.972264674163462,-9.00346719922178,17.905719430302454,-6.08428209683983,0.9896302368276139,79.35610954421836
6959,59.67378412508895,-17.571158454218086,-0.584777978349026,3.0148692366544863,12.569832390996016,23.094320671710094,14.132754858305788,30.222262251095447
9292,73.32117808038619,6.216742508746302,-14.479365058927389,16.50855857944528,19.386536451430377,1.0054957331090888,-2.6028283663364356,77.77000841091096
5174,40.579300902186546,9.248857735605135,-3.4939143299608433,6.989703446728238,-7.674114889934395,5.924082644802891,-0.03553875459689222,43.94051303335878
3223,75.29264487619594,2.0655719461137503,3.635477325194996,-6.883639438607528,7.674630380605265,-11.173453646280034,2.631864411635228,76.76903493377081
8792,43.3484020618096,-20.075882762827696,-5.900196190734656,7.628376663162312,-5.515316782728754,13.164229527788372,7.7156943833601215,39.54636940794459
9108,86.17734906975684,9.715012780769953,-0.9466214390434586,-3.5890218134538383,-1.6717463990035197,13.236266340716456,4.467212578850831,45.629274836031016
7089,67.98706332983645,-8.814138202954126,3.9715338438302137,-19.303251242401362,35.33311339294734,-3.3085757974602705,7.214171218912063,79.49753455644466
5168,65.22447822249093,12.674728092568062,-7.380617670765794,4.735063924647578,15.409802853931424,-9.244273519836065,-0.41264722595466174,79.90083726780414
632,81.89357405152656,-22.02822497019001,9.013370645322347,8.462888576936312,-2.6199763713547517,15.64150541113982,-1.6085544762171344,38.62829087848546
3874,55.525416260074486,-10.17917165351699,-7.467145112800424,30.91812692108912,17.635336651527012,0.4335672357325662,1.625247124980263,78.85645820139362
6736,48.65985256653125,20.45071875307702,-11.310630806916473,3.150313035434553,2.109584710755045,-20.662448845447898,-6.731209954848515,75.4782853673441
3946,64.79802452719625,-10.64704827297964,4.0768965411941105,-1.902262131544067,-0.8036225015213105,17.727751176544174,-3.108860705163603,30.06474167369424
8030,62.62740048108511,11.177362832566853,-0.4967023220257304,7.037758473993182,-4.996319611089725,-1.1037652737937285,-4.019106596169618,79.99722323776192
10487,53.48564046808029,-5.599981437629808,-9.351378367915483,8.959192936237406,-5.933355865067225,8.622709780596887,15.604421908878347,31.88124218956891
1018,38.13636261708585,7.707385945563842,12.116164036440951,9.781407421694762,-17.032547285170864,7.803346636353234,7.689585775243177,57.60759201006484
4531,82.5270917035303,4.692324941337498,-3.810594552513968,-4.039765473108412,11.712973162712387,2.813126128724015,-7.8172316907226715,39.38934051354914
12506,59.65799051875644,3.37333726485487,-19.35649268464235,17.1467446061742,20.12988946244025,-9.416006610077023,11.36307056646221,79.7756124571579
12046,83.37456572768137,-7.906700447332598,-24.258935475683735,4.462083332643879,10.557622641939155,5.141565362858385,2.457725580089888,40.51286531406601
3592,64.93969618213015,-1.15613191259782,-7.131370580847588,-3.3455014950972544,11.610974600216935,-5.127757436889873,-0.05925251315403281,79.92463798575677
9062,64.36376662845151,1.522897865080466,8.075053675471628,17.72949479921581,7.861103022506256,5.50964279404694,-12.345280743517566,79.96277509779556
11241,77.51909321661037,6.337935366841563,23.79267104093907,2.5799399988431198,-5.253014209394465,13.862212880703858,17.904700686871678,75.35180415018233
9560,49.773760136027875,1.994846363535583,16.978256242173167,19.1222800114165,6.461991166700235,-2.7163641652984705,-22.455530492151134,76.21477266106508
9363,64.82589215236813,-9.17379096240625,2.360602718243727,-22.757774923589153,2.43246272869054,-11.25101866337561,1.9184444338475084,30.066766799150965
11793,40.92698263326672,2.5690860119209544,-16.44958171975446,6.277127085510312,-7.787334003378744,-10.396400476982032,-2.3443857607029575,43.26194631432064
6825,59.10794902452072,-13.878789198114978,3.8997518772908633,-21.675348492691114,-11.08438858232158,-3.599221848364481,-2.1734627236641537,30.30481951464475
1701,43.965326136386516,-7.024619772395546,5.2171783602309505,-13.400417905054823,17.452317786300146,3.501652118144757,13.555256435027596,71.20744245418967
8305,72.36461069747344,-6.0731262010673905,1.9288955158938057,-9.30511158122313,-0.22043004229063318,-4.088900726886976,14.28310366757788,78.17982024271902
5009,38.23507849851714,11.554621999415467,-7.382027553831298,8.550641501689126,-10.971586503065085,7.14123500247613,2.1923301466925857,51.579669164336295
8064,38.46207288870278,21.460696853356758,-9.87626818376909,-9.842126463522998,-25.12184636497532,-8.376489941964493,-3.1348151585483968,50.2156366065416
8311,87.89039660886608,-2.591097758180869,-5.569203321656384,3.0559942337556887,6.081719448931123,7.883397205162903,-3.7923323879784814,52.66159099955809
8843,68.58125330261701,-1.7888134721858149,9.283270783650279,-12.147324899856013,6.847371575295815,17.13482311670647,-8.256418475333803,30.63097023736836
3866,39.57029830434445,-30.481262694299676,-19.725537593547756,-6.374590517536425,1.954488898446547,-9.775661725074748,12.078610268259373,46.27938772490169
3460,82.44958367485353,9.054439587950982,3.9987985057713713,-3.455277352256128,1.1216374854281606,-18.66392275243745,2.0208819102964073,70.70712242502971
1415,49.71133678079377,-7.002541681546191,-12.78575327456199,-8.337173233564933,6.216451047635886,0.06113899625841592,20.712110736971738,33.82427262532605
3827,72.0478834473887,-4.163836776498815,-11.505706680471379,-0.9399382209478417,-2.127715728018153,8.572477752836178,1.759833186928602,31.69472580889747
9502,59.52770800512626,13.037575376178935,11.593637212486561,3.972319818394159,-9.995300520434228,28.944762170852574,-18.42990234000983,30.24231052173213
485,48.56030945152673,1.9780918305168325,19.32617340687476,2.0771150220380896,-6.548825917921606,11.993846917375839,-2.1526483306880757,75.40821738575742
8094,53.89931273365126,-3.477711782015476,-3.1328622337730088,10.449599259898086,-12.235889067824173,0.49662618505542294,5.991493106041354,31.715294906739363
2200,87.54418951409608,-2.1630422940424108,5.63909142285103,6.138929886995027,-0.4670293537489129,-16.883290168208127,-3.051090136435583,59.752132268375554
12457,38.05269698976579,0.761568329218299,-9.878231467816164,-6.089454692905644,2.806951989003541,-12.47968968478665,9.5591851566547,56.62236633210851
589,53.791100550400614,0.6593561067189563,4.293564009614284,-12.679059275234014,-24.656790580781664,-11.391787846702254,0.6324343719902876,31.75787937973025
11164,61.79353619765518,-9.948640524099208,-10.38123375137896,2.6755164705969534,12.874090295716814,-14.242575498968925,-20.239233924137245,30.029128067013126
11053,62.54812998127764,-6.098703574134702,16.30128227090344,7.413418366300222,-14.281584854626884,-3.94580244877645,-2.995994037949019,79.99591593613204
12629,44.53122653215181,-22.302389077109844,-10.847022543740659,-8.737924242191966,-6.932326288371083,2.1685493527611586,-9.480246950137243,38.150536904894956
2388,41.12782176496122,-3.3418769490506044,12.073910082340863,12.709591505702614,-13.949493833281002,-2.312161514598966,9.302328318318434,67.10817159007485
6034,87.1251719413417,-7.655573348761773,-4.222923028425526,-3.3514200819778432,-15.439564363790721,6.685532871208611,3.5494235151512705,48.444385703788015
8988,39.489948497159546,9.4981165416438,-5.815690457761489,2.372628818213128,-0.7220591939868493,-8.340308296984844,-22.91029091294764,46.49838378108084
5626,84.98034509349263,8.914263118512299,-2.5913104960208995,0.18361774658147254,5.467338738044569,-2.401101239541789,-3.3512948560996163,66.91068552061444
247,87.81756545637217,-3.0201628994148773,8.89524312401845,-7.2088477156853115,3.2862141723025386,-5.280421874209706,5.086905357492109,58.01470476476271
1495,45.78070472239402,9.278098908498633,-8.418616591057344,-2.082708777524667,-6.2049077832999195,8.374246405989972,10.37909695916397,36.87554496977588
11913,41.746338382838545,14.922441897244179,-8.844317971457995,7.21234383897909,7.202418659435628,3.8950237220938217,-7.744765984286582,68.16365708544544
2061,64.1300612007494,7.325983737840178,20.93035410022234,-14.480446418870958,25.976614441158368,-3.7832954020939,-0.41522111341820667,79.97444617369044
7713,87.81172189737734,2.65165793844925,-10.4319570659187,19.42779527600645,5.619750854776576,2.669658156864243,-0.04137073581544286,58.06242656845938
7759,38.61485526876413,11.765153276641056,-6.55103259639856,6.750720873965959,-8.84948232234347,16.779680850421293,9.697993824283532,49.489581101524166
1266,41.457901870780304,0.41216170839163563,2.373065368127095,-5.627925316386132,-8.582183596711364,-1.8869444343162418,2.143588695769742,42.31386551422896
9944,87.82327349921921,8.364630177262795,3.872937130613316,6.182106790891786,13.26228078621568,0.3725865309692899,-7.044362763650229,57.96733765907441
7257,86.67592420395921,7.6621933159037585,-3.765247647287512,0.2292374428457611,-10.363969327650278,1.5337496076929122,-1.236241462429292,46.97188608150219
8743,40.46364518707835,2.316208319902093,-1.5072250731344687,-3.2485712040077956,19.08545546478977,23.545894396274356,3.8852817146200804,44.17813732548305
8449,85.47634261882861,-22.895727214190945,-9.14075661822867,-2.0768501862307884,-0.9865222955493611,-3.746875737470262,-10.55157348376171,44.05404081493866
683,51.81688903209322,10.673046951182627,-9.7557042493543,-2.335557715604117,9.81980656672601,-8.407384263426852,-12.555166294176924,77.35929402014928
5007,54.291102496907705,-8.002835859519628,-12.341274562986655,6.620685428194969,13.086612850504597,5.753252935872899,-5.863705185594261,31.565941361329813
11841,86.87818931003702,8.62491085891768,12.997101456928611,-17.18223208367476,-9.612440468042513,-4.4384564729214375,-0.7329891937019284,47.59513165045901
2300,75.73017530170395,-20.175229381959795,-12.700900701863251,5.753967947462466,-1.2844668627632343,2.221747811630209,-6.0100369398505284,33.483898197213165
207,63.077767667934744,-4.502649170102905,-6.023300678720773,5.147360400674654,3.199639403784029,-2.5229497516178405,-6.394979923283794,30.00012095649613
12118,74.25007809662657,5.073039574724037,-3.693669776050907,-24.65456523282768,-2.976155690268216,7.4130380578046,-3.913418095298227,32.6743254789513
8806,71.67870331686404,3.787997928662623,-11.673561424149437,5.555966039165249,-2.9537239597756044,4.577356935312426,-0.622539181619433,31.554742297474036
1939,70.50975407310965,8.00987311509213,5.877521377112252,-6.235005946135631,-8.51257124801547,-8.66818515481042,-7.022852242797408,78.8454103290636
5799,87.97569390467305,1.0144553490760997,5.137206840128112,-7.0408913487590326,-9.44666317148063,3.4732990544232765,-6.322970102751006,53.897859364655595
3249,44.38959046424563,8.69648128117835,7.895786411069236,8.307263649098095,-0.008083559738449245,6.772781678132429,-17.24113790970518,71.69289240699474
10991,45.09116414504793,12.239707623712876,-9.514237402802669,5.6066871689625755,4.296941715533206,-5.763880239753483,11.39697503886459,72.4434399795563
11609,69.82839193831389,-16.00336559148303,-11.593527419132808,-6.3789971006484745,7.4127029521044365,-16.801202977988837,9.874842020614652,79.04938800753088
9880,86.06986760503375,10.694023185561402,18.025910045124274,-5.193164424401723,1.1008921786888206,-11.310428636131665,-2.6402722104415832,64.63230028011037
5443,40.90284172926154,-6.24231266006909,11.905060873509694,2.2274459081718683,9.390187660923704,9.598762435738504,-1.7002159177626237,66.69254447748371
501,70.42763323748821,-11.109654079652586,11.090959119148314,3.8061339864153547,7.873830293471312,-15.606029011523257,-8.411921626992502,78.87111778885439
9402,38.32663620596652,-2.3326697451324154,5.060845218243636,-3.785060669570747,-12.35627418613313,-6.985296446064599,0.7215978809210682,50.97195840546825
8542,72.12856484675399,11.348448617503937,3.4843415476132127,9.034985002048588,-6.912004821456417,9.698503143598044,-4.011039899649687,78.27379006175417
10118,86.880547589207,8.25530134237339,4.775523210352136,-5.709132120881748,-2.2963989345048637,0.370459722895611,-18.500477039936737,47.6027405858913
12532,43.0205949860587,-8.0475378644914,-3.3490461266286276,11.552178849427289,6.861815284507545,0.9497740477848398,5.240353079175261,70.027420779658
9821,57.051586115675896,-0.12410659716748473,3.133424951932363,-5.330183588733992,-4.0605413112681905,-1.0491129737769636,-8.057268358026013,30.717982533142344
4874,73.09424814340998,-17.325010672861147,7.571732898587152,9.994991788108326,10.513170148300192,8.298127980025832,12.19001891207667,77.87151403863032
4532,67.542791262917,19.735264601144525,3.6315832254853575,6.711334889306397,-1.5971737574949234,9.943013963979228,9.38086754039556,79.58379644281096
3471,62.35542790994903,14.253402824245667,16.313644690791854,3.057551844921837,25.073614988090842,-1.9895111201746671,-0.24926744844679427,79.99168915501166
8442,85.33243271732616,-19.049210627870863,-21.452075746072687,2.0231162051523035,-8.026024541431152,10.94816573123903,2.0425283886295595,43.763343516592656
11583,87.49021935051157,-11.043939540224157,10.404150595388291,-8.913178660074927,-0.00933464621783886,-5.286879595334027,0.19714813801167458,49.97713665686305
7064,50.14167158248963,0.9874822227709739,-3.223305681802189,15.78141006513202,23.312575699554596,12.686078503283301,-11.343102538020478,76.4397618995045
2969,44.91517835664935,11.218656588873738,-11.295692194203548,2.299410269984147,15.59248256643346,-7.439958933678177,-2.343304238489244,72.26091614394196
10704,75.70677201691694,10.587037249067732,5.839216831917451,12.445914748646963,12.541889472532574,-4.747525276231824,-4.659598342520977,76.52993137262858
9973,48.749422115024174,7.069666231497224,7.045232337513045,-10.583415923331835,-15.472956337211595,-2.229821514772145,-2.4748818211202726,34.459283606839854
11629,87.9819583116951,11.888543923762285,-1.6595427490339714,-2.02941899022608,7.7137967364855795,-7.172965336698388,-11.394418160541225,55.94960987396319
3877,70.37760358018785,-1.9581740475629286,-3.799575855421791,-9.508587089792695,4.168853294770242,-12.658217029816687,-9.335874300640164,31.113372665577096
710,75.21922637121436,-3.60656275520657,8.70652443773929,9.816453224818227,-10.17490460583138,1.2580217373930813,6.841576956062186,76.81033027922822
3632,55.95250885437028,-23.853240922278633,4.338067564287728,0.9531862772308419,3.7480314374431756,-3.307291558007981,-7.602829859809482,31.013902598541154
8723,77.24459796927616,-6.478474996096393,18.327525050086365,-12.601620493563688,-3.436862075889416,-7.024880658974475,-3.3296476473963086,34.455136196759696
7592,87.00638189900201,-1.6769628355981925,5.542075089426506,1.0179092321851462,-11.834381345375608,-2.603391418173005,-5.325951972571148,48.02191802002379
10903,87.43728802986703,16.479671489509364,-11.53558788482009,2.2918507626782727,5.932919861670833,-5.1386088407130845,-2.6978942987722525,60.27436761567843
11180,39.061901660941146,-7.4693021821468975,-18.19063569582562,-1.0526252449826026,-13.011585696716066,9.330437206460196,-14.226395591435537,47.791154883787016
5073,81.68725345342125,-11.388482240752687,1.4764804873322446,5.7500626117274765,4.307254048516594,20.01074672566164,-7.378188327569881,38.393177354846124
11106,81.42506376381579,-2.0177985995868406,-0.35861521789817674,-2.9890636117383313,-13.052935743579106,3.2249941103214272,2.172542626134462,38.10275095468725
3718,87.39254583668037,-11.93784132478201,1.8944237783199538,19.056661953056665,-0.5595688187693569,-9.195207251731725,17.060222147903193,60.47756402111807
2501,48.568817914746,-19.338194632162022,-2.061710208214104,-0.7692341380926497,-9.972441777210152,-12.888498110077041,13.623083120306207,34.58576517176693
3935,63.887065235866736,-4.382545784614008,28.728789509213524,0.016454473321596608,0.4939037127187757,-10.458180248172892,-4.677377091450081,79.98425734872495
8481,53.904044990154404,-9.764598202014286,1.1663115587473445,-3.7106558193032413,9.527802189627977,-20.875488159428066,-0.6055446899203375,78.2865541130255
5777,49.2056195727562,-2.649173841687275,-5.967777978765774,0.8291962533980296,2.5038391564999025,3.2533886606900837,8.060953353868275,34.150178211109974
7008,87.30693740033216,10.624870706242593,14.193283067462104,18.94014462335282,16.13554577147013,0.9396406276219633,-3.3463767632191956,60.845750098689955
5258,43.04156706265483,3.7395532195702814,-10.673992534904679,7.70418616444031,-14.372148030496309,-3.835858885087185,17.453464907917542,70.05526335490335
10596,72.8275469802722,-14.961313918743746,2.663084840496844,-15.644032935553184,2.9516523691753065,11.400191065218761,-1.9581078723474443,32.01262693671714
4907,58.923934316719624,-3.182872895141633,-11.00609019979812,0.5324025476371315,-15.922465149798441,3.965171323394428,0.5342694649818933,30.334524360037488
4293,69.51181100432214,8.76990033637922,-8.056802518643801,-8.42657549278886,-1.0166497709243913,7.865982912363876,-4.26445214482286,30.862967923872887
10763,38.155081353776204,2.5971596826108767,-10.558380059230535,10.05556333426563,0.4293284160718205,10.886276696344613,-1.7669943471587624,52.21970910469406
4129,38.852251258770494,-2.2632816589573292,11.023848352203228,-8.935344167703155,17.427622735629832,-3.1148299988870893,7.821833754426759,61.47195725653753
1653,49.16947783332297,3.9711008550595066,-11.521729179144206,-5.794158757974882,-8.319265704304954,10.414890701694397,11.069682454175375,34.1741349135971
7932,76.89237316098755,-3.4197314761577315,2.463319831849747,-3.995033057239825,-0.8219928065919562,-2.292069139395119,3.314075868832495,34.21534296756685
8113,75.00838166479295,14.031990137471897,-2.0636528824545213,3.711788117076921,3.5635905917332327,3.9155782294271146,-7.775998742019235,76.92712406570146
9291,51.69736589811478,13.56689068132968,-0.6577235385090798,3.7092145206231217,-3.571912705119571,-11.856395150741372,-0.6520486429474648,77.29911348818382
9381,79.8232503361236,3.076341137439247,-10.997816003989549,0.47676674145725695,-4.6981306723793494,-7.914527577790015,23.741499741142835,73.49265389629397
3332,64.71056419336074,0.948102236962317,-6.006375375403467,-2.7452990264669976,-2.460888914155956,17.207669056352753,4.375282282464179,30.05858925119928
5150,76.27030277636442,13.938346200527016,-3.869211648129384,-0.0417574645530444,-17.800957846793544,0.26831043430507706,6.768719845208753,33.812761760351705
9433,51.336875805946306,-2.2231419955309417,14.579316836619459,-4.201666605937974,7.799753904953173,1.61058791676397,-1.841047967175924,77.11270074039079
4255,38.39020539584996,-7.573168429585987,14.200303101869398,3.8499354480016326,3.2586694959867946,-9.396761213219119,3.501646606898313,59.39977380572543
8084,87.79720434712625,-12.296573981949045,-19.193940182081263,-1.324193618272633,3.053057710485879,-20.386646656563684,-1.5679247298146524,51.82216165186729
2903,56.24866270335463,0.31139186151229636,0.23525116346651864,17.166236142874055,-3.382055926597573,-7.496898314954668,-4.925499095103599,79.07113301668464
7856,86.67152512421083,-17.175235884057905,-17.52179513210291,-2.0198143819077115,-8.653919904634531,4.444508205830905,-1.046898694079885,46.958924307416616
4500,72.94419245909867,-7.364150162943447,3.384414170933377,-4.490965640981173,14.649667189680207,-5.600190911407256,-3.676257920101592,77.93715405922028
3488,86.88080394905737,5.62963561255713,-0.8487126759822395,7.413835653853301,13.934696683810053,-11.989162742095731,28.95144080725536,62.39643175772522
5614,50.88845237007754,-2.8740846575119745,-4.892797075371605,21.3141184146056,-5.15482673354652,16.67053270874295,-9.054598658593633,33.129691039948256
3280,45.032973272854875,1.7828218846776744,-8.126767484913332,7.1799246180359475,-2.718188708100333,2.3368913393533717,-0.27725046812132403,37.61650349940919
7447,86.0304187135093,-10.494655765374201,9.407287613886574,11.249177006789413,-3.4257857098661475,5.028467093931468,-13.494226441907832,45.273756435270585
5955,76.36609312391957,6.946037916425764,5.18656670351382,-3.2873799699196966,-5.222975451759805,-8.109051977566606,-6.604676703847212,76.12693907320012
9830,45.839523692990824,-1.1435746394169375,-5.425744500645184,4.6616694854374146,17.092028670118292,6.817112153817977,2.2721941001113497,73.18015547008817
5844,83.8829403530667,4.073396512645434,0.07452817378383651,3.1829671653841696,-2.3196829602778277,22.42357020266368,-9.854709507202363,41.25580841918091
5397,81.02468716903127,9.72105560711138,4.13635631394796,-0.7979584530240651,2.002366564530345,-0.1826860317740052,-19.863150555462507,37.676297957464186
8903,49.12732374146451,-13.441783884091992,5.529190449470911,9.315762978470193,-11.734629318505423,2.58241507387793,-1.0763270061197656,34.20219113882749
8908,59.82092331781414,-10.20983601532135,-3.344834177792779,-1.3905493389200836,-5.600430122876983,-0.6986094206759301,-14.720479157555637,30.20295438063675
767,44.08594632544592,-1.042061963112018,-25.942800268299994,4.875966202621261,0.2823151503616685,3.3722074709199528,0.22635474561346175,38.65195505278729
3339,54.53930296792605,-3.355499334682104,4.2299541494892505,-10.246830302491194,-6.837275212995683,-8.739150527395863,11.80428711837177,78.5248083038195
8410,38.087167576502765,0.46773674660675335,-14.485873279677008,-13.937242009502324,-18.182253743952263,-9.5550635704247,-0.6825133691114432,52.91414750311897
12222,77.74482719081998,-4.835380395496146,7.902312915248173,-1.8804729523376593,-2.5744260941570216,-0.09345890829909215,-4.006743344602775,34.811139925373304
12242,83.7644327954187,7.102928886553611,-12.205864909297027,14.503180701028736,-2.9059046743806367,-6.2881036621278295,-2.8269821408513662,68.92258347737733
7502,47.557922959587316,4.932017681603208,9.919833581067142,-4.271815605099778,-1.46852387763435,8.621018460564631,-14.475429712040759,35.339322069726094
778,49.10100759238793,-24.253481562918857,12.851793696300664,4.201050903602731,27.761557898822076,-10.649998807867595,7.998527483838903,75.78023123194595
6529,71.19441168361601,-26.05585935418114,2.7878317480549075,17.39331877099204,2.2110796437175035,4.802289783849452,4.6613366074981695,31.38111736005665
7593,50.50980515248276,2.3297570132566476,6.83575253204037,-4.385898167178056,-10.967128940681377,16.26319223812135,-1.8528471518964131,33.343706857565536
3251,67.33596591898714,10.038256297812058,6.813172811430867,12.173517500610815,9.885493164235314,13.389353675151108,12.801360956526848,79.62111694357878
11702,51.402678425629176,-2.338587660075129,-2.051266984250252,5.191001085908232,4.383330832644638,-0.322451749601573,-12.015404669503207,32.85271727049494
1806,43.9848297278763,2.7840921834773407,0.983458518349472,-17.88402452380284,4.037603494040992,2.3920804987423336,16.61572824357253,71.230320376448
10787,79.09550202624366,-15.802344144049874,3.743725997524807,-1.5554725153288596,4.374782053411382,-10.903507663667472,-17.13978844945022,35.87057725588181
8462,57.22938711081001,-2.1668257114820513,-20.353004654877118,-16.97404538847856,3.6843424074291455,-0.2703342376703807,-10.317081807782442,30.67511506947845
3787,40.71728502889923,1.6740277295706238,5.663226404098934,1.8956870106391053,-4.5075117359785475,-4.875067510245712,11.539421110028172,66.3349289153784
538,48.052417399817955,-27.82897792314211,10.274194644175909,0.9221564953845438,-0.6749159655892203,6.248520228392296,0.06565206470521114,34.96079406736048
2556,44.92148660802707,-5.103276811351981,-9.832131832136046,-14.481712850785991,11.12948147312925,-0.3618554548920302,-16.994188776064227,37.73247691368981
2196,70.03273490509598,6.422608824219957,0.5085573119943771,17.42166556373483,8.822319006164436,1.0443322041540748,-0.7923711991214738,78.99042808610643
5590,64.28281094092748,-1.4407261259801676,26.849432105449505,1.1523077308982297,13.790220864339684,-8.133336112423525,1.4237888450748784,79.96706622913146
11722,65.5400133179669,8.321106229800556,-1.0812431576519157,7.662483156946903,-6.975120462601002,-5.825458839755787,-0.9799928278315948,79.870631924914
1678,50.81575145224446,-3.553827993989521,4.1796127409474275,2.747702263184828,-6.056185639966936,1.4022052221710954,-3.440202024955887,33.17011023100398
5755,38.72112505215823,-11.263213309862003,-1.4999433339466925,2.0176241338137686,8.425075877158863,-13.20584535932028,0.04087360060120056,60.961227328919875
10958,45.20076385258378,0.6090632073498556,-9.117397811862629,-12.453497086839462,-1.7105105423430913,-11.584824759069548,-0.7798659303884214,37.444738892044015
6454,39.30154482104926,14.084653603287883,5.452842234021508,-10.728201900964184,-8.100347519382455,-6.875246270637872,8.521856126322922,62.961358058224924
1580,40.16607174818405,-12.30819447373735,-11.205194041906214,-6.060017545426691,-8.668117047303115,-22.78721825618153,7.6978672117253675,44.821015738742815
4276,54.34727680727005,-19.907351377027805,-1.6998916339787942,-20.990300655066324,13.215942822431515,13.258514071006548,0.20465005546600695,31.545141625880724
3780,73.81718269740124,10.0937971594466,-14.567958769047367,-3.8791448751982083,10.65079186728883,7.9337943945333,-1.6652670058490402,32.46139847969614
2044,38.47222109214421,13.43666854030162,-7.305253097475357,2.8716891805587346,8.899309690675953,-17.870480248996017,-9.250210300454013,59.83612053689159
3081,54.94028228258958,8.569370595870168,-7.250364924468281,-7.8406905544972005,20.206055349753818,-14.904100419662837,-0.019349912948681196,78.6651843499192
1514,87.15303171833833,16.096904189385693,-0.22605667709127472,-10.259722420225703,4.916429318306669,-8.691004585866489,3.9855016946702415,61.45221348166215
7761,45.660366088633715,17.269411814247732,-1.6249725335322662,-18.14874071346699,-5.35399527129056,-15.663803222645816,17.84373353001086,73.00936133847605
5575,59.548717990712376,-7.2427693264920565,-3.5422184116989426,3.7889253847686186,1.444162691690536,-1.6200431723759996,21.41727935336037,79.76062706177628
1325,76.07183891887186,-14.313256162209612,-5.967612858645641,8.62661391543858,2.033568344773452,-4.630857276103667,-3.7168969482757674,33.68974361301425
10985,86.60210532191545,0.6239421256011725,-5.936888763860412,-5.487076307092372,8.080180072284321,-8.941300525633869,-16.38667465206829,46.75738971118914
4825,38.65846734697004,-0.06532785548065777,-12.780699735218196,10.494667284234131,5.498165728146241,-4.748125338496359,7.078739770909401,60.69998141237989
7515,59.31793113317209,-1.6569212464188843,-5.373571614710208,-2.3554138275605236,0.7280903321452403,0.9392527780617301,-14.316297607767632,30.272639266190644
5004,39.7062827228319,-11.694659362500976,1.436207770651599,12.585989963445424,3.7951681479541195,-3.493131596192579,-7.756674125884572,64.07759524386059
3407,58.94848192799086,-24.576933473157077,-1.5311415473405732,-7.573091009774261,5.450573475255642,0.8253327805266504,-1.1022107183508554,30.33048031857565
7987,39.04860645465787,13.414428417162021,-8.335262476545836,-4.900087791397316,15.55612413410433,10.156539859496714,1.3191483984222252,62.164547943600034
2975,44.25900910121175,-3.1533688427405924,-14.10277065267211,9.096778947854055,-5.400736518083958,9.709187229359355,-2.6115883525372734,38.45384455133048
5016,67.03422857250892,-2.0140713688110448,1.3789538320166597,10.65439259083989,3.550568476442553,1.3603334409356413,-12.17807171638179,79.6723529446373
258,41.348600830705664,-14.372059043583736,5.525785711170677,-6.340614951976995,22.671822952460353,10.448820373969639,-12.621960548329959,42.501323509591884
5431,43.26082962418439,6.782765470396081,6.223221546830725,-8.38895887161026,14.10021222615352,6.471044685602344,12.460831253395506,70.34161506734293
9408,38.47623830778252,13.476594441228748,-0.48295339503545054,-3.7260915453703176,-5.076898212448814,-10.19297449551807,-4.168846886351863,59.85645060340642
12454,39.63396829239702,14.795743401224899,9.437579317347526,19.756260783070644,-10.091716189400957,13.318289948880661,-15.556419196523077,63.88980102360521
3217,86.80428555077664,-16.457007712699045,-15.284581489707685,7.766466680683041,15.71548734110392,-12.461683367353999,-0.6667534583441527,62.639109203113044
4342,38.07199819096238,-13.025670372877142,-9.489533504614284,16.97445183033682,-1.6175394957213782,4.316584347196072,0.6891147994441017,53.104023784796546
2795,82.25269478594437,13.144461079795,0.42159425217326957,-4.343102499329989,7.847691033030282,-8.24903579829136,-0.1488651355285262,70.9478444775233
6313,57.99849391693336,-10.949029123156349,6.709962805265882,10.8575299305319,18.46429576702053,1.1619774891495316,-2.561438109355663,79.49458995168213
8041,66.65599475013462,-0.748130956965378,7.091570290787299,3.824579363040726,-11.651878783811716,-11.42653764693591,-20.917156680532617,30.268770706109493
2356,87.1293162889556,11.709693704696667,-4.643823487556417,1.2984575416748392,5.873453664397696,0.5483750185630062,8.720311869555896,61.5403436780908
2148,39.99083311249673,-0.7849527183991278,-3.0474953698069305,5.809623844442763,-6.829860367599601,6.635553851562386,7.554999310287335,45.2235876139034
6699,75.77135396183982,-0.1464919259940034,13.212005490283499,3.2560835601852083,-0.8770544187500197,-3.5693402997169605,17.76619082191611,76.49168485673933
10248,79.43023425920723,-1.5343968620235042,-17.408075102681348,3.4951430476255196,4.41498783344,10.150643316246015,-4.078411022084887,36.157298437124965
8924,47.64073068290843,-7.058710315060789,4.377841859035542,12.985537183981124,2.635728401034178,-1.3018328000998325,-2.4563056987126837,74.72543652356138
217,87.99229140274343,-16.02033394355835,0.8391396999781393,2.6369715016358057,0.5185084507906621,13.611201050721194,-0.25420289791115447,54.37921788012482
9642,58.459895395975494,-5.194978513240973,4.158148958511926,2.8461876328665974,3.632182643489234,-6.54295192722833,3.2350433539929178,79.58429275339267
8599,41.20610942772605,29.581119502621405,-20.944957307264154,8.032931039433066,-2.4120309553113692,-3.1951816210285084,3.1145036230088845,67.2485237365059
5525,87.37363890658153,4.807600564410358,2.74151814892938,3.434682932694084,-16.616473252108403,-8.390447521644631,-4.370241734162047,49.438909598687054
12026,77.92200609533893,18.352180274388928,6.6548086669295605,-15.646634249958193,-6.488740391894712,-8.789216387098705,18.043427524858433,75.0582585009434
9545,68.18679499885656,-4.559292642386797,-2.980188711068617,0.2876585836070776,-6.331808013443583,-18.160756222724913,6.473642830625463,79.45602497626784
4343,38.87522056126993,-11.579231154652431,-4.7299548502239155,-4.429047368926464,10.232715552326875,10.203321549659947,9.471784910415526,48.44294143440622
10452,38.16154774599706,12.22986425645042,2.4812618724034916,14.150930644434386,3.5385313571614327,-19.1086914012453,-4.281176389715618,57.837479449373404
3859,53.01605938166827,2.0952308135713533,2.2244454750360445,-11.999106525096813,-5.1867754224451925,7.266778514095703,-6.924500108330843,32.0801193343066
10046,39.3530365575401,-6.668259466068612,-2.1688591183680406,6.62493465249918,3.5113225460273405,-12.63957587310492,-6.475661042947289,63.1130216288979
10963,38.544951013156734,-7.4282415097034775,-0.4520572884435058,16.060200015757612,-2.1195164847624883,-10.518412136404882,-8.978727638205827,60.19139471154873
5619,53.615088297893834,-6.798018636704825,5.846429522093169,10.599377383208415,-6.748255724881124,-4.865761714334377,-10.144758802676147,31.828391675507916
10974,43.6738986420936,2.580556579471851,19.792010397516403,0.6269342114403023,-1.5767049282939776,12.280857527393481,16.586010149710916,70.8588084768033
10062,81.23687762081309,0.5266577520130682,-1.673631839802804,-13.744922450266374,5.965888470334582,6.2773450934958355,-8.503433423693862,37.89981594708739
4187,87.415204063815,3.5770909031979805,11.162461509558607,-3.168736960461013,7.558579204127015,3.124168609994103,-0.2693882831794259,60.3756683791201
7258,58.749237632081886,9.552266515399396,-8.378808540388011,8.343383651396275,8.22770167740104,-1.245830419266297,14.036150843113495,79.63597002944051
10218,41.209077411380065,-8.056830217490381,-3.439546957895519,-7.884936202226064,5.360766774783867,-14.350137352232984,6.726798558754876,67.25380319479521
2631,65.75772650202649,6.318825302260693,-16.657586370701374,10.706366458702393,12.594601363161743,2.205799984168937,2.725898510029557,79.84743335920274
5855,59.8486788774963,7.392589665789319,-7.246110721902418,-2.5395223584508804,-1.2089979737333794,-12.024379162521889,-16.904955036716384,30.19941179764355
11209,83.44029150496269,0.920233519951184,-1.363210506986341,3.9030139251958667,5.754119276327232,-0.7401296643586418,7.065650950491311,69.39425174130807
7248,42.21720350284626,-15.812708910127235,-6.43468219808817,4.617741835480907,7.601015291347895,-1.2294722623980852,-0.028144375495677096,41.10484365838606
6113,70.32875116176854,4.3670034486158436,-25.383500523194222,-9.939030731777333,3.0660008574319746,22.03145680022118,5.717409858023857,31.098338835786407
9753,86.97324967221437,-1.38107398244286,5.318436191370038,0.9808423941800315,-1.5530814673581044,4.168809100646737,-9.127192282713628,47.90892813788537
1353,38.010892212972465,1.0357154334486238,-0.1945912658407737,2.61683318681997,15.855886752327223,6.822077417406742,7.544733126278629,55.73789701742169
5467,60.7040772653804,-0.5546008127426727,-7.916559006363628,-2.577348312624693,-5.225467058277235,13.254275981702419,13.103189528317024,30.105648455991933
9667,69.98827301511199,-6.3139413839642335,-16.38835872165754,2.550017542601374,0.13048482413112894,-0.7779743493445184,10.767295126177993,30.996582737737995
9625,52.35439899879562,-3.1667972775928215,9.874424688384002,-15.532632781606932,4.53047715649353,-15.021469227532485,-0.6760589395676996,77.62014985191647
2334,83.02359105651385,-11.85577535905548,11.07729105984216,-17.70435978870173,20.899956463534487,-6.878315966270035,10.256683997101275,69.96849361831372
6017,68.46638252345217,5.7295532699272735,-12.078885185234112,-11.087100203414003,-0.3076318724171467,-0.5012601124875808,-0.3175437287143368,30.604945949900078
10227,63.21597118448606,-6.592939147280999,30.91981830330441,12.171782833953566,4.517542666079516,8.07776503375899,8.511289797600018,79.99906711154381
5760,44.07725541850101,-8.014661042270989,-10.266932004691238,-1.1718081980368726,4.829976203331858,-6.911759153630158,12.700513687668668,71.3379844994219
5633,41.36094907173533,1.6768798710473414,13.42600331724408,9.462579325300851,-9.289406800050505,-14.60282891744779,7.076808914078063,67.52004292819989
2632,57.955976254142925,-4.37586241111335,1.5142496869801088,4.353345473298326,-10.635837967080569,-15.667108479063234,15.501363100698649,79.48586989370052
7398,81.9425631845955,7.064909580506318,3.4518978020696336,3.7089490679094768,8.066893556698972,1.3770229781140086,-14.64266392828764,71.31500229842482
11051,40.02910672189914,-7.243783243506938,-18.33701095470215,-13.505058211942444,-1.7437871309839468,-9.907638234350785,-3.015618804723148,45.13399462770769
8309,39.84957927507768,-11.150552960817881,14.330789965126186,2.479769778112694,-11.732955368731883,-7.780262413884244,2.482138765309174,64.43705569863224
8441,40.99811361240088,-6.97395344974206,-4.1505417989309095,9.946040164728636,22.84065444666856,1.102352885570852,8.640074219074046,66.87084644779725
7643,38.57616067276087,-9.819297591874212,-15.186875149858059,2.2650699662650484,-2.0090301392835026,8.651612654056004,-11.614197479099534,49.66370235863785
2461,87.74705085336146,-8.325643118980251,17.008846292552427,3.2246703243235855,13.049934848163847,-1.9427671389761991,4.352675880863787,58.54731927815103
9969,44.42811981031549,0.1797148608969978,-1.7713313472108225,8.833540828503772,0.7496228783418133,-6.128598766544499,2.0643897917153127,71.7357481523834
10942,85.20562730887909,-5.603675462244501,5.636058337065113,1.044596188319006,-7.867112401899842,1.7217111378178254,-1.9260475202209704,43.51478707993782
1452,54.60424699361711,-6.630917733354087,24.283644012160977,6.941264064193352,7.166652208653819,2.637039434980169,1.7740141845090476,78.54806428256498
8425,38.1462902852423,2.5598334612996556,5.927839052926835,-0.5425278139054293,27.4662830075123,-10.679363612064506,-1.5849285023039754,57.700576496705615
6231,87.89394022409657,-0.8816922928908089,10.949581241927548,-3.104470302159261,-2.468897880148698,1.3741903735557015,-5.290407180834725,52.699621744341385
6497,49.95519923889423,-1.9659354039085315,21.36204833586479,15.714361273106292,3.9093774939948305,4.988698905413498,-5.678405066823775,76.32681816640857
2282,43.19529337800944,20.68189764331589,-3.06402793793709,-14.438994446497633,1.7924898633080102,5.599718607949575,-14.09226722864668,39.74308040209679
6630,55.3093526231503,-15.050041401964743,-2.7692310087823375,-2.9772353413781634,-0.4132828214021569,12.845421198925678,-2.4360860872602084,31.212315309703744
2303,81.8865662902514,-13.079967542686665,2.80885702862192,-17.912998613883186,10.317410245394624,-8.899417903692303,-6.069101581704755,38.62020715137277
1109,63.77907508682901,-1.7214170311589092,-15.419036777245656,-12.912028469442795,-0.5918865672568514,-3.253501087783888,-11.245342575089222,30.012142108434297
7579,38.47488875341448,9.890099352477456,-7.154311276671662,-0.5426969301700018,4.649981210364613,-10.08208733946465,2.4569479693629583,59.849630742912765
3436,83.69452831338573,-3.3166697619584156,3.2962437122899244,-23.92216421085788,-11.89832324875149,-13.541652645122188,11.130639886012192,40.97372116752001
8375,41.10158014796596,-5.784256139025334,-11.941180859959054,0.19570056613069114,15.210777834192763,-2.1610853375605887,-12.750014126154037,42.939352920177065
10459,61.228260860864886,-7.442022088496056,-11.539447501544458,-0.5740771847864996,9.386818226446083,4.733378881007358,-5.7778712207892555,30.06286021968725
5736,42.41088751984951,-11.205859125070292,-5.633843591918443,-13.005918610924542,16.718821577962576,-1.0295179424544847,7.128472431092358,40.81943416926845
6931,40.41462701620509,-0.557936206179023,14.838203653688362,17.044737228746488,-5.145350425943196,-11.462131563296992,-9.316827136666584,65.71918500553409
1448,79.33916807778007,6.268261080538549,8.250645952959681,-4.9122456637985294,-8.668303586007372,6.6125699290090045,-2.7656506827067733,36.078277390098634
8795,38.148317310977674,-1.6625084352999195,-2.2330036099072954,1.8256559314747185,5.885581665638893,8.910210183143162,20.725826603214156,57.71916669664588
11262,87.87065013415526,-1.725952231353665,3.3270771784628534,8.598224411447724,1.068312280213932,1.6073259579619148,-0.9018874388845788,57.53983501520142
4149,38.399829362943024,1.4616797247805806,8.44962809460224,-3.6344251935160097,7.208096060836782,-11.381368576903307,5.964341645403026,59.45326898218374
7262,87.47052698936629,-3.9770902030689808,-4.67025708533559,2.8767401266181896,-8.399225849664514,5.1721836451208585,-2.7949659005020293,49.88206009582998
3274,69.72910368351096,2.990414016446492,-5.245796953444424,-10.690411405077423,7.819237066880786,11.336078791319789,8.96508821669592,30.922642096430945
3826,82.85141220762367,20.153006746373737,-17.41330777340384,6.231459408761111,17.5914649034358,5.995262501851059,-0.1156062307608276,70.19609928116456
5680,85.89343319799873,8.054454476489777,3.8390908511661497,-0.7981749036168024,-3.412672963512038,16.072845507217227,0.41039950162845834,44.95556291229968
5244,87.26303987651916,1.7223954463698945,-5.649983524171417,9.99048748248349,7.8369923468029645,8.118445650711989,-2.1817053692502943,61.025354425296584
11139,54.00564852477108,-13.777393730594223,5.005586008601348,-0.31659674010573624,-9.073501976910865,-3.3904277769695406,-11.037963190058498,31.674013599848614
4782,79.32983074232565,-1.518093872536212,-4.932386144885167,-8.9492172389605,-6.318174923981818,-1.2865988458556277,9.276289157965651,36.07021849235983
9605,63.43420412821908,1.1246465347792474,-8.16460940047846,-8.76478836938256,-0.8534247713043325,5.5372597702881565,7.213228031042752,30.003770948900364
949,75.33667833709224,-1.1853138430460362,4.007135326237542,14.860343200192414,-3.1823722413975393,-6.954819962581756,13.721909396580582,76.74411110179304
8219,49.694251031169976,17.9199308248863,-9.193786021745606,3.609788072904252,-19.59286574599137,6.6546173396623685,2.420019399865972,33.835004266986516
2601,87.52670281987218,6.2401075228017415,7.665536102286055,-0.0799676466685345,-18.02376385822421,4.384104871007756,-18.950737577614184,50.158424968496945
3370,40.956535267554926,-1.9534235944782061,2.8471324254266213,-2.240386214428209,-1.8657158088417578,15.894631963754,-5.867794308812312,43.20654153399224
11876,76.78217110345275,14.662923326927142,-4.0447316355905025,-0.40979822668877225,6.535512119800426,8.474701559129135,17.15513176441249,75.85789442094173
8301,39.42736436145879,-1.217235347018903,-6.252960523244292,14.199291140991622,6.160602779845059,2.0574276275460903,-0.40325450347162567,63.32651482029408
11647,62.974307967123195,3.1605900840376044,11.841537525183837,16.29802604130559,-4.524190499078708,16.27711726891912,12.023498476800299,79.99998679838545
3648,59.99931587833336,-16.0918222902507,12.396801546975249,-5.585900718763189,-0.7837386936013304,25.452710381784065,-22.581165102876092,30.18073540972703
2100,38.934550383027954,-11.246521100914608,3.9599340911626575,-5.517562663914824,-6.062358070403279,11.026974964246328,-11.16696402160776,48.22843188522924
9206,48.36811456268003,5.652475723529442,-0.40644960291520615,10.964380572529251,-17.598196157756117,7.96743878375484,-2.63963489556835,34.72913596934892
12730,64.15764524347317,4.554448015233592,-11.398627251660061,5.038231835180236,3.381554764873353,-17.339452921093965,-11.374906115846217,79.97318276652506
1257,81.17871461865735,3.579896780654476,13.394461529629702,7.62341024294418,22.317429484160236,18.098605315933074,10.622701458818158,72.16200264576992
1848,85.82166645509946,6.888918394900693,-1.215078538340014,-2.2549250080877483,1.3144884593844681,-17.760533862474645,5.591720499684957,65.20644601279936
10853,82.62062393284506,14.411239483857788,6.6503628201805345,9.864679301923466,-6.374125741158489,-9.451728074106768,-2.4956194660417133,70.49293763254302
5222,43.48897143040408,1.9982348846718543,-5.900849369453816,9.028761481685825,-18.5763861814368,-3.006695794617709,-12.190037180669215,39.36926859816177
353,87.5004460770478,7.2513674425842565,0.2885151857308478,-3.1415565685948756,14.521512476207148,-1.4544053144377844,6.84093999657925,59.97273989121422
1861,77.3613056669935,-5.86999866293781,-0.27101945569749764,8.133940986777525,17.178196828062763,4.9255415776798035,-3.1114718410906486,75.46345277657659
8363,51.149664557098696,6.2840905817265895,8.837866580060775,-7.770981505446018,-4.359337478389828,-5.325906135061579,0.06919340366053749,77.01294050986186
12373,84.4468611611531,3.465418121003129,16.6722522409605,11.41924814946313,-18.94826475909055,-15.098298512752136,5.516911901510523,67.84648381208737
1088,87.99932792463015,9.330349024616517,2.1229806028201894,-4.580050250578394,-0.25668819017911826,5.753611920445795,-10.724846428798958,54.81668792509193
6491,85.22224951396151,8.06574093876532,-14.617805639230024,16.714590868029433,-6.56245516415901,19.641662871744447,11.893006865785004,43.54698177163604
5924,39.916337724630864,9.777404567244277,6.685979417452776,16.065831458899254,-11.500548547568687,7.362231029704393,-2.3476499536134745,64.59919454728885
2827,44.664196704307685,4.025615384014419,0.11752071112557673,15.005948149929111,1.0710726238240362,-27.11635946259412,-11.49492284805782,71.99406712654975
4609,41.09372978277909,-3.7224139662819855,15.972864979190899,6.622972552653912,6.912238170061,-15.701351469300311,16.9463924554914,67.04638224406399
4404,87.28815782664219,-0.49453810152252964,11.853673664519066,1.5668464715419805,-14.78781724170564,6.679678635852389,0.11710694778417512,49.076707892723874
1217,84.88065352433442,-3.203432729183477,-26.21574372931121,8.628198786703702,0.8002197643114188,1.8874502990504538,5.652924641316298,42.90715081760995
5198,64.61145603785195,15.770842508750277,-4.9416586273683585,-4.802816589916649,-9.636844588302676,-10.0317652242137,11.33479000803466,79.9480101298294
211,38.97800323405464,8.840182158763053,-12.94957636618254,10.831373961687632,7.017793705019628,13.729802331799853,8.29832767659332,61.92413686873033
5708,51.10045352607855,-1.682857239130141,2.0846516786719658,0.44033111141187825,-20.044213238459978,3.0943106021869755,-0.9087138420827269,33.01362254224258
4834,50.44671476164099,-5.7001768916809645,8.435801812020058,-5.805731719644353,5.492265900723398,-4.857067832093453,-16.71723667670067,33.38021670496215
9889,80.96517084447761,-11.063242884493876,21.633488388557907,-7.9689978354987705,7.96588536261127,-17.784594022422084,9.401235292565971,72.38541447675986
1375,44.30240543557269,14.847893885940346,-1.9071399433500806,0.6747572394047828,-9.786525603649581,2.310327937390184,-0.6864289164547712,71.59517874276436
1931,87.0758390978865,12.77357063258985,3.592674554045576,10.81051759709103,0.44949111481099735,2.4742611572220174,-7.097277505437344,61.73453574737559
255,87.93172038547215,9.803263914610175,5.4768729066417885,18.056240573726495,-2.8871432547483695,-6.6982150001665826,11.156373796564294,56.84643402823729
1418,78.53398615276006,-16.129724968909994,7.070693374093491,2.329605828993202,-5.3824739795674335,-14.78248947859242,12.62185457994548,74.58814116259781
10474,79.90627793714224,2.313495289454271,-6.302674016784955,13.173844738312974,-0.554900908073659,-0.9442226243114984,5.298992032716089,73.41677947720767
5655,65.59782274644324,-0.4796041986860932,12.397449700671277,5.72149202509653,-10.735166968514855,12.483252954098141,7.14189139170191,79.86466000125604
1975,68.72940238973025,-10.255771942254462,2.605719582501254,16.587915372267258,11.701423317556438,-2.055602066382633,11.938835354120172,79.33462447330045
7184,66.3245738324455,-4.425844929620461,18.51031309410869,16.094036179453887,-5.569585398095499,8.01467920301263,2.9496432258517693,79.77795812476522
6901,40.70185561824967,4.980883885371227,-11.639519422395907,1.144997074107445,17.927042989964114,-6.951420945001994,-0.9621464066424683,66.30454586131685
7037,60.368204327551545,8.12706440945491,2.0600329885246413,3.2137183038798183,16.42459625264653,-23.166392272093002,2.2155232433822505,79.86108709486537
12527,86.92544735927083,18.92592514344956,-5.404751219660753,-2.252159690060122,25.018338210041485,10.752578707760414,-0.5697877016049087,62.25072194052153
8281,58.80724478468428,5.136008580708785,13.027808032085826,-7.7582520877412176,-7.103457597254885,-5.111523755091829,4.522517577533082,79.64590845768203
1288,54.69642651442037,22.448870029799632,-1.561915678336786,-1.7402752649037312,-17.344947619517093,-2.690884235528446,14.58076112011767,78.58072660817683
8001,60.84931678384585,-8.581630213340755,6.11050078227877,14.601296802750298,-2.1578984171355815,4.18907804066734,10.743308697217284,79.90731944035232
5098,66.7841499113431,-1.2611105263428681,9.046087497249799,14.407444107635992,4.603010037934791,-7.956810245926772,5.663540624468109,79.71194467152438
876,38.350365271581026,-4.030930532742097,-6.6416621917607905,-6.010359708031804,0.8361527599494124,9.01592739186761,7.2535081285944,50.829207778428504
12507,87.67242337923963,-10.75920635207078,5.268516534116392,-4.566976979164451,12.98184602925339,-7.701323161306278,-0.9598116465416322,59.03379778813336
10920,67.9889135561045,-10.470353111874896,14.964422576482255,-2.3207214495308053,-0.5857176441760485,-14.139370115662377,-1.1029824190428552,79.49715782554614
1866,74.73335604343964,-2.429856702099281,8.89091716969065,0.4460869833092506,-6.839288061577353,2.520465051079287,-7.931095332095742,32.9244851485208
4511,81.93964179469506,7.691238281554793,14.636853588401106,2.1182725485740264,7.800316860347753,1.2117999822013243,-12.610997806193836,71.31839356948593
11199,39.03522957261487,-17.53268721896662,-6.97461506855206,1.6459805517216606,0.35914206539142635,-5.988033936370231,-1.5921789281791279,47.880324560576724
12490,39.85370341656308,14.014008436113663,-16.15697520645037,-15.248658434751146,-11.691405801932127,-1.2955389419199634,-3.026746765960526,45.55283352154857
12267,57.42304145259237,-10.21633832973656,-3.5400314934451416,12.023462839929595,10.902631432926132,0.7275571975916109,-10.482822549070391,30.629987005327695
6394,85.4355800225343,-3.5256964105881954,15.267315187900177,8.237618235918763,14.603118382668736,-9.814349173709587,0.8276856601377375,66.02926783845872
12611,62.2448853505207,-0.1020342011535165,-22.721827269576444,7.2281277591060515,-22.881233853907894,4.817492780698929,-21.248882103781067,30.01140656487161
11690,78.74890949344413,-1.8748098852774062,4.852587397035948,-12.89893019231257,-7.60991436301694,6.631912910398979,0.48770273732927033,35.58423707995729
9109,47.873755071900575,-1.6967334881250613,-12.691796639889821,16.27613698318551,7.528719316608722,-21.72468139028326,-4.423586921533765,74.90469076311277
11779,84.11225620257053,9.895839325635569,7.37657685005948,11.412492736372554,-7.893677776430911,5.878932134038536,-26.347316605347203,41.61072675471062
6792,44.998257394098886,-11.064521715212756,11.650484078695891,-7.954648882103118,-7.232393886062982,2.444984949596517,-1.2696221303328825,37.65245656725759
688,82.03718345768635,-14.276613653216828,-3.3823062636515084,-3.260122822128624,-12.348911313918236,16.15303475890313,2.726086622576834,38.7955053766434
836,87.17784011352956,1.3050325791305393,-8.038302340338792,11.112889278991299,-9.709761430216604,-26.51111402300153,-3.903831435482526,61.35861993239108
6131,41.912193006926735,-0.9235231981090006,-0.4678145139978735,2.0488164544976675,-4.255280461798965,0.18976557102301975,-1.5135863025100296,41.57225274951564
7039,49.59585009200032,6.748246838540607,-14.807835013181109,2.8485368855033326,2.8915609789566847,9.049829180004322,1.1140670356327695,33.897185845393224
9296,87.80293316855328,17.590583961792706,11.468041307755957,11.338032169541044,-3.7967332537561123,12.83442607327401,-3.282284927763095,58.13281123534111
11421,82.17465836811994,-0.3077448868276368,4.128366938218574,10.215764705450255,10.914945895191677,-21.559720754035375,-17.251396583359522,71.04158584635223
8011,84.56954949528946,-2.4858257014063083,-20.039668294735044,-1.7263563604220942,-4.8692571980916535,5.590325582584691,2.6967948261406587,42.36059595668142
2860,43.717801079808126,-5.679153079931378,16.245237985770594,-3.923250498184645,-0.0299106936635658,9.603664149415104,4.630251143536031,70.91215902390846
10309,42.461327786020334,-10.048795259146154,-5.778997923420665,-16.17478247896932,-18.944338667561937,-18.015030546372227,-5.721261230969913,40.74647609583161
3790,87.37148219655002,-8.159700637526045,6.4343427379279525,17.07851663929542,4.567297357097653,-8.01898766092577,-16.03251246976746,60.570534583255494
9958,40.5532288395324,7.079546297813879,1.7884786877736252,12.293616776298846,-0.5939737425534453,5.630403937902222,-2.3528764368398,66.00647375273299
1028,85.34011318953405,-15.131146337008746,26.303912076491493,0.4718989642799643,-4.828976945866248,-15.55537665356092,6.538432101903852,66.22137882253365
571,59.53844863808831,6.756521036317236,-2.7165448847121105,5.514355680858042,21.141625578561765,5.038614659150228,-10.469573790553133,79.75919348785108
7534,62.75294659561548,-6.074461040579994,0.12002359561299553,-4.116929876486197,3.9087541085755664,13.363452563538509,11.268565768413485,30.00122073749636
4271,55.94852193083734,-12.221674507846394,3.0099866642435265,-16.294880985777798,6.051226882426589,-6.783563145314364,2.078434106866601,31.015074379099733
11480,57.04358675582773,10.915567000191066,-7.299353289374828,6.5137150066466685,5.26367998043062,2.236224272722714,3.9495769324095047,79.28005645101858
10436,86.52450367581827,-12.99542353013872,7.4504817432337855,3.7560146456867645,0.10762021165762235,-7.02336604056261,5.51805706907901,63.46154399660091
3898,84.10817084245627,10.737594268088218,-16.159935778378934,-15.188996488066264,-18.98865570635096,16.33253329399488,-9.793531153441378,41.604287115435824
4311,59.40308508150498,9.201301290798584,4.113157777805164,-6.0345623789730976,-4.338091556445768,2.24235634651933,2.145906427395845,79.73989092678276
11233,40.37351080577531,-10.806224338689375,15.270864475835102,14.98581679918923,-1.2655886566774126,-3.449880466972293,-9.0772160371085,65.63212051961571
9728,87.32539478797439,0.4772947381980058,-9.571946600136425,-0.44185655203871954,-2.2576035218850405,7.776377876279702,-5.284683294326854,49.231536737640745
11942,72.98443967017784,-12.9687028685785,-3.98061447997764,-2.7532594334589304,6.497388699674476,-10.307283948403757,3.9210363664794556,77.9196632713611
2351,50.88419380103567,-13.07077460919258,12.08402296226335,8.409084806220717,-12.78198190663691,23.028953439189486,10.253059268828157,33.13204993262657
2553,82.34160594377585,2.067098343094675,-7.8153081385463885,10.67144346084103,7.8930483540550735,-2.305622401697642,-20.483324475057326,39.160104813613984
1845,53.64866366140787,13.366843235396125,12.617465825107443,-17.838376290474717,-10.23918401814364,-4.880320548352907,9.257010039337498,78.18517864245446
8643,74.76312667130574,16.299230349550395,-0.4792823232685076,6.892461697511792,5.362143210087562,6.996915108724774,7.489679690188299,77.05966570269857
12297,51.70058355206885,7.062138382242367,-3.071505015475301,-6.650143206873265,-27.21742954929151,-6.899978427515757,3.3400656186002924,32.699255888284284
2546,38.82227891840505,4.967673097557172,-0.8247898527271801,-5.808176486158825,-5.660878384984596,-0.885464200319467,0.9986358222610546,48.64092748110238
8404,58.46708320666052,-11.15924825581121,-10.449321115407477,13.829916785631022,-2.167360246331532,-3.8373720277738927,4.645500559813344,30.414380924112145
11534,41.73218297624443,3.4576721714869203,-14.37249302544682,-0.2713532065955337,-14.6605337481743,3.025861881818597,1.1310725632242347,41.85922532557335
1517,86.46734404148069,9.459941100079739,2.7530230682399153,-17.003071603872634,7.3950796662244365,4.092690545864288,-8.534929302922517,46.38119708783285
5045,67.15365181020954,3.1408839586238733,-10.809635757624747,-5.348218743558148,-6.628869135619443,3.7454318881959603,-1.0659284553702322,30.34747119179164
11126,38.518274362295905,0.6596750860349434,7.712358991473687,-8.922111274244827,2.6409251357214094,-2.4759454282925337,0.2742195694069571,60.06410009776486
11917,62.6309977643373,-6.64514219462742,-7.38253626070824,-13.506192484531159,9.730902362960554,-10.089240984707285,5.012643151721738,30.002723401336777
8900,87.18343567491014,23.395174315474897,21.313689294216665,-5.67570409927453,-9.295638678360614,20.22592428069311,-6.036305316630447,61.3373053388237
8876,84.96101353311164,23.073432217050083,-14.628559689930006,-1.709827418572498,-3.6432907208636376,-12.541627728647127,11.919387474233476,66.94629166722827
4790,71.95782941624154,-3.8167515459345642,6.258363867307111,-23.16285741357507,-7.123253955500088,-2.322013456439274,1.4756270336877984,31.659963750038482
9124,57.121065639049434,-9.31975379884912,-10.58409897557903,-14.804664817342744,22.735027305229423,2.963056966301915,13.399101190237655,30.701067291347243
9023,87.69145672847456,-5.207257260159882,-3.3316151666681555,-9.06146740327366,-3.688491704408884,7.297562410899286,-0.5490171027772731,51.084394730585295
10041,67.61561068096971,-0.8356134207243987,-4.151782985677238,15.717326294854931,-26.94339919250284,7.109360577732986,5.266430156683918,30.429771306686657
241,44.42900276413023,-16.140896234144883,-14.936819078052839,-1.4948060551414997,0.667475091745561,4.867147774974917,-3.7319143317093295,38.26327207410847
2311,48.07387946622008,-4.72316682979854,2.81326235237964,21.252104255436098,15.271908433690108,-8.527518295083222,8.065726661040994,75.05519697761838
3588,42.16941758247235,0.9712372926787439,4.069286377552585,16.878318364438943,4.394480287924089,-6.753274527175387,-7.9536934260658825,68.82341622561471
11589,49.36452100143533,16.82919231349632,-9.285513358213386,-11.981636047045534,3.377813546604773,0.026268158812819638,-6.360823375224545,34.04591418172337
2453,46.305879849621775,0.4201318089322349,10.401020600919146,-3.3347853517344954,-11.290016117967866,-9.007762829773144,-11.090702705639103,36.390691780597116
5714,53.52119303505964,5.707604336435912,-11.49165275989615,-0.4445362583936646,13.648441963400792,2.5858771211871066,-12.622926768320335,31.866642731298207
3262,53.448771863759276,10.044836910510895,0.409335427120583,0.3312385702456584,10.826641442521899,-3.8971217257976476,-9.536811095440848,78.10355040008967
11778,70.3696813205721,5.302373468382372,-10.483023959035194,-2.729128481264589,5.824670122668034,3.3069914895766956,22.155557867800383,78.88907275792032
2866,45.46382526793644,20.64089295309373,0.18266965610003594,6.90848043438902,0.5399782711404025,7.67496913950028,5.459600877752785,72.8180407387158
10768,38.3093014509093,6.46286006026711,10.483707727514197,-1.1639043816284182,-7.623311610106334,16.334937403035553,11.772916396317932,58.92038329222163
1213,69.01305246821632,-4.849571703783196,7.952408625284104,14.012560118234525,-10.462955320046829,12.068440128873801,-10.840470372578757,30.733908431424773
3335,51.06688560822,13.062391616497607,3.1333153303454946,-16.890985742462416,10.601648275214195,-13.007725673649766,13.298687421295073,76.96817654956125
7230,77.747722718208,7.748612999927128,2.9625522288878376,-25.595569283860367,-16.221229319661443,2.800362320856781,-6.045187640649297,34.813254976919836
578,50.18297475982673,6.018060295883028,1.1655979140568644,27.87348140678187,-3.3106815253659008,-18.172931210421787,19.925894625750914,76.46447912232583
1820,80.69866305438941,-2.5716565167607297,-3.20848640788648,12.074646151307281,0.5128423760604852,2.2447578738205114,3.473321108790792,72.65665104393217
2246,48.526780654112635,-1.065202145746378,-6.208777649527056,10.994160199306895,-6.650569625458255,-0.669953833482399,-10.75778524137486,34.615547057479525
11643,51.879266241056,-3.7584049120182277,3.3993916325094,12.057050084145702,-12.277857898110646,10.846082144152632,5.43682997686732,32.609616335071806
10694,38.40870421963309,-5.94930629088664,-7.437344913428456,7.728207601900056,-4.706343794848369,1.6199066248252703,2.248238472477679,50.49798135915583
11788,41.442679701133386,-7.320537161542906,-8.88286621024698,5.298325071413402,-7.210486355958656,12.312737693065475,3.7474221767687905,42.33974954702422
123,40.422963383402404,-5.781365867158587,5.979383577215081,5.2158575516085035,-6.9708919067174655,0.19260544241272937,0.6621529490126911,44.26326783360918
5561,83.20242405246421,8.675977400763681,-16.091896534097472,-6.843750082590253,-8.771093050786819,18.660347732620718,14.277169606581182,40.27376278866812
4700,42.1075583859537,-11.440185695130634,-5.71849841277313,21.35893126472758,11.972166992385652,-8.653106401449419,-14.716270264240986,68.72974447699835
9663,49.00284046726395,-8.914480933878263,7.3376738251093565,12.257645975604927,-5.982686776809116,-9.067447868328745,-3.936464956394636,75.71423484020437
9068,83.81989309037539,11.079927916240095,5.882106040645645,-6.783142505831662,11.337560618806528,1.254980514887355,-22.050150377648166,41.1604894701677
5581,86.32557053194807,7.348180968665891,-4.994445859055388,12.91586282327614,5.700875943448037,3.9802450038136126,-0.2112390326892846,63.99542991519114
12346,43.92510895094786,15.634457673111829,2.423954748843395,2.367799942623098,0.6808681898486548,-0.48143870553418505,-4.052113773806989,71.16009070106942
12129,52.45756191177939,-6.937644049659825,4.778083511685539,11.077357187548971,-4.261035128170721,0.33871290502732687,-0.4349895506589976,77.66841412970999
8631,38.65333333022727,-5.524925062834496,-3.5675470995745284,-11.59296476744812,0.5823760441353844,-5.37424513103745,-2.407444684457341,49.32198784159653
10476,59.09428411514422,-3.1606748393164197,7.018326344804865,15.71090308914086,2.3983757968143777,-7.636503645427806,4.913681808224541,79.69302297060418
4589,87.15793543283664,2.6860185221426107,4.119786476729147,-8.298030957793344,-7.6504285231783,1.0200448377240838,9.47030638973683,48.56617099831709
11250,66.1106459731767,5.7587183667653505,4.5679373069401175,-16.8127004821837,5.862568201859179,-10.364166935542077,3.1074202047936232,79.80572275966898
7007,56.53927557101186,-6.289920762664172,-3.201090910631981,-9.177487858860932,-2.680941940873407,12.966565768411566,-8.812975535886878,30.849243493159975
10491,74.98694326466112,17.915955221312835,1.3833944321740228,4.173017383507933,-2.5460027436619477,-3.9789921733724043,2.2605229184144795,76.93885118163199
9952,65.3570412032516,-9.040576257754525,-10.141423310184937,-17.692126733203313,-0.36524291679521736,-2.794531287304018,-13.28301802610721,30.111360889631307
4057,41.00511134328759,-6.892244320171943,13.579755801813924,1.1165405762332221,-2.595388223058241,-15.933941458723762,0.23699706479442764,66.88380717526263
667,48.977908847021794,27.74841292111052,6.8903676939067635,-0.3921668174721401,1.7181715524099697,18.67266188651631,-11.785323487279676,75.69736600868744
12519,87.9844458915099,-2.651777148677277,6.202305080783485,-15.531354165145109,-2.7105356498862365,-5.147667351362196,-11.468676623900516,54.11826109634782
8871,75.72423117585599,-20.613515902993903,9.986738601097308,-22.141571859577432,-22.39224640353221,-3.574866152989723,3.2846512294309225,33.48038241549413
1736,38.6088099734812,10.107340086054101,-2.1724328781230122,-0.5389181478139651,-11.321633681676753,19.70836158676795,14.626690240732037,49.51640181174351
4234,70.81562719173536,0.4828197121578659,7.796114153998916,-7.39774420791395,-0.6289100268048613,-5.573746935781302,-14.297924411942766,31.25308500878889
499,50.16834140546365,8.019231089572813,9.65025425087619,-17.72261200972839,11.17320284029826,-3.948154252020494,-0.7432046894072195,76.45573437832556
10654,53.92459737229501,2.4061088486249784,-13.344321710730302,-8.67766222613414,-12.832189121843655,10.322961387125684,-11.13310442443293,31.70542837601332
3752,66.19639335185937,6.870359558369782,3.3442788906464953,4.89957499514075,-4.0228042944018485,14.65840510283119,-0.6051377555365766,30.20518059069215
3692,70.80455271159863,0.7302633096348974,-6.421700750892851,7.92414627027957,12.960100651089718,7.761243694246317,-12.120617209851305,31.24944301764949
3243,52.946392931171175,10.689221505035738,-4.382931818767084,-1.6674918971621957,1.0540296629196875,-0.4813409347463833,16.052101090107023,77.88940770106547
10887,63.6677839292735,0.16477782859896378,-1.6828359864587554,-7.0423614243853585,5.771705136067386,-10.396737954607422,13.109233005991534,79.99107970104141
2651,48.53431939346086,-10.118957986375294,-11.771500083949382,-1.7933004054093606,-8.476855136640104,13.12128332719881,16.813946979472554,34.61019655343394
5725,42.053158103520104,7.9465940370891,-1.2225497517927375,18.506061571092626,-4.977604477833805,-7.284320111318281,-5.65601693227558,68.64660450675825
6136,38.002155045195636,-8.361152112588897,-9.233173936819991,-2.690394825905571,4.106990376761718,-13.408545404221147,12.192722653600587,55.32824931921018
1773,61.112316565119684,0.4985035166383963,6.528143302928387,-0.297158360414248,5.39441151809446,0.565198643552915,0.2866894348465288,79.92863115475213
705,41.226874527588905,-7.164172445336909,3.188702508869969,-11.209160271384864,-7.077730290442087,1.8499473124111032,-6.57416297326316,42.714601872033484
11373,55.68356262536173,7.228524054214336,-4.006478222212418,-4.412059627818982,5.379044268409642,-4.1774752970792655,18.915859577415652,78.90543336028436
8546,47.340464902204246,-2.1124135203305414,-17.40666205119564,8.851360387420172,7.014815624813412,3.5047127676289436,13.575906019170771,74.48791832189633
3464,87.47872450506505,-12.826229717169618,-8.31711683606988,21.32849296640153,9.538792852844718,2.206540921255869,6.434547768000185,60.07858706779041
8394,82.38054157896534,11.623365114162414,3.2800583397354446,-15.100779503858474,-2.9836361484812417,-15.635119762725969,-3.0273680066497324,70.79223252444048
691,87.53356546270922,-12.920250701974236,-15.428083728751623,-2.9078214047672137,10.091515024207707,12.290190170759509,-7.192195899231518,50.19332072143758
8960,60.76080616888982,-12.675521973415924,-6.448291214989199,3.188004872233288,-9.974588842639848,-23.621468792947688,-7.4111160540617425,30.100481711753574
1783,57.694955504081335,-2.4190051119729823,-1.3254131825941085,-0.10043856321219098,10.005434668006473,0.6222564742379723,-23.44654108645038,30.569353203479793
12030,79.91868609888641,-12.5851281240728,0.3589589336145624,3.812932685109418,-10.54796106129086,-18.339218096284146,11.648473400657853,73.40538129698344
9329,86.27584634119448,19.294931390702267,9.276960427212751,-0.5385836159745282,-2.0509477531340488,-9.630611903044105,19.38884434579153,64.12332050851572
6927,68.28142696777508,16.680977397425313,9.844729483146544,10.795076275873814,6.404398932103076,-10.956526633752244,16.375239240537,79.43576332313067
11005,85.38502779597563,-11.996084206419335,-2.4411426178781688,-7.705284993593149,5.946431594770644,-1.651302897496787,-13.093679901152228,43.86848929509573
11130,85.72670676329247,-13.551166172662764,-0.9268719159705459,-1.2350170703970862,15.721288320081301,-5.324700473287343,8.614741181087648,65.41617970732631
8990,50.93932686331972,-2.5959706608553113,-10.809544162689896,6.778032661749679,18.09516861719978,-10.070235095671457,-2.4088619331470067,76.89840550108977
6036,81.76569083723908,5.063151237189613,14.100985492835424,-7.001053600076226,14.11094251987677,-17.871228639804094,14.198307575700609,71.518136922824
8222,68.07521448009402,10.82186139261157,-4.121578825370128,9.226949456202272,14.766195283562967,-5.753418754813162,0.5766111546018285,79.47942397159386
3098,86.22762146226104,6.610164614986418,-7.05048648896407,0.9173500143617969,-18.802278639503626,11.65723092905737,-12.43719446955211,45.75459026295155
4895,71.26918700075099,0.980318674601347,21.708507828374316,-14.290905032543309,2.4439760165019684,4.299006407816583,1.5031579380169786,78.5928070891662
4522,81.70506613812236,8.403305000712473,4.6868435276430205,8.31724905901283,-8.55117314423126,3.2273085509468573,-9.158084056733218,71.58675678872962
11948,42.31999141629388,2.5097462410320794,4.353467079108448,-2.2063591017144617,5.558961119682645,2.899110649679815,1.1106893334867538,69.04767756527183
6375,65.5538888785954,6.54229673718622,-5.176254828622787,-1.0065850433645716,8.11966892347542,-10.58365541329672,-4.4058357316165155,79.86921091622705
2919,75.75281873938161,10.397576862879031,1.2868641704921169,2.381380121051427,-3.7126899382827583,-4.276022672301533,8.261184259218705,76.50268853423863
5236,79.88596794485952,32.318818807824805,-6.974055877125842,-9.741428319747541,8.875074734650715,-1.6690001121605982,12.245572655927678,73.43540307574469
7272,54.70890782907772,8.040179733746053,13.679722574709379,16.54429376825506,-0.5463550963290569,-9.789593170217298,9.957711791397795,78.58511799023425
9295,87.4544468523472,1.1839483900769214,4.736631979943551,1.0861593649888985,-18.23945512165102,6.828288747364271,-5.34076572747709,49.80576962912444
9309,67.14823401560868,-1.1547741583452784,-8.76731926414694,0.8948936866696949,-2.9648495070895713,8.03380591105557,9.34277897622079,30.34655897137791
8793,79.41461702167899,-3.4415160879871824,9.017529523952296,4.932404106390546,9.004381383782416,1.1772620448602527,2.0350321929923747,73.85630791092483
2128,63.00810436104404,-25.203645579736275,2.5536138151104275,-1.7978886092390598,-6.080766905591977,4.382778867552323,-9.615186764900137,30.000001313613392
11302,44.11404827828226,-18.36773327909854,2.636746599247395,4.981432889879567,16.73917162279504,-5.319662059929438,3.781912934013584,71.38050144424605
1709,47.9927352520614,4.883680411796897,-12.094730984154463,-11.173329204693957,9.636454093995148,9.844426589047545,-16.43265364650931,35.005450623100316
6399,38.16831018631214,2.415878055423497,-31.527354872120807,-8.353623150626861,21.05235249426467,10.179564449986518,18.085492708870415,52.10393698328394
6886,38.6041281039257,-5.32938544023411,7.86158578533807,-4.338820819865631,15.5204001099914,13.379208427778904,-6.401393715245255,49.53726859251416
8842,64.01073616036066,11.594108895248427,-14.76008114402271,3.5441531395933312,2.6829600436213714,-10.716720669488979,15.529385715844233,79.97955989232275
10095,64.45833376902459,-8.594451869190408,10.279067839223579,-14.88450111583056,-7.133164083874583,7.488500212294933,-3.6794271808499075,30.042570993427177
10749,38.447482088592494,7.634855197819358,8.82874181129407,-2.8539118769306886,16.410720458479673,-5.896276981220309,-6.074234722905731,59.70891327272159
11682,38.776733098384966,-5.446510911236459,-12.116078850401449,-5.248714518303277,-11.71966457179861,-12.287187903369674,5.375755345304558,48.81668853985814
171,59.17655003277325,-10.884336489124182,-6.515943378359177,-10.103633108187227,12.598507271792766,-19.352589246083905,8.138895925855152,79.7058946477984
1944,84.40921827404281,29.730247085961572,4.9845260985336655,4.034902688786215,6.852049074931434,5.086059824149264,-0.8448890344436353,67.90911975676077
11445,59.354124579483134,-1.1118766724628601,-10.830049169064553,-13.155950991146044,7.78681400165229,4.107438544557162,3.493186052405263,30.267276890361003
12321,53.19758791671339,10.194574048976577,-5.9114111347429255,1.9982301664391013,-14.282030264648235,-0.44260348643852426,5.124632472977352,32.001897527199404
6276,47.24852249882427,-3.471897709676717,-33.23624110461278,9.559669133923139,2.7756561742501185,22.43224760948287,5.401035664913491,35.586320376344034
5936,78.00521514633647,5.455668261692356,1.2765425519389084,-5.693055381216718,-2.562811407406606,13.220221086525498,2.028355014142522,35.00391242237235
8716,80.0962990522343,-4.1380834014143595,-3.0100455002756767,-10.39795003355216,5.023744382881894,24.136201389975554,3.5865743352789585,36.75948030574314
10097,48.850827486907576,0.532096738836358,-8.100699987628202,-5.35635742004016,8.13445275112292,-4.575113301443867,-5.279962860166383,34.38930090475459
4162,42.441546567899536,-3.588294257686048,7.05491649817886,-4.021441309439389,-0.14874747101934715,-0.8229835320070993,27.124349753039517,69.22497776729921
10148,87.59062408187032,15.691840614830186,9.707516517941063,0.16945808414180394,-1.1086060222336382,-2.4526582076878545,-1.2310299099998383,59.50568610359617
3535,78.99364448142735,1.4357039887471748,0.4598734379770012,10.36225186008339,-6.648311048147187,-15.905192985048199,-5.796949537828716,74.21466461330274
7845,53.664536460223715,-10.96990414261898,7.8649520658907415,-4.444887678212241,-1.741315749316119,-20.46134838173964,3.508564289510571,78.1915743427976
10392,46.1302398300909,15.679144000960608,-1.1586813097125839,-12.705273199993933,14.29513077363377,-2.620623102986019,-0.5078704040237405,73.45023554889607
370,39.87126284532158,7.77803406523601,-28.388961363516103,-2.7617988836313345,1.8568254936465403,4.910942321228485,1.1961954525492413,45.50992530957748
9149,53.0667157287007,1.3363753788851387,-1.1457274830240003,-13.17734644175923,2.9126865813542784,-13.135341575433841,13.584083997625235,77.94188012316249
2639,57.95862549399362,-1.7333131884691397,10.331502971239521,-8.704160735369534,-7.974209929111361,-4.027331622824104,-4.964056063661526,30.513584519366887
11175,40.18719262711186,16.962608967330628,-0.7903008559649384,-9.885575961017413,8.945163202789734,-9.862802739739228,3.684930452532492,65.22623194375625
2900,85.79324221703739,-14.526946672929013,20.52167636744549,-3.225006884420545,25.427372597446926,2.241041777757254,-0.5813378432507219,65.26976675662425
6001,80.92739901413883,-18.39082130654717,8.409905506145561,2.1002335308993274,-0.18244036276267345,24.160627502978286,0.007611470561752106,37.57563876098024
3131,45.872465421738696,8.805569692710524,4.868456178112889,7.760487999806899,4.937061254901176,-0.8168603733209872,-5.448496972618803,73.21119324125861
3133,87.43835491447786,10.783533965768665,-9.122934119452735,-5.737133368766384,-1.663416740589889,-3.3948873117556366,0.44736256074996306,49.730577918403576
12751,51.642237918115924,6.296143556445509,-8.357075412154261,6.700218022878856,-5.359621800453515,11.176753675260883,-6.984662038156745,32.72891469884513
4468,80.79653363773082,2.798183945941446,-9.14671638580515,-18.922558752582063,-13.479996314353414,0.6563537328818215,-6.224341260962925,37.44199924589603
5131,38.00345713388927,11.59221019500009,18.587763061092286,9.553790499786775,9.700291132021132,0.08150885316932965,2.8092536368715937,55.41574600742372
1915,82.8273993854752,-17.503769687091705,5.055063681360869,10.30282383521363,-16.80063420591938,-5.835262531579351,-5.094842052929839,39.77258283198173
2107,38.055379037651534,-12.352436811184482,0.5710008186770618,-10.766807547781617,3.172829884258985,13.44769515275253,2.204327463483327,53.3369049802355
1836,38.692350906848894,-10.447890995877502,-3.9255789368389755,-12.023750156115431,-1.472321983771824,-11.991720625954416,14.596855581894792,49.15720995035504
10230,80.8969121444936,-16.100935834666274,-9.874439012829706,-3.2839840410459047,-9.453841008966934,-7.775105704855909,-1.0182071482780213,37.5443265471573
1750,84.07322713221747,0.0293580395688842,1.8166553181760123,-1.1606414457241978,-9.170741534996205,4.441438789067751,9.191004129851155,41.54938297943274
3148,78.48649401477132,-15.193372972086117,8.699288256913391,-1.3324378419958043,5.972684683456824,-4.836784712139693,3.463531461872385,74.6257102579869
7938,69.34900249496098,-6.1879931635584935,3.140636382076054,-4.823403018414339,3.008741273999499,2.895075604080527,-1.2596123577439076,30.819632605789895
1366,86.44988575404886,9.184197450725563,-4.975273467828154,-10.106458779809525,-1.4489435162255173,-0.3726495518419079,11.601586557717313,63.66619051960295
10627,87.91573846009058,-4.591765491993822,-19.301365422599865,-3.774992801796368,1.010078453908308,-9.529119038694878,13.634345684451246,52.94915212939548
775,87.21581080121075,8.743826911427742,4.011729201157944,6.147898240307944,11.915564996439496,4.536505043869569,11.645310518023475,61.212447765572335
1541,49.5790969600276,0.557736186073291,-8.353334982449946,20.42678828833779,11.244799426678592,6.424514204974185,8.882378635417764,76.09216351140061
9142,69.23863868293306,-16.651655182290703,13.879128603216133,-19.74881829496183,-14.200606622203523,-9.761466717757148,-2.9359369613819872,30.790923450412006
10550,71.63181529434566,-2.3723226159415556,13.630688866988294,-29.86689161022737,-4.0274947588754015,-6.4825824331488,2.0047365451794574,31.537439084270865
7083,75.57492323113772,0.08479117353590901,-2.0410248061670924,3.8702592197936725,-14.88385222136997,13.064417005155157,-0.13278963262608923,33.39279505047001
4656,72.12068344515053,13.241753894974988,-14.808517891003932,-2.7341336602096593,-14.083827072970262,-7.564263181343959,-7.2395938365587185,31.723120194206505
6084,55.04370263460326,2.347515936654977,10.242037778068774,-1.5077512936847672,7.255689432788345,0.7242923361039608,3.884220581631504,78.70015468796313
11689,39.12612078267465,4.304568062421818,4.5327089271849506,-10.13063187677359,11.748817868357204,6.615560895368371,-2.821490092515624,62.41875266581658
12376,41.07031415940263,5.840950461731148,2.691220039149564,6.778068276593507,5.071090176246625,-20.123423331007007,2.910488505882634,67.00370271760772
11163,87.01514155328165,-1.1974089551283824,13.524624207743086,-5.879423484534407,-9.022731775050195,1.7594107371706103,1.2025774503004718,48.052124340789845
4026,72.06841156634292,-0.7463180281714883,-16.770904229810895,5.105159449236043,11.03462240950672,13.315074091782993,3.2469094937567995,31.70270591541975
7342,40.502402246895635,7.291328918037779,0.9931106768124733,-0.29669587758085775,22.028116907978873,1.0319534585327725,11.202692774909268,65.90220598500659
12072,42.036582133834806,-2.2030740779732354,10.544764004735757,-9.702270035046187,-8.46784883839602,1.0085597977103318,-4.808629569705277,41.37887261022253
6245,51.94191438177807,-3.6284502183627194,8.086268931003348,3.499521129546099,1.263667593581641,-5.954167793105636,-4.423590273497456,77.42139028829553
6904,87.3827843644298,-9.779529263467392,8.695594760028042,2.4964371125722007,-5.500723373649264,9.174591032198824,8.875297739267145,49.47914620391756
527,64.18882943704972,-17.860724134890162,-6.82900628766426,-0.2602981753217899,-0.32995114585126156,2.813471316993668,-3.0661506462170927,30.02828230638501
4506,80.56506539585459,3.2476524575164776,2.8331139651576924,-2.1582278491577425,13.127208171095132,13.046705305696364,17.77564714740016,72.78956091755363
2361,85.36321675336816,-11.183968603117547,10.522002935671162,7.445397187994055,-3.8838823863504963,3.6150420129326073,0.10418018884843754,43.82473550908644
1500,60.039743724542966,-5.2707773395753375,-7.3950394963104085,18.98069551660388,-5.853180923241084,-1.588116753155171,-5.695523387507473,30.175881027041115
588,38.00004546837164,-18.043191959136728,-12.53083110048545,6.948819378656925,-0.6096788682009006,-17.95869434630625,-3.4462658938555895,54.952319642256725
4935,48.80873393000515,-1.8084604425765543,0.10745898835691223,4.086315162236975,11.700883723664521,12.92480426007796,-0.43613066262910716,75.58173868580137
12168,38.54654886149345,10.729129162957706,4.8924311850323035,8.73742879487629,7.885296685646147,23.730616507924257,17.94443290277012,60.19891598476765
6008,84.43829254867117,-8.423463880225542,1.7381498037385716,-1.5764408754608739,5.78720448340682,-10.961061217627488,-1.2370726035945339,67.86077807123621
6803,72.02933689452412,-4.589907611870522,2.489969507387458,20.058798931167694,3.1978900611788834,-0.4880630209117419,-9.514468022430183,78.3124660910249
2239,64.95903282014179,-7.646236869035482,5.214080327873414,3.840040225440955,6.075604928639247,26.283641087856864,4.720427331754446,30.076874385229942
8389,44.08307988824359,-1.662670195550361,7.25222713052815,16.422505050445878,-12.621417792856773,-11.903324994317412,18.69926951166598,71.34472800279728
4157,38.00036247622836,20.86395534972568,-5.978868279696964,-9.03438230681344,-26.971692867113504,-8.61029625405588,13.231822907374182,55.134624217839956
1810,40.683254871685264,-2.098778739139458,-0.5841868932628903,-4.866372100550938,-2.637406463612209,-7.3786319129805005,7.0726947811426335,66.26778092074214
8057,82.81937058893675,-7.016057561330929,-1.717890735407554,4.673807261559299,-6.489649449662712,-1.2860204360782534,7.185590399183985,39.76213435357862
5393,46.265906400542335,-3.4195238721502426,-3.712769107079181,4.4424530069166925,0.4291887399060782,23.332305208103502,-12.521216843335116,36.42662897036217
4446,38.665832105706805,-1.1970498345209053,6.665607912639886,8.191121537675883,-8.825121474313168,-6.339368980744834,-0.7535025752054968,60.73134128213897
2134,81.60929417710152,-8.31932775211862,22.796896537525136,-2.0968180088344184,3.4150428960216783,-3.5057652133935417,-6.428506458112313,71.69413580363164
9421,46.13385129676751,11.830777094923013,-17.856078575071393,1.8480508225351855,-9.869266785013108,9.337765619739,-4.053626355828185,36.54646299701737
3717,73.74446825538294,8.085144246782669,7.147571325736351,-8.717845864933272,-0.9247420782149887,-14.35945947212167,-3.4879033745093895,77.57335601786026
10604,44.57172892930389,0.5309539318199087,-5.479689587262481,-1.348322108141693,-1.3613604075092924,4.397488493848612,1.3231628053587674,38.10624892615779
8874,52.13339556140496,2.118834517382443,1.6666712576505447,2.0508782957215392,-6.794592281153426,-4.162728693709879,-9.503309099162395,32.4851847003999
3849,76.74452883207788,-3.0140852387801447,-0.931912685160342,-8.06969272342816,2.291290818296599,-6.954357720892808,-1.0480468686860323,34.11728161411499
10583,84.20144076640258,-9.099408186826121,-2.920409247510374,-14.026368444158397,8.381408183637532,-1.2149183630963707,-0.034722193925603655,41.75239986153255
10217,45.38961513155996,3.7045572810676015,7.9803463516721065,2.653624453324017,12.225927982269532,-7.025878128198203,2.5703148617614913,72.74469906156253
334,38.67608450463666,16.21501491000703,3.4601667256125337,5.701531254919228,-2.201059154017398,-9.053790850110202,-5.327483876350074,60.774697825377814
1507,51.17750041351665,8.207073706389773,-2.6346835048807766,8.249244579240077,14.251928141822685,6.94190460942626,6.666593715257019,77.02790283998004
1472,87.99748849342116,-5.074944694275399,1.5684232020691709,-0.9938589532781366,-2.240520808728172,-15.475857874613688,2.4563629891259224,55.3543571944758
11995,69.24681919462597,-13.491374947144068,1.342833804174891,-4.549364443481877,-11.719507615573638,-20.79541949358544,4.043145852016977,30.793033028699103
1440,84.75670197843377,-5.913064213729072,-13.527815355260028,0.5998795104942878,3.2936406656823354,0.7096890406375632,-12.142211010612055,42.68554024645758
4437,59.42398795961402,0.8755092204944535,-8.123504955146748,-8.033213790099614,-16.76381530148201,1.957721474602749,-2.70797285948486,30.257079034863033
9119,82.13152668757864,-5.495152794402811,2.6475827617690544,8.241272795295755,-4.294351391261333,12.790360976940658,7.531945334251184,38.906998831713636
5648,42.53299458488915,1.928667389439715,-9.778017528506055,-2.0792523321555327,0.2464752655453158,-4.89061526123158,9.458824136054504,69.3562421732786
8823,86.679799657566,2.6462634391793642,9.862750120366773,8.06725422606187,6.325971356532614,-2.7411648184285244,19.040154727473823,63.01667563130363
8142,56.98370939273288,-1.9164342472134865,9.432991180174195,8.910917652314486,8.258929331814176,15.961262438062892,0.2305212366777351,79.26528893973672
1631,75.42031120677169,-2.2611095239941377,-2.4464968720981255,-2.856935047257876,-19.862181057928307,-5.653027955147399,-7.234474051029419,33.303551684044194
5068,39.32521247013432,-2.4786074006234284,4.480595813029225,7.188955659825808,17.52947385626982,12.308737621458333,22.191665915864153,63.03146533427845
2162,43.18659224937615,-8.913835859059716,8.84057000311986,-7.449361587910102,30.88179885878028,-5.888943189817768,6.589028835447746,70.24561816744466
6852,45.06883748599513,-4.0428860822866595,3.8029614729739865,-9.288915957765067,10.736558050381845,-4.870832755298309,-8.363834629713798,37.579511749197536
5441,47.13511185229803,-29.2106557693764,1.8098129180397051,-8.69396943111309,13.704025825323269,-24.73343120784641,15.460227927665866,74.32111083920657
4383,59.817760037188684,13.585520589502678,3.856334246391529,13.66438266835037,3.4859582565764677,-10.398362307431885,-0.8580823097990932,79.79663986952843
10535,87.33653148190314,-4.793691055483975,-2.53558154581333,12.866418613604862,-5.994919969606248,-1.832560966031323,5.934468874847091,60.72129665638284
7098,68.27187388181396,6.836515364176311,-1.6405851901183932,-9.13720064420611,0.2128308190757135,-3.8711689851104,2.572351325852322,79.43782612619722
7919,80.42727507636789,9.630924937716381,10.683553650982418,4.638832899189692,-0.4204981724144297,-0.134703662995884,1.2223291620700283,72.92456647767546
5573,71.01175245168989,0.8519672845191375,-1.0430874839365227,4.725629861378015,-19.20514159607783,29.12445563471031,2.8763272971580376,31.31853419543374
5102,87.89864662737635,10.65647188990642,-5.456945066682675,-7.208425890699629,-13.261769391022796,-18.4656634187276,14.657717717278647,57.24886551955429
8926,55.927298267818855,-1.5928605680563113,2.4822724915316594,23.222820038761252,-5.854133482620575,2.4649588500332893,-6.422966888198621,78.97867573923969
446,87.75051980166951,5.9084881375116876,5.114494212171623,19.660173424304315,-6.916892825755031,16.755287273255156,-0.6204202589980344,58.523034139369834
452,48.66882116008247,2.275631570145815,0.7948797577161051,11.573691157618558,-0.5469277647548849,15.256823893093527,-5.704556629413592,34.51543720119221
1118,86.61758046362759,-3.432199330119648,-4.501984483636326,10.695994799265161,21.175570485926446,1.150933070536741,15.67979404800729,63.198164004463216
4634,75.91097091823111,-3.781193674221476,3.3688329054093074,0.9778059637344945,0.8791023535285282,5.212739982702706,-25.800376188734305,33.59189803021785
11615,41.47788793420136,4.882301023236519,0.5475016622976145,-2.918178719450457,2.634357479259042,10.400523332252163,-7.163372079080096,42.279988513086764
12317,64.8732789126841,8.03279717763798,14.270427879616687,1.9253745220597271,1.0714573590904932,-1.834317407963585,5.749896556908868,79.92971773035734
6326,81.98803605084086,3.8477148832298367,7.055608314721555,3.6782514799077646,-5.534009331534095,-3.3729501966955144,2.8785875028329126,71.26205666365628
6509,52.97008487004371,4.018084712687059,-25.016807713560233,-1.7520766697768608,-5.510386399291752,2.2910697681930827,-5.230273404105343,32.10020081996626
8854,85.16980118316128,-7.435035874624601,-9.417094254165093,17.485591799043522,-5.960809398685349,-4.421982677245434,18.314096860280365,66.55421635157921
11208,47.87825622947315,5.846983559837375,-10.909832625666127,-9.415912588850277,2.65045392950129,-8.028000397687054,-1.3932143569246906,35.09188945835059
3748,65.0020507369636,5.645332202178363,-12.148672018464062,7.682498546717129,9.654912598758887,20.209620780946587,-8.605826314200225,30.08029308264996
9664,68.62762236493816,9.596384860325939,-2.4346694603887356,-11.927560429078635,4.008298087616572,7.8720314716807716,1.0691867455733295,30.641636620707708
7109,38.07493651521177,-0.15996861783189714,2.277208015856353,-12.450317666438185,4.137326569068065,0.8496124355292904,0.9237841722891039,53.06577915447168
3177,56.88028354095721,-17.9433456023203,-0.012617250867007128,-13.621834734098394,-20.438194131050317,-0.459775229568669,3.8668787638402504,30.760588487735088
10976,49.96096935786843,8.236885344999827,2.62470575086314,10.666220957964242,-3.6741161454113676,-6.212704705059854,9.517285250585832,76.33034645554436
10321,86.98979691158064,2.0303583974569412,5.034170938334417,-8.644567157569824,1.1472017250078375,17.654976292791524,-6.88683074414564,47.96511235760542
4998,59.68291620529908,12.859488097290622,-8.155491936210764,17.433908300196503,6.44089783943996,7.286367288295948,0.4580398976588939,79.77896194554833
10526,87.8258354482311,5.644418808748655,17.51158882360406,-20.051056177566156,-5.953309380538104,-17.163914488509345,-1.5740129982053983,57.945826589830425
3678,87.25785442584363,-0.5589848957327069,-8.889909823369068,-3.861174629782051,-13.18694294504269,1.2804689314585542,-1.8170064573191589,48.95380295933233
10589,80.99037793961335,3.656859511735382,-9.594059663653047,-16.776198801062144,-6.702746312488647,-1.181376354473867,-6.288207761180583,37.640671050127736
7628,77.68945041541454,-24.875856667990853,-11.790415232839662,11.16761868088309,-1.2320635919438692,-15.982291726343533,-3.873007796920423,34.77081201597361
1456,87.99962014949176,3.380707739457454,20.77838758218265,-2.5713672291336636,-2.99239276569681,-4.896727952898031,22.08665762563693,55.13781284818727
9228,84.66458125519046,20.924515342944225,-2.0385692646986677,-6.053115245623514,-4.016784014573986,6.879751375480602,-2.6648994439084865,42.52418663824878
9995,38.0033743212947,2.4230860874151285,4.469314496770609,15.731583703755682,-7.637118374798364,-6.6263678170306495,4.85102546688593,55.41073675108371
5468,87.59915284474002,-7.644204674290903,12.70670356144235,6.792566443771394,0.7611384513649593,-5.210043582717856,-5.552149862931318,59.45888767756254
147,42.4140244549215,-9.702894998088837,-0.676005936237327,5.345835783750808,-14.518118190021546,15.600713849524919,18.792921396360168,40.81488065409987
11271,68.20001221287367,8.195173381616453,-3.8060622669484463,-8.082763888723509,-5.590357133224054,20.109165370331592,10.543733904335074,30.546781950304275
11039,74.87178512944882,-0.3982700516175153,5.294432379285599,-8.325405088820366,-9.009137549149118,8.291845908406748,19.44124009762221,32.998620092362444
2237,87.45305002263927,-3.8923424645227294,5.950289890569936,21.21220124270641,10.554856839309322,10.659093404921247,-15.30992194225352,60.20080230255884
6702,83.82977704608584,1.7976639296385644,2.651387389802482,10.218283336247929,-10.565544086712478,-0.008721875003211215,-9.678284462333687,41.17537023243098
3084,64.35536271129617,-3.619830285105186,12.72483811685769,-11.403972298334946,1.7089105586567663,-0.49992479893048863,-6.036367557395909,30.036767198120593
10824,78.43124442629633,8.528277506487981,-15.871612008146611,-4.153206163533393,-3.7760292647311338,-9.306866960450659,-1.876024851789818,35.33081863788179
11010,69.3685892069474,0.9823869498308757,-10.328321474045223,-8.001377254433335,1.0572106798827812,-3.1589520543550376,-4.490754126826257,30.824783940714138
245,87.59170765427788,1.75511742075777,-2.219112985453586,3.8699459397736757,2.9938784806935734,-4.009527009241489,-2.926506035152347,59.49976828809336
251,65.43723260442114,-13.523366303862844,0.5313197408373012,-10.87272633885372,-2.2125438405666484,-10.88531964197121,11.067602319467834,30.119085683360698
12238,87.21472072068167,-10.369566256920104,3.8760741709769486,-4.086912503577772,5.377336923608691,0.7610921454018399,-13.730978105576542,48.7833047027066
11446,60.55756262852912,5.141970660573099,11.87762879453446,3.4360050064534366,-1.3239146643758017,-11.547458119087338,-5.15862407597739,79.88040392932643
6733,78.96204296474299,4.371766577619055,5.627301390759499,3.1018563650555677,-5.369621712207506,-21.547622036835534,-19.557292346590934,74.24092472808152
103,38.30530534233823,-19.303129168307546,-3.2996535200901684,-1.0452312726402662,-2.6086839155440207,-5.697884675861703,-18.92005393730193,51.10486768326785
9915,38.44022528259084,4.794552564561326,0.6212690892705298,1.2355836793362045,-17.47703735874873,-1.165666490509267,-6.301353724569169,50.3290829776039
5412,48.82618830453233,-8.894795418057978,-1.0870926562322134,5.761972508019404,8.044625430604826,-4.3052880678065195,3.9149184165738244,75.59376269702611
10121,81.8388511979067,3.7901576681433884,16.783892815629088,-1.3622429479428368,4.663812603395417,-7.27335419160248,-1.4472623910509996,71.43464893276182
4526,44.08829828899411,-27.62116922347616,12.222555840934975,-5.843301722070939,-22.874334945346213,-0.8295690794426137,12.57945601138214,38.64923431780832
8007,86.0912822573061,3.290500283696473,10.29976255913104,10.888149923388466,-3.65559038436015,0.4862866599496618,-2.8380792421733325,64.58084984296384
7112,87.54359109462396,-8.303872286189632,30.472354933687082,3.861660312832152,0.4125420947009675,13.075327705636191,-4.674456587805263,59.755221990600994
7971,56.01151320678008,0.10221696592100143,5.704837511626661,-5.5091264440015735,2.781042341244586,5.939136762924564,-10.784036544742236,30.996644977399708
9386,76.66725197537035,-6.137520918172177,-0.024968206419235563,-12.660551323865112,-0.4414113608517247,13.01120358598211,12.24642940616057,34.06662417473628
1339,85.98340577515266,7.7384896500040155,17.637461423001085,9.993912987280186,10.95742476182793,-8.438603335803675,7.3319083198018395,64.83682158904386
591,61.90407183224761,-2.6769259501845486,4.382575190714137,-25.325893945556473,-9.382288477592537,-24.261662002299076,6.4931409695366815,30.024032722412393
3987,43.97298787487096,5.533940534960488,-0.6816809071578305,-18.530464648522905,7.058806350590855,9.380045165274405,2.1802116493899226,38.78356359768915
8502,59.699588763302174,-5.652861586286829,15.80004552020026,2.9436702886236574,-6.981773304006563,-5.505362638232968,1.1428463781186882,79.78118814077885
8971,65.3975544844362,-7.434460787734796,-8.056291634961653,22.29331950291182,8.978311274382015,7.824793975923445,0.4963115820924975,79.88476908661521
2551,45.956217894984434,-18.143468387585347,3.0824242933825734,14.35073129135233,-5.362825974627508,-7.1694188914812695,-3.1757666642648723,36.71039936038102
9629,70.33107926693363,-10.231396940733879,-6.06161655860562,-8.213338720435683,-7.223069992921286,1.8248447059676032,-13.067646749945084,31.09905280575818
10642,41.09775540204657,11.943437906940812,-6.624019292979297,-4.959558390780645,10.660248048243432,8.123925769220154,-5.039601743759629,42.9463000878809
7220,80.46585081510415,6.99638515016874,-1.5478638103808136,5.143400907492367,7.053195150223414,-2.616486048830484,-7.686330890148534,72.8869800498722
4606,42.711137259574386,-0.758229758201035,-9.889395805893916,3.929889255011286,-10.954568703356642,1.9459222593876278,11.645156534105038,40.393082162887026
7360,40.883306842300655,2.7920936685133797,-6.910762115303406,11.660695060472152,-7.957780545956526,15.759448882358502,1.4614626000813191,43.34444837134789
9743,52.08681706961199,-1.1106089633851508,-19.835815336836507,-0.9715481477631318,-6.009096002183783,3.8851994950354656,-2.326045106755559,32.50772491881073
11332,57.845988960354326,4.554889290211312,12.340585444089152,8.723602048327031,10.50334166520562,6.699865155145446,-4.3970810018393465,79.46295505868436
12303,38.00441100785693,1.7355128064721526,-8.442611800014197,0.2922033358218002,-2.2452377583251653,-8.050857857494275,-17.412469066672422,54.53039278555772
2234,87.95046514834026,-3.9528288851016704,9.540618463340941,-3.447878938543605,4.953986496689044,-26.168189686514737,10.784506646907149,56.57298724770996
4955,47.84675914143453,-7.408773389099955,-4.969829394294858,2.7473086112243026,-28.627906786889024,-1.9267395614091374,9.249344059659633,35.11585326240268
3349,47.94466328044655,12.222457699731583,-7.117202455816013,0.36246886892254293,-12.740909882789442,-12.872773532897268,4.1254848676357465,74.95837759590859
8196,49.68722406195724,0.944220527194286,-5.818015182795618,-1.0119060133989672,-9.40315560960029,1.9563405023624107,-5.522068456397209,33.83942352336615
4304,87.78205085632806,-0.46636302708890187,7.420418944519618,-14.254218020339804,4.99430538382455,9.178126131181854,-9.97556821338364,51.706072958553904
6252,86.19240769089504,-4.546083064923497,8.477093593462081,7.352263922345025,-6.069564513126177,-17.78499277104441,-4.837757618927353,64.33339303251034
2800,52.958680262218465,18.02251243418113,-1.616345104369744,6.569905407864192,8.128127920535515,-1.3931921641568514,-6.257807756027281,77.8948006744684
8258,47.94583393776702,-0.9281134620720295,-6.729402766061932,-12.698993856015273,6.228028439940943,-8.307433116876258,-4.7152599197433815,35.04073938817591
9031,51.740750640665155,8.685922983247103,5.321922225906308,17.863571037976943,0.4238198973778795,-4.474459037540682,-22.07341800253229,77.3210506890764
7357,46.52180611369289,-8.049713516561793,7.458531948034542,-5.31666150402986,2.657730052423185,-17.22119045731442,5.435516952189321,73.80077461822441
765,64.27372365932122,-11.62795898156623,-4.423411873586344,-2.883856181665214,-10.256200458559645,2.7623908542092632,16.072980367958543,30.03246852330641
8150,52.64959564218591,7.377716080843656,-13.217009987773183,-12.561970447477208,-7.36527543480992,18.938184241164546,7.071767767184525,32.24326188510878
925,38.63507974828012,-10.587089959760815,-6.9610298675315985,12.234404065260772,-9.65386247849157,17.178164106817807,2.241346552609641,49.40083389000376
2074,58.766948687073445,-13.383922968933684,-14.221350995061732,-1.849728159937572,-11.786934733807733,-4.191740078725813,-10.986470065029334,30.36098060834947
5745,52.64000991534755,8.0159492414075,-11.816467466867081,-7.260650535071535,10.326402490316607,15.907921050049044,2.5333662117999145,32.24762418018938
1027,63.15354941118044,-17.10661691018449,10.808030134352176,-7.379788099685359,12.387875069695939,13.599898044571932,-3.164425901836495,30.000471552880718
7425,85.73973341441364,-5.725318051897583,9.123626426116534,-10.38028322043739,-0.9094000035798708,-12.039734198541797,-13.518651986026207,44.612289749834176
11359,87.44194263646017,-8.086315435035166,13.103660514134457,12.381495227485534,1.422471981230729,7.302916191891873,-3.5008710230785542,60.25275548221984
4470,80.15248163478219,-12.23047166987509,-3.5079521386885437,-11.19237646412677,4.2865727633571735,-16.50685007997019,13.334454267792408,73.18769841866913
5668,66.11930137229069,6.37305352770714,-3.001863529945295,-5.607258913174162,14.565421367565177,8.528120176982133,1.9257469338821573,79.80463583584378
4345,38.00131395575008,-13.011471945446582,-9.371640307075106,-10.646214496275539,-1.0119695799455544,13.765487656729684,-5.784371036240491,54.743687571459866
5660,81.05898169743196,1.1613980492807252,-8.240877933136284,-1.525247513896223,0.40113964755365156,-3.6141294601489715,-1.5985139260315955,37.71205101662382
12570,83.65465472793167,-7.506635354779823,0.8209423086835708,0.5810312347538711,-3.9028919741442354,7.9540032663472,-8.984206532510084,40.91507053372542
1964,86.75733850810813,-3.1667102113182843,6.161372572757431,-14.307094351588475,-0.06497732446890786,7.735620963473526,-10.932785336422446,47.216114915341926
2269,38.344186903881706,-7.207421767895874,-16.76118881073479,-15.86199840299917,-1.005087069523609,-1.3689844478040023,-3.1772141761138526,50.86588817649044
9875,87.77553655625435,2.7261549232210616,-2.057249610122932,-3.8519484405131497,11.603029489692581,-1.548348659698119,-4.999489605412428,58.34257211585692
7108,39.283564966608495,-15.26668756517356,-7.184095732942679,11.52272538839875,2.0612075032379384,-4.246633410001661,-4.30956354509399,47.0923638609936
3989,86.94531841652349,2.5138712144565067,3.207635760476602,8.383101768660238,-14.64701648838914,6.0757408183487405,23.934953023684386,62.18482608914795
1849,43.73455296127085,-3.006616212373153,8.811559223701575,-14.895640478932751,-8.557362492085208,2.612492904410862,-1.721863955734042,39.067562948565524
2804,79.8423590218426,6.973137095545575,-5.152163050143677,2.1177164959568393,9.707255624390914,15.958989171987021,-1.6725460485853323,36.524747834485254
7926,38.30985221931145,-7.129385696881194,-10.042564721673282,18.870236992185937,-0.41593545795791376,4.694255343222929,-24.437589128157676,51.076149522756964
6003,57.817176450109535,-19.17817092038725,-2.5585286357156543,12.014143814302232,-19.502534329403495,1.422849180263349,6.912131642003047,30.54313306961211
12616,81.97183103907182,15.049315559840249,-5.635093364161397,0.16835003176657903,15.713538231608178,7.960260290373401,3.8985832925702213,71.28095903271398
3519,76.90749434978129,11.271468952891471,-9.329989100340947,2.678418906553614,-9.851081624703932,-4.182778382717343,-9.124186431739975,34.225457865194684
3415,39.0195824915463,-7.6243192293426345,-6.6229659866283725,16.42006306766526,-4.062152311400815,-11.745731436819211,-10.765857697836962,47.933206093266385
4926,38.439907289609,-6.905049009588491,-5.743491025012477,-25.535383848149028,2.447977779667268,8.713229039637566,5.344470525600389,50.330755301229225
9432,50.05543980523903,-23.007072137643753,-3.7769211129102285,1.1652243736213257,-0.930249704779462,7.973794038705875,-2.620092299376568,33.61219129120026
3040,51.296046534434716,6.845145952189332,9.981471971653232,-24.28319145470789,10.279606173379594,11.223963846507257,3.6684157047491017,32.90888248014867
3429,69.57925806665259,-7.871227801077555,-2.22873779951465,-8.918918809728577,-14.409006853955507,12.001786388118825,-2.4637509724710958,30.881265304904844
2764,44.89768781307566,-4.597852626953671,3.9976409678344056,-8.76082849104426,1.9284057933703804,-15.061020314682793,1.088061872719535,72.24257212503781
5900,86.58897349971366,2.763477951872824,2.6143609421800407,3.272819532969274,5.786703389918467,-5.947740203988852,0.6403710741281433,63.2801164985649
8974,85.74090883192339,11.536656057737103,-2.942833244266341,7.313610599699269,1.2502432289937633,15.888323359026124,23.580618539178097,65.38513675876003
5498,38.29632119387442,-13.395517618320591,-19.042861660143306,4.534659897177257,-19.419009679159856,9.525657523515356,-15.37549150710081,51.162259330832555
5436,42.54433866480704,-6.046109780699166,10.297795467668072,7.246885398037863,3.1137551748602594,2.7065536499957554,2.945774114174392,69.37240130736308
4262,50.45916429442208,-16.75609136076583,-16.382564639210443,19.79865138135849,1.3223209711109731,7.696027338570422,-5.331663281714959,33.37299281440676
1992,72.88036040191466,-12.840056288788809,-9.570011937702684,-3.889907528387881,-7.446505959446084,0.11270433041176417,11.642740567100248,32.03527752555505
10310,38.09925914525387,-16.41815042659928,-0.19646504005251758,-1.5307378076306497,-20.19207372157839,0.8132742928796788,6.816032372265255,52.77444279229294
12617,39.60945531114062,-3.541617424862644,14.468369353046455,-4.106037947310267,13.979142588888116,1.6551992461526575,19.9701202446268,63.825101651452655
1002,54.53343355522359,5.921934702770988,-8.69787005543907,1.3290201091516594,11.351869663650504,-8.857571127266246,-7.649313935592804,78.52269654261998
4341,82.57824480402876,14.341182790046162,-6.333639132939126,-7.480552858289209,4.129462392311958,11.465542081690945,0.03382847940666274,39.45354283466741
3324,80.23201044695402,7.9458260547613335,-17.82765114438054,2.9734163066164108,7.331176273688637,4.13826104190994,5.764586065083954,73.11236638200728
1568,65.82321807492161,-4.172024823100767,-5.349447345572416,-4.716130507864126,18.946868909903245,15.180262723076876,-0.23752096900892455,30.159922711443993
380,40.18954525106457,9.756574676960682,6.068966722765769,-10.956825403900414,8.613097517180249,-8.009346540588071,-2.039260573163303,65.2314785904467
11275,67.07447720789135,7.847728465062706,-16.15598279975766,-0.43964524192024623,5.620812269752683,3.4283827521254215,-0.02831896975223744,30.33426191085347
11664,81.86594536001014,7.943003645725448,9.009516802723954,4.690578981118554,9.309887563080615,-4.2155506025911755,-15.54703273663237,71.40353942517015
6302,86.85434773990502,-2.6985564666160924,-0.0631224366312223,-0.7052927376850436,10.334389469130745,2.1891310123059733,6.812796023173091,62.48131632158995
7954,40.111003104331154,5.836259143498008,-0.26490936850207486,-7.112885848200401,-5.185192574956277,1.787998246283706,7.182517649971624,44.94545768768852
10162,41.652142816296305,11.45762625977908,12.115963036770358,7.540364642785461,-5.426204133776772,-2.6841258415377585,-4.916650114996293,68.01034179659361
1635,83.71515432785556,2.369173654778785,-0.5677656891896089,-8.79595014512788,10.924919128227602,4.771865337384033,-9.808527806976997,41.00420130277921
5270,79.56954869667163,-1.8541442736023273,11.85649722426673,2.42500643145056,8.734291830920899,7.16666911481599,13.85573278664914,73.72031132189386
4664,52.09541118597942,21.276395222178415,1.700610878735619,11.19879927897702,-13.729808545787234,9.121396551287514,6.917445720452305,77.49644289209157
4306,68.40241137363908,-0.31204166902231134,-16.679643925979818,-16.817670904676053,11.572438166592242,-15.023873043758872,0.1819511447700968,30.59069949076838
6758,45.0316895073625,4.191948783744397,8.678085713489148,-4.679455830292852,-1.5747687437770614,14.65291855725247,12.567141539283996,72.38216954353435
9961,75.71150674599049,17.014944471372257,10.192384193288076,3.442733139031003,-0.12900055423391854,12.970670889928224,-1.3270260392901592,76.52713627602702
3333,81.99831679730116,1.716738499553358,3.9743095704090425,-26.785470004561272,4.994746593333041,2.3686032678815154,-7.796872788590421,38.74995511177324
5156,83.77732550076712,-16.843433032310745,9.864560807471523,-6.043332693977588,-6.035256424501555,-10.509948107098662,2.860415017595992,41.09666424791617
508,51.72641365443437,6.1383236971672686,3.9181892116366113,0.6182575876102923,-16.016055468281138,11.892777671772244,-3.3481897592065497,32.68618699305123
9596,87.10092899201723,-9.430489452199732,10.093678075266679,5.752115464164507,5.074592982849304,0.03531305738818879,7.786162090533562,61.64418706251888
6712,84.5022863776075,1.269621106833008,-3.8317712970357225,6.677761480070107,6.968724379151453,-7.779334441015236,-15.93784363498462,67.75349679638313
9527,53.091250535942876,4.710219711956559,11.533581337373487,-13.913243748078601,-18.258483084622213,-2.854530508045092,6.811308275106139,32.047512464690286
6183,71.81856604400333,12.777496474634106,8.53076712623077,-20.694972397838423,-5.659005386334939,-15.120663486766992,1.2767746869853283,78.39300948846795
2059,66.86735713129858,7.561030791257904,9.503001450107394,-14.843692881016146,-2.769118351258177,-12.15202683613029,-14.023384551871075,30.30094032520683
5856,56.91108277424767,2.5135977031630037,-2.1721273786482103,12.510091904652636,5.170423262851499,-6.822335130739143,12.466756352182697,79.24716657710621
1449,38.000524949732096,-8.985445125525153,0.40760014521594423,0.4937226761814318,-2.3213482156006062,-2.456304571934158,-13.712645567919585,54.83799008970878
7416,38.84659507902689,-4.132149316357231,0.3126161135721751,-18.645196557370156,-12.716058098298431,6.771900238428957,-0.15069882709291066,48.54918371649665
9007,44.61048051193049,13.47142547098088,-7.835467397344368,-19.057805120247547,8.437449549067612,-10.827916466863321,2.9927645592214667,71.93592551347318
10363,75.5528349369726,1.5270654582201315,-17.944593520009427,-3.015815739647718,17.10456553663572,-8.982204876693551,-13.12005968289129,33.379955248771566
4762,38.294678010000474,-23.65181337922429,2.0432183943759883,8.34461104286709,0.6590746726082319,-10.562826300150558,6.326935827113399,58.82714846464647
12781,85.65662135382252,-6.151105108359362,11.935618270717503,12.419952865554592,6.168884707033677,4.719710092005683,19.132466336959443,65.56775798499916
633,38.394613930003686,21.575360203040226,17.36785382187258,8.986248774905066,-25.24136824629099,-11.121391289278451,8.35616611746508,59.42436168802137
1441,42.09500308679123,-10.067709838019166,12.932528893150963,3.328525637995106,13.5091916534595,15.46475179713423,1.1216909025524757,68.7106201194086
5516,41.98688021842712,8.715615875542662,-12.558959608575858,10.444260409639012,4.3324606513063655,5.438669398497455,-0.9873317066988574,68.54432711674045
1874,49.61732372605632,-6.947445702233491,-2.856040045426677,-2.3169505300646955,-4.142407229380492,7.506335512613445,-22.019617151800833,33.88356148052364
1574,79.11141706126344,-3.1234253541667205,9.128670573264086,-10.40329437997709,-2.6118991764078556,2.8402388658176547,-2.135566681153462,35.88397948635675
8894,43.3956563352026,3.504700495480221,0.04657126024504299,-11.687020923415476,7.459065943414728,7.327144156970865,-1.744756955214162,39.486466892660516
3430,38.04321911493095,19.23523754616429,-1.3317726878188831,1.888624986551288,-11.634642569536934,19.934066855598715,0.34419905979232474,53.53061650524717
6634,78.76390126687066,7.29328496704303,-12.146210382623092,12.603378877933016,2.448097261250977,-14.103679730823156,2.293644040823379,74.40359288503944
12740,86.10873418163243,-10.543992157697772,-1.5211200901605135,2.5283143139541515,-8.92561379902968,-1.8305407559211893,-12.862451240639727,45.4613206090857
7941,52.44889543159987,7.704641878085182,-0.052887409539896055,-4.895021972046136,-8.391405915066782,13.201612333992747,-3.7431468766049427,32.33561842037851
12589,46.89384936699419,9.559364022814677,12.433991306046492,-12.203880402361962,4.304513805410204,-3.4147178052379346,-3.3679562917294086,74.1204579387348
2084,66.73821867072333,7.644331300802038,-6.978015808532279,12.79591453393821,-1.9891330774691278,-7.232863116149187,-9.669328851084996,79.71893446671712
6062,43.25729361036586,-4.204120557687301,13.082705312305338,-0.028844853340725368,-1.2347799524210104,16.291794051555847,11.096948749824877,70.33706440009624
7955,68.8773688974832,4.6510599396622565,-2.9220300805579758,1.381842424616845,11.668207122288344,-13.004064021852507,-4.70629948536118,79.29931140676413
1411,55.08657814342631,7.944975156994768,4.068588709903757,4.733301614519671,10.68933345241651,-6.183593426090702,13.743374765764393,78.71450515022192
868,77.99729013886947,-3.7461309025537797,-1.286887849981421,-0.15602720065115783,13.268735466247968,0.7265995911482183,20.624769011894053,75.00203210902754
4314,80.13869147143582,15.009834362050665,-4.089683474231652,-5.3002173663980825,18.817747638436828,14.523264438333651,-5.128379665538759,73.2006937957577
379,87.78725266619224,14.565131998824484,33.09537153757184,31.99970770907067,18.986917007634553,-6.810181097719383,8.525562595727093,58.25455146868895
11412,38.24521857085459,14.784940598558329,1.8320492093052092,5.17591484656845,-11.135679788206723,5.0191346781817705,-4.487225016545372,58.492963841100774
3516,87.24477460345494,5.073144742871816,-5.573016355527006,-9.612298335342604,-20.274136984499943,8.694165675355865,-15.668024891330735,48.901565411708816
3032,84.0943848174779,-4.469577793385601,-4.294726585894018,7.118707485629353,-1.2250258495597843,-8.372098618321589,-20.395709259692467,41.582588581542346
2292,39.24229742324521,-14.230009014124123,-17.17013985571064,-17.159588822433317,-1.2767406125294865,5.346783394821042,3.288433451056222,47.21722618377876
11946,79.95887830938304,2.9887062108778712,-10.51920797215967,5.446519343079426,-12.041612032847759,5.5498292519527475,8.84275003710123,36.63164551497502
5447,52.9094491566686,1.5539860947362518,11.279116872367629,7.3435119418563835,-11.515622824232818,-10.206639602303643,-7.5132255200308915,77.87314546970188
12258,41.803251994537874,-8.17860692917479,-14.859209251297605,-7.295416678024331,-5.061516314438263,7.05543751123329,5.0230281197867575,41.74489253182241
9227,65.46856966425422,2.1199865784809018,-6.876138270114143,3.8829354106371956,0.7739631806874896,17.8324088902538,10.087834739543444,30.12217525962682
7726,43.07024552217062,6.094830083803762,-7.414635795868283,1.8068115058550902,-8.108501818746113,-6.2724302695543,-22.902744602005775,39.9067933674305
12638,82.45439253078061,-0.6989038392954499,6.607115200125592,-1.8154273148780433,-8.033869785710602,-1.639516525331857,-13.834493478381207,39.29883407965168
11059,87.99943550174756,25.396850681953897,5.2031305602637,-0.32588081189250206,1.1709648523084935,-2.930180686345584,-6.486668733409074,55.16800176774056
9013,74.13297922129435,7.949894079671395,-15.050826270787645,2.35059512413038,-12.228358536565162,-3.6162287061435103,11.19325662179967,32.61570252033296
1199,81.80565394195983,-12.474698548513697,-2.1225770753714253,19.425142791379454,8.974608486310698,-3.864901497238819,4.207734308139975,71.47262516465577
3427,60.03593132929479,-10.033624002129999,12.644294157563005,-13.314840410066072,-15.669505277855162,9.670462058955305,-5.2269003255617985,30.17633594903154
720,64.16312324985752,-5.129762600457371,-8.172296470563719,-35.11828559772842,1.9998606098140574,-10.972006643768147,-11.229395414865358,30.02707177150343
8349,53.65824989618216,-11.394581921886564,4.302918327934657,-13.510953793638766,6.414352516397763,7.555488062208541,9.807686281392826,31.810957221182687
5600,57.10260234129579,-1.7800875997836816,11.907366841979375,-8.946625676747784,-5.934385571710669,-5.144631506696128,-5.032988083565462,30.705541766585736
8966,54.573587448559834,7.950662795099336,-4.618253875900949,4.929699832709441,-13.370496768245552,-0.6180016659475647,8.121559646535182,78.53711051749835
4238,44.7588920884007,0.34016153100084817,13.711112712614426,-5.25493985887165,13.763814885944797,3.1453699086326936,-12.87867829273682,72.09567144505853
5733,87.63261610292417,-11.622922802862519,1.620818137992316,3.332551822303586,-3.804101885268549,10.138424921758862,-6.584866664247418,50.729844976355
5013,44.87200396716766,10.482408403337544,-19.261067473445532,-10.815221991188391,10.224626370551908,11.722244183202692,7.073159224695096,37.78443263108605
5628,85.79651787359109,-20.78908130651568,-2.6576016998215297,-1.5557755882270532,-8.581389352948648,-0.8266609839676535,4.980041503517759,44.73750649992692
7135,81.82300994834166,-19.251574908398375,-4.1230262499400805,7.539493345953944,-28.654341433918784,7.146500993170324,10.126649379935941,38.54721006988083
6564,38.35495372759073,-0.9084197582645264,-12.894101546693618,-0.3450133799417477,-15.697086436915669,14.828274588948766,10.498443168828738,50.802179823907885
6152,38.47936084483551,-11.429868652895905,6.602000151056395,10.268663929884847,-10.849647472415949,20.702102661602197,10.458086570068868,50.127807944855405
11514,41.99416750039489,-3.3486617540393233,-4.286550548439916,-3.455539921011586,-7.946291256015132,-2.302859699538739,-1.5776827898956178,41.44437382491928
6770,85.67784890136193,-1.2567330359458637,-9.644979961462884,-2.702429948562328,-8.25305838631874,-2.450843977866272,9.308370360572322,44.477872401125445
3138,46.70129175913776,6.238894041184872,-1.3581490894804178,-2.8273363739540054,15.537620531507201,-18.506613752296907,6.193049042627522,73.95658486329353
4173,38.19975467093616,1.2296648775550039,-14.797456738989448,-21.992687540388523,17.142677355860812,-10.967198626861286,12.851881179250139,58.15401832877477
138,39.09091536708574,11.360496331120416,-7.954786634915951,-11.78777206459509,-17.002002073697664,7.408799152357024,-6.1544826095699285,47.69550330165429
3401,45.95994607717216,4.814216625715589,12.495799737146566,-1.3837296610948502,5.7978665092525485,2.569459459512302,20.621766905562357,73.29307416229213
11123,48.14936229318298,19.45263928691456,8.1653173369013,-5.910401910232899,-5.563663652468937,-3.8124709284801908,8.225743354054618,75.11115510608141
783,81.04838090439367,-1.1338715556436267,0.06346077429336212,-14.112244608518123,-10.926988956957963,-6.44544320826118,10.58373136146644,37.700984226554446
5642,38.066670746985814,11.849321562555948,-25.67601766712989,-12.87525173075302,3.6457057754563884,-27.519940300496494,-15.980255219271328,53.17541994947137
3812,86.74105099612115,22.122596134095506,0.6317050639090338,0.2644724207988903,1.2017939782681373,-12.597215149960645,-1.5139959481147625,62.83342183209708
12305,80.9968688861182,-15.640156061449863,5.605218265369741,-17.933615570690446,11.205556692244665,1.7232302885243034,3.144674942469772,37.64740047439949
8914,67.61214177616617,30.829264047612103,-11.369489250714304,2.007553564078128,1.4055791511915505,1.449343872794112,-2.604866200446893,79.57088008673159
10346,60.22718732918675,-7.444360170985592,1.0036733627224617,-10.845153974705426,-1.4619296722479849,3.0268249467891506,-3.4006069131601864,30.154245636475885
4382,73.47318388334172,-7.688973944908094,-6.892151829168897,-5.003204932115154,9.131549916477033,-1.149275235638039,-2.581410752356047,32.299506187183695
10486,45.42299743672293,-3.1608886312685525,-8.633347156650098,-1.532573914219395,8.634082991973655,5.26351305828268,-6.822368228715373,37.22223352356795
9485,79.18247270625818,-6.808823865148548,4.838558282038308,17.487339515831433,-4.785056423914249,27.7906984935299,-12.46980918238177,35.94409337997247
5703,87.99899380846131,7.724001455723241,-6.034117749959735,-10.106724490510588,4.979541342549135,3.9440498863683033,-0.6666902537115187,54.77570429225414
7015,46.65466751423026,-6.129683656327682,-13.079027946799961,-12.22623548507893,-2.4846034812856317,9.5643898764611,5.906206839327938,36.08360219466612
6218,38.63596637264196,9.023427465742937,1.9469241866979148,-22.412487086606454,-5.602115680188876,12.58101131082615,-0.19615930049512023,49.39697711900383
11430,74.21114000546198,11.091940801662654,12.739398378436118,-6.692682415061314,23.76522032239493,7.126489016702875,-8.45805917983127,77.34525318222933
1148,39.10190783825635,14.330467990289446,15.094229816348596,5.145711986085234,15.476835124412611,1.1571057471282564,-4.631743706650538,62.34038085039236
151,64.80531236963918,-3.1519108657549366,-7.87984298108801,-4.141988800574477,3.501016912214918,3.2741905089286027,-18.608547435284212,30.06526825393889
1090,79.05344608075438,-2.359139130279673,-13.055783770061591,6.311483455940588,5.791860288817636,-12.249229578681613,-14.350949851043486,35.83527018368608
2219,87.84233588340712,7.105813319859631,-4.85545707916882,-13.118582299306762,17.215862437645594,6.744972322538415,4.139261849466596,57.803274488162586
4509,70.41856334995194,-13.08175896599641,-28.153003143425103,6.55511154182302,12.496080120909845,-14.417664022169642,4.083752852067896,31.12606195403134
3800,87.93269554102312,5.643945531160593,9.113794315063451,20.419761301144277,-11.724161331765028,-7.129939121458776,-7.32961124050137,56.833219315479134
7480,45.02564821407943,0.8831918811598785,-20.204536807214353,12.722095023288604,-1.743951503065926,-7.122065494930877,2.664259938850698,72.37592236043814
6671,43.561313333640015,-2.7459657708463725,-15.932919528727476,2.175797257908286,-11.30689646980797,-3.168093707176039,5.766961737896765,39.27939375573962
12243,57.181992153077466,0.5561197056028806,-8.810867785145728,-0.3207371428332553,-8.138699595036812,-10.407748491716882,-19.023833003054158,30.68640740875286
11528,58.23860671946376,-7.69290359199232,3.9144039315078265,-9.108025130975639,-3.3232627135131314,-16.484063253193117,1.0655625344851662,79.54239462701356
8616,38.098657567718455,16.475466508859526,-3.246492232178835,-11.35031223373117,10.22421121566914,7.005786372483396,8.781891254314617,57.21881614160673
5450,38.106342504416226,0.6372115655252498,14.303242937291465,-16.719398956717207,17.899579697109672,-1.220508036965088,-11.828398266303557,57.303435801702705
1565,41.85363109894578,6.103382238767431,20.58960005371332,-9.906807083229124,-9.164904645681064,8.204967511796589,-7.180015528183454,41.664667896879095
6528,41.992085669055946,4.213515278212818,-9.165266826891965,17.269484493816368,-1.0546293367670136,-15.334965771782056,-13.569035560864222,68.55239962013059
6266,70.29907211690269,3.90611063992764,-3.2361571253027304,-2.9278524425083203,-6.443023224765312,17.341293946996426,3.7211663785443134,31.089258768656844
3447,64.37237221269889,12.276354156786,-8.179759723567399,-4.3609168581754965,-10.773714098546204,-19.175610390071732,-6.70680557099983,79.9623034696282
10727,39.482440463509974,-4.767252838227047,7.058770187017189,-6.089705953227128,2.6412232256409656,-6.340010284059005,3.9457201922728764,63.48082504522095
10770,71.06554283089272,8.562289027551932,13.175056442683779,-0.8844549719332528,15.032440944356278,1.6469669170319334,23.80245333760703,78.66319967466436
80,85.06253656198767,3.978238756187598,-3.5886721269750437,-7.4233811988601985,-0.7258035395124857,1.1800815854643578,0.20592626947454995,43.24225870113833
11341,71.34926516788775,19.09308196720311,7.181957936819262,-9.95638089754615,4.8121796808868,-14.008735584496097,-28.39496483302714,78.56458722652057
11353,78.0161610428775,16.73699914286356,11.20158704699124,-0.1011351576481504,-8.616416373909825,-13.950697508896326,-1.4764054520823442,74.98786900933584
2668,80.78346147695827,5.762895046341059,-5.06684711411029,3.1543998252692775,4.39559256590308,-0.3327128641925968,2.017605699466784,72.57124064764754
8076,48.66709034337663,1.8675577512956765,-0.4274472005213104,10.834617278092901,-18.466221216276583,-3.7303081334781893,15.491673350899102,75.48335179542335
3681,80.85227999743755,-11.325254608993522,-5.104030291424451,3.323636363043409,18.6849165371005,9.076896029691698,5.926099527776271,72.50131706166971
4561,40.91197148763245,-5.653898294838599,-6.482504012343303,20.319731104083782,-10.22917485056998,5.534819334992534,4.21726923382513,43.29021791676557
2285,46.98995258771541,8.063704723422482,8.485848139922137,8.958168246339998,-0.8397736758387452,-24.468416806479752,-16.370360072394213,74.20099950149469
1696,87.81991915084772,23.888065417053326,11.554283597836857,0.082599781933214,-6.4719201363185475,0.25939414687145285,4.1037543096930165,57.995265154436645
4408,42.34816503766213,-8.676068442150026,-1.2902287293563683,-4.189938639662317,4.676162469619756,12.584760047752095,27.865158014522358,69.08906358450976
4597,87.3194304234465,5.304167304567711,14.610913170261341,-4.26211786923556,11.100887683985341,7.953712496465464,6.163192203702003,60.79355710070631
2439,39.972482808674584,-0.7860758524734845,11.750819766713072,5.172433610813506,7.816146814634235,6.71411481119695,-0.8368302665526017,64.73311111634982
5280,53.88576306868419,12.314173884018588,-8.037860858370617,16.061622321078634,1.3179675147768166,-9.858245520530378,4.374177372086522,78.27940474238633
11090,53.14807315257987,13.526691281039515,-5.099574078155675,8.847744356587757,-9.389433698554987,-10.117234229398317,10.6155371166912,77.97693489987475
3984,79.60312508785502,-0.0849762173935291,1.721313499320428,1.6120229147504221,-19.658580122489337,8.292390363251254,9.80514192951459,36.30946128874186
7984,86.2847909555646,17.783819689504643,10.918554780769977,0.6449868976492039,-23.21365655744529,12.402056983275141,-7.2431336603718,45.89953242104248
444,46.01270824726706,11.064196532484976,-19.447825017706457,7.6084487288579385,-1.4011103735599804,9.944837807368769,9.795144526307842,36.657919449867975
11426,58.833777797332125,9.33167376112021,-5.23480108244833,-2.2601506877992876,2.6925777818657948,10.761897135410656,10.61870242743515,79.65040755358818
197,65.82446405783391,11.33326324515254,-0.5435749441447029,13.49636370672407,3.1282159732086123,20.38626708705148,-14.149777054534828,30.1600643562427
4821,39.08613121236266,21.2068100221446,4.015412834887241,-3.5356937069145262,6.285947003277466,12.01005875088675,-4.65138993586084,62.28881880743818
7284,44.76475038052408,12.614242013649356,0.6950291424933221,-33.43964248513549,-3.5579583614583816,25.73064001379544,-8.955978574151613,37.89807989390071
10271,79.24827073081735,2.868133543288986,2.0766063799604457,10.135392495449784,9.897638743756186,-10.988023065175117,-5.20682404883426,73.99983416396216
848,57.28072705604964,2.0219513385859513,0.833438743976203,-11.785865756170615,-10.149339928152388,9.449551342228,8.306020075264957,30.662992850545542
9310,85.24172020319602,1.8648043496661129,34.85676321732257,2.0298811821918363,4.123262525942527,-1.201617085305458,-7.831061963004345,66.41516020048522
814,79.1394555077936,5.359764135597738,15.272271366946065,-4.434870257439992,26.91787923868676,0.4056160638589015,-4.850382027213173,74.09235385990819
917,69.80893221309003,0.6731645071081072,-5.781000966554938,2.636820118946393,1.333958789626359,-0.402502485625117,2.3016363632121757,79.05490474139411
8272,42.705089556960516,8.29393681334876,8.93469699985531,-2.3504590900281292,2.2914126213401422,-11.502147300188836,15.934843946344035,69.59851396920271
9857,41.801983172715374,-5.570796249721479,9.152244838899856,-2.7954726504134335,8.50904922244742,4.942750158795026,-8.369000376031897,41.746921769258364
2691,67.48841721833259,-6.390579401954346,-9.920213301383386,6.2652921424638315,0.8298456652371595,13.693193813894242,-4.422554578372054,30.4062180445102
3189,43.95538437089577,-17.096479258953767,-15.295493881359008,5.953514739148003,-7.478642969550034,16.64836816424782,9.709617002441265,38.804240816198856
6249,68.68630886382444,6.957551095663018,3.120911537537344,2.834703292670542,-4.024447633508916,2.23662926541361,3.7652168697394766,79.34473026149996
9950,82.66660801198996,3.205388004347349,-6.717850695648399,0.9917716472381316,-14.231125727027596,-10.556073546322061,-14.220672937317836,39.56547605843536
10513,40.825971478427476,7.533949860930463,-7.258465357204246,-9.359238532886014,1.8838911800801958,11.98206750459242,-2.4584876911886355,43.45389853134452
1301,60.776630023947895,-0.2590688919622699,-16.375049640605358,-8.087295210137896,12.260658013911803,-6.281740461746067,4.298927955622044,30.099063753553562
6019,38.05122024485538,-2.2483072701043834,11.243174491438408,-6.444894278120955,3.5869872621238335,16.295805871700125,-2.5584521850073534,53.40050360135264
9576,83.70861395235899,8.405336239084019,2.3530870655030727,5.443086268946167,-0.2280156545958109,-18.242103490619012,-11.388970142650622,69.0054742216093
2683,63.76530367433939,0.1980741219158929,11.782028026923841,-12.304223098032413,2.563131726266266,-1.2772091944562725,22.143926299058904,79.98828346017474
5059,38.032937235990715,-3.123719717689686,-1.1397333136155203,-1.6988178612162543,3.016302028556865,-22.82080530526965,-18.39461389954814,56.28287838005833
10539,85.8751789494931,7.871963809027748,-11.661436112244193,-5.405091975743367,-10.673706552905312,0.08537442808525046,6.818762879439605,44.91405988374571
263,54.10536869813494,-6.6952532130223315,-0.295317021130773,-8.05713958198034,-14.988677347550682,1.62771778615628,8.444862950743017,31.635806583494432
9026,79.00920707981201,8.76913621983627,22.65785455638532,-12.908664345659668,13.322727692801761,11.243280278884079,9.358072653442237,74.20170015065585
6406,87.69382591784534,-13.034875583030331,-8.723400425611134,-1.7704429913423727,6.546280859656442,2.4072141075012152,-9.050413561572302,51.0993639571027
4403,39.104499784170926,-4.857215058024618,5.458987920705959,3.9280844797730308,-5.5341780567633005,9.356306402468041,-7.529832728348348,47.651185848362154
2206,87.82302954672429,-18.612528378983907,-1.1924459606926605,-3.472953680478876,2.2792456557579657,-3.8251921066498076,5.751595869907247,52.0306222667951
5483,84.16006564430104,-5.702839106195081,2.0546139882060754,-0.6221538777377942,11.392566781753551,10.391130984863766,0.8954992895163842,41.68641213162768
3103,86.32787197579218,1.2361402631909595,-8.060401067163559,-12.855640373172266,6.28270725900814,7.457189236311807,-8.608901248392591,46.01054011182819
6670,79.95204419991228,-11.777586880719976,13.372481662442208,11.441591058910486,8.002051052525633,-4.521230864734449,3.6296228541074775,73.37466183210512
8493,82.37389784008519,14.034557662226014,1.7804873660184963,-12.52784237807849,-8.433335589583384,14.540989481721102,1.1809525157773917,39.19961764760288
3115,81.1124932808317,2.5867875912079135,-9.611927288161803,-13.718543187640702,21.005807601954352,2.051575195547208,24.161684595539874,72.23187706408754
3525,63.05020790685776,6.7625281041591565,3.9114126677908008,3.874138508728398,-1.966776931424303,-9.300256989147844,9.092940462976976,79.99994958327095
10056,87.9952188090597,3.247620050139672,19.23070376654065,-3.125390475634866,-12.774946570104982,-5.203962844709489,5.188350802229974,55.48891378302169
9112,71.76204576708125,5.122411207108028,12.422720961275662,-6.415304973299759,12.707530117354757,-2.653571499139253,-5.728254860769519,78.41423827451095
7321,38.23678673179552,17.67444587775033,-9.330913418159847,-7.926840822665247,7.708421980038869,5.177170443795591,-18.74211724764998,51.56732340098552
12386,87.89680499106616,-12.809690578284565,-7.38387549283666,-23.254197466002232,-5.260137031442142,-3.376908590592138,-0.287254912941548,52.73083688624571
12154,81.44566819773846,10.637273647442832,2.135141259522756,-12.174952894937224,-12.409314309588478,-2.583161364878145,-5.611762990035453,38.12524593545316
12418,47.57032512930487,-7.6939732695788585,-3.4895333184672577,-1.073647849579227,-14.618208265256051,-1.121649116164389,5.572035764428383,35.32958736109892
835,81.72905070227232,7.064937688849443,-10.732229564518587,20.939759960809695,8.23392313373619,7.948704774346602,-12.155437307885053,71.55966967640698
11927,57.658945694300535,-1.6021668054437028,-19.026915657243542,11.303976424359819,-3.99393105387493,10.500380358084636,-8.246354797655117,30.577200428624707
3834,39.82587708536225,17.04804856713984,12.137603866320605,-0.5919573045575248,4.610688602922528,-11.57771919677404,-13.772109203972594,64.37870071690432
1282,53.90892983506546,-17.61162707396279,1.5871452332382785,14.989629422981603,-12.554110043048546,-8.050779869892681,-3.533224007515128,31.71153840941319
8053,39.95194144908816,-29.641032263419298,7.862916866328086,-10.479391430142734,-5.2221743429066345,-8.912666315684056,8.873452087338585,45.315631304326565
3547,87.29789413963394,6.071320400029595,-5.715505757091814,0.2376410651396796,-12.214785541522872,23.13881448356703,-8.94171802451815,49.116774661876136
8296,41.53262108084823,-1.6779095223491982,9.434209981462583,10.133341250410213,-10.378380896050349,-17.212193154777257,7.627628318695243,67.81216774560644
12360,87.62325645057706,-19.908012448137445,7.393187968334054,-11.843272234416853,-6.700593431252858,2.441872976016797,-5.094936218225059,50.67620054013658
2068,55.700278636177075,-16.061911499471524,0.08069408445615324,-16.43356298307812,-10.888216516977957,0.2914173040657659,-7.019152242408121,31.089456969559492
5221,60.49150382034615,-10.100703428525842,11.44899146494944,-9.032157633160393,-29.368809295542896,-3.924483201685427,-2.3268875131542184,30.126169436199376
11105,61.106960921738526,4.161569440903402,-3.93358392278776,-6.1788820797747315,-6.676320563959867,-1.4071674604780133,-7.010910568459096,30.071774971968523
5930,39.36688529584616,4.448620432271929,3.550798026237541,-8.698028366457752,-0.22289921606152063,27.434060378480062,12.219055236664634,46.84672523581429
7910,59.80115832615917,-7.908736853810153,13.483269945567525,-28.77120640283337,-0.9717032629835463,-8.518349353068338,-2.520332999155702,30.20549633596794
4004,85.67615507477439,13.620943431427834,-29.06695762479587,-4.566417039674555,-3.7400027371352804,-16.07970194979309,16.692968961441867,65.52577745464836
7275,38.57562166177802,-3.9211847326033498,5.047403217586721,15.88317134233834,-20.705940830488107,5.345925543003464,-2.4554878176159245,49.666169969769086
9299,43.878095027312526,-15.859539753807248,3.276110065390724,25.62902413164653,-0.6452828903604777,-18.455321903056277,10.038892117790365,71.10443262631472
2444,62.10985772552616,-10.669718974117998,-9.593743815600416,-1.9137316014568277,3.3229139194991997,1.6518083335698133,3.565948286821836,30.015852091151984
10842,66.41109340383453,-2.4536634468606002,4.504464508220031,-2.4761993538375364,-6.767803201280312,-9.428883951946274,-0.11084592774801268,79.76619554534601
10514,62.42591123723856,-2.117138627212565,8.26171547710376,4.188022191916409,1.977594949564336,5.234690177428214,-19.53606196334106,30.006592427352548
7216,57.07196857045191,-6.156618556516009,9.620644695854189,9.726905115952912,1.1126577825537878,-12.190533382066015,-4.366443957459655,79.28700153107192
5784,38.03440824119515,-7.024869936121113,7.787570054468896,-16.013570462775956,-7.3391879557649995,-16.724041434058783,-12.161960199207861,53.68880659981243
9768,87.99738207482622,7.181180055158578,-6.708706317303949,-2.6484389869138303,14.407968105687361,-0.6349004271955281,-9.771210241805164,55.361786408198036
3015,38.00669236863524,-5.696920572039553,-10.62689847701117,11.204383956163472,5.765168178601901,-13.81615120602161,-7.35123857819262,55.57842341235826
4678,58.774307747957195,5.3544200968255105,8.396485892378907,-20.15490805001643,3.362178185064271,14.215714835139243,-11.584859222659517,30.359717432808825
3555,45.466622550466475,9.271792241322528,15.79932906929681,3.1388519394690757,-2.8983732212926503,-18.297267880235495,-7.4693205677628205,72.8207933384625
2753,83.84631320032929,17.753458483270407,0.24703277758455616,-0.8666290181981396,16.454709868528422,2.0226147935529877,14.47997214424809,68.79968209611282
5189,54.75405569639875,2.3886671276263534,6.9469663622818265,12.933912165419724,5.871848644536241,5.336186175642377,5.224122382067044,78.6009407130713
5179,60.11483744822489,10.010665115427898,6.5926053064409365,-7.9674721170526785,-9.544117046614105,-4.770851291194177,10.937420615981303,79.83295868497821
12248,41.850982245299825,-17.08687551189174,-0.3979357867476575,-9.188770574423552,-20.174719330976778,-6.586400065648618,-2.4053579755075676,41.668869214827396
5394,41.12767069945939,-1.4760142558304377,5.350202815224174,3.1868081302489646,-1.5278222625991154,-2.316195663425265,20.067323051473615,67.10789870162088
9092,75.82654318767707,2.478668041623761,3.0989361946311873,4.0428804671002805,-10.03533129317389,12.383909305331184,-3.2680809152851586,33.5412071668825
11320,85.67034624604469,-19.268320314307243,-13.933467900078584,2.2644139202737263,13.613233559522106,-3.948940712532674,-2.3435812330811485,44.46171735601823
11908,82.48841078745339,1.8603120236579902,4.497635567406728,-6.092352740033658,-3.261270443549624,-4.47053324383299,-17.423500719419238,39.34107778359346
9618,85.69977897022422,-8.81178761160416,2.92245348416349,21.009904726493794,4.974653842116145,-1.732847122223018,-16.92769830148203,65.4747331566473
12123,74.20798299636691,10.440174898820151,-0.07778300946702119,5.653339024222733,14.046242581721337,-3.397473129510141,8.962025295609754,77.34683684894017
1959,86.38061320451874,3.2821650986506237,-11.977716847797684,-3.6613762909456975,12.24303019318775,-0.06838384180727726,5.958581792095947,63.8513799026301
3351,55.800251649695014,0.24038593017081245,3.727310516781179,6.34995914845231,4.836758754804493,-12.12628048302978,-2.5824476709006867,78.9408359021209
6815,73.98549921116037,3.6470773909028225,-5.865861737008766,15.236852956050036,-9.790960083314781,6.193300884465289,-11.128034288165779,32.54295640380073
10001,39.844278861792745,8.72796125059555,-12.413577247762337,2.5980138997165643,-2.184958034184478,-22.20973280270666,-0.4865958698752043,64.42404258105734
7798,44.94316748428612,8.543366837179649,-31.268138959612074,-10.361487715847353,-21.22164704039353,17.021832830938877,-1.2650322382262633,37.70980626194553
7334,42.04233147375494,-3.5595483575011864,19.40016678067043,9.265207573559772,9.981446801621564,11.685958954736346,1.1993119444169769,68.62997175140276
477,49.31848835040781,-11.634383232822117,3.0293483678882573,7.373153799132655,5.365312477679054,17.604113212142156,-0.43668074477352625,34.07594114465185
12712,38.84741067803968,-14.330029119750375,-0.32492351842577316,2.686254072304981,-4.269778055514032,-19.935936448905498,-20.242185038553412,48.54613069200125
5536,52.60455114206536,-2.2335438019097955,9.66461192805281,6.26833223107711,1.9417195604140267,-10.689122615220812,-8.234078545816486,77.73619675851846
3054,80.03471443543862,8.402343208693486,-7.799724915725906,3.880642135353672,6.994588111875744,8.36149119249481,10.106124175879438,73.29804645592144
10652,49.22565983718244,1.1053954227627647,-15.717738160419263,3.131649819079466,-7.152665725525286,-21.274832854192688,-0.25472176054492723,75.86306672277571
11336,87.32311478768808,-2.2180709004924455,6.757169356960291,8.326273418061263,10.666456252529827,3.6206916822641566,-10.559520192422266,60.77806948945314
1911,71.65981798501379,7.0214923112865755,-7.199841935369719,-6.604169953529233,4.7395886657644954,-3.4021216503885032,-9.886995655109462,31.547760182310267
3566,84.26270636069712,10.068892256010038,5.240530629184232,-20.939223099974285,5.312648293464236,-4.1688441296615135,-0.6639990159122849,68.14904248296317
11565,85.61019447352128,13.831432980663836,-7.725293711612899,8.211422737392473,-2.550489431440641,-11.7119978478216,16.174243756134775,65.66672892078672
8520,73.29405503418741,-12.766314674778318,1.6456608331422495,-0.045673480767027416,22.537872661385872,1.2403672582993088,-18.835663694295867,32.21771673090862
6158,53.26548185094927,3.7047427731576543,11.408909085896097,7.684158874541121,12.960333506829421,7.911409169732202,3.197532890381324,78.02692242584322
172,54.43477262647184,-3.6679751980180213,2.3032742498864773,1.9530051564229725,0.8460684032952505,-18.75265816236143,22.302081462211273,78.48695127171179
11982,79.66781944445259,-18.107691275833936,-11.439347930754927,-4.966154970435172,17.07898798768789,4.338711547454637,0.010769242903131554,36.36713132748668
7281,59.56316209013726,13.741389785979035,3.0396088941861525,-4.895034074661721,-3.097651131829044,-18.152871457100737,-9.725655913891764,79.76263607093014
1362,82.33705004308527,-7.98724926746082,14.158335846226493,-6.80695735191343,2.9179598305878125,10.35313927891169,17.978587667114525,70.84545662425718
4978,59.593058111175665,-10.902994371866654,7.22586331925597,11.397286538432343,1.417934226373948,-0.9524303056316792,6.468396279851404,79.76676698655224
9128,87.32626018128315,0.5489907300770516,-8.584416488122294,6.153732802772053,0.9390857255961589,3.7516655086390838,5.8582741937292,60.764812710966254
1919,54.10618688694373,11.474037040012973,-20.49394592610379,16.454207118373926,-9.182649561348452,-2.8482847960738775,-16.873975496239325,31.63549511951883
10349,63.57406580234663,2.027941166149912,-15.0031694078607,33.41622371186632,-2.7384000430899267,0.7394490537789424,10.707927874434835,79.99340810002862
6095,83.98034530288602,9.236153313662259,9.743738076042026,-5.520235980063033,3.472444443266269,-1.7982882844189678,5.412753891270722,68.59503994005418
8702,79.04653655875101,-24.241972574678844,-19.640837512061,1.9680186739409478,8.634006935603175,-15.88677781187499,-19.795714773973515,35.829484501749384
4566,86.47334788707732,-9.785324970834804,1.9596962434090544,10.125979520019012,10.146855200650005,10.34416632926723,-2.825126417909736,46.397562033223224
6999,86.17163176331901,7.343392515117152,0.7397264652154236,5.533762686115493,8.372032926885156,-3.2718975691435093,11.73104162318684,64.3848538307821
1886,70.83703045240128,18.81317405594546,-10.93325171203482,3.6043239405170198,0.2516035059052134,0.6717057757207835,6.311714540952117,78.73986001829276
11593,52.96711272417687,7.294361835198059,9.619588182736274,6.4410758583099215,3.5700729988758653,-6.238783905016647,-9.455356768744373,77.89849717581104
1294,70.35507443729873,-4.685465581582716,17.232993207360046,3.43610502604896,13.977361298226684,-7.588607892951098,12.539544958565724,78.8935740319818
8089,38.00476162726142,1.906810185742842,-9.172597975636107,-16.31017872321198,-11.062680083050129,-5.311720375814886,4.201782219544029,54.51208741563981
3180,39.30115812217987,-17.462970808024654,-15.883821870542805,-5.744117013943585,-1.3271406627932798,-6.55432402770723,-11.086713027236828,47.03979311512076
7552,83.77056146585096,8.653663509702167,11.956806902408436,-5.798901815687133,-11.805680185700655,-2.2959239487095067,-11.067121009495143,41.086561302348464
11625,75.1802296358539,2.7965325686896794,6.995500247821416,-3.831147248618448,5.452300147744431,-4.640334800178862,-9.309620881014194,76.83213242030806
12442,78.71827078838328,-5.862168816665992,-8.338957514766149,-8.153374472268283,-6.323871256065729,2.265554401028736,16.97054882681879,35.55942481758688
11658,87.9977089932691,6.804321588415254,17.77732436880573,3.0157443820107193,-0.9958909940678309,-13.82297573348027,2.871918318552909,55.33844510313064
3399,86.82082301314497,21.609646245264464,0.6798017081147723,-7.561337824185364,7.805602120984421,-1.3621014922577503,-7.044777674581246,62.587383671360165
3973,87.45784065635806,-10.302252688917866,-15.044984490522852,3.9916822691665543,-10.68436772759837,11.586595552796162,-1.46595149553003,49.82177342826727
10600,51.35617164259086,3.1977660282061597,10.006371001913141,-3.635572954918272,-13.182331892272742,-11.286975447553525,14.73538256425452,77.12286738158494
859,42.64273065536503,0.29753001539207513,-0.4424326031411813,-10.879484704481895,-5.594299373015525,-3.111309172108632,2.8479184172988004,40.488570544912356
12008,81.55475999597144,-5.257756573340316,-8.742995069595205,-3.540963856312694,-13.865295131258007,-6.098758267452853,-5.786903368146152,38.245272861311705
8223,38.647924313107076,8.921921655431627,-11.348644869011647,3.9355113168026303,-12.266803750716944,-6.058496813420341,-8.540222711180744,49.345231239048005
7059,80.37658978695362,0.2336336010558387,-3.8264030310048884,-19.8394224214397,0.6111614251146027,-5.334627268373202,3.5756160689878707,37.02629344358991
6508,72.86361638355305,-7.084665245051751,14.078206432688953,5.099174778947698,-4.896760990143322,6.560725409769612,-3.6964727772775907,32.02808079767596
11687,87.54274066839072,8.815888028301911,6.131573245277008,7.265657327655734,-6.846210184644942,-11.757807204001573,2.97603423091442,59.75960927851439
11178,39.044668827177546,10.883353891728639,-8.521544609086408,7.5410292583559135,6.792519517765534,-7.009298081979662,4.40552646278268,62.15137108535145
4012,73.19614963424836,27.580250368163615,8.50999507941945,7.2224324400206195,0.743819880714278,-0.7438322233876328,-12.016601802642299,77.82626847813758
7359,54.037017598718194,8.757174939785463,1.7810636281178076,-25.230127602502137,13.471140785810897,24.369595347613018,-10.869204094330431,31.661942101487693
4425,40.16277118890835,4.6724486484099845,-8.811838802312376,-4.540336717438836,-18.714286376159002,9.634578938283173,-1.3611260614367746,44.82842292317236
3688,39.10068361379652,-13.56854905639834,-27.822519068066182,5.285583868943666,7.574770286770502,12.780836236506614,-2.419360840519915,47.66360604437399
9259,55.059845498767636,-21.174294052633034,9.097467674220418,-16.854987358647932,-8.76453019235491,-12.086231651059485,6.595439105708878,31.294432162537017
10907,38.44370863241536,6.184054293459957,-6.170986555576964,2.369001688715067,12.481344446840462,-11.394504733327405,7.855765899463689,59.68919548220033
10714,75.14646993271718,-0.45132771884450473,-9.388632419531424,-0.5875297032268341,-8.39002169885285,3.568802139733708,-7.25130879731701,33.149067109764
9603,83.74682955842198,6.085113890503838,-1.3694221669411366,16.398755902504547,-1.800793243767198,3.7491510876695178,6.841648171193764,68.94880149954784
9372,71.10394082919821,-2.47571325575597,7.183033918773864,6.865673705830991,3.672923526622443,8.262808464929508,-7.258931166343371,31.34992298031877
10511,44.09245863020007,-7.153435029582336,7.155761502151074,12.537949940829947,-3.778809319566422,-4.6458776376254125,3.1326126441728923,71.35557639917664
7491,70.67237607957458,8.390951330353184,4.4035672198841675,-10.087804539133078,0.2793584616099474,-7.7775006756610825,0.8960193179803816,78.79358412037942
12023,85.34037348272201,-0.12816094832418137,-4.441003578013987,-2.473963992175697,3.4953740198116394,-34.15029349276316,4.809296048802752,66.22086060213257
8073,66.04009883152759,-3.5551149833623326,0.35861950222246264,-0.9154650983709705,0.36566156691818597,12.464339507522375,-2.570115297235271,30.185532464013164
8897,53.12344551779715,-4.652406134547715,0.13962378852671398,17.717656728223364,-7.573925984878271,25.43313089909052,-6.771999474283453,32.03364043736842
8432,38.16433446365674,-5.774519842221187,-7.640618507694792,-12.709228199355573,-10.928883250013977,3.912172226988941,1.0976303715275249,52.138231776175466
7392,42.29452055598555,4.155046133104344,7.453444129669306,-9.461311090488016,0.8309880864898296,-11.882596120435451,13.824909000839089,69.01010781519882
12643,87.9895045928138,-19.293112945720953,-13.09221554902644,3.0679966159491725,2.1060267751305592,-7.681501957517419,-5.965391062847441,54.275665680960884
9910,82.58013946179493,-14.037179097409433,9.764874375242524,-2.4550214877895122,5.468844650684028,-4.29910364092853,6.2646798017682634,70.54407085215006
9942,83.17206666968994,-1.0770080849335941,27.99050043941827,-8.388934739359875,8.608378450354623,-13.364012932321982,5.216025301044906,69.76779354790634
12368,61.696704385543676,-21.56537521938405,5.25832762254523,3.5756460099887404,10.849318171315204,4.706898821758462,-20.62463587685177,30.03399470196846
11855,38.00225285056844,-11.393233122926514,-18.619062876426305,-11.585367480761427,-8.073870388580065,-8.618474110337694,-13.022055508924513,54.6643849629617
5442,59.089533409782696,6.056485883156712,-9.276719376231238,-14.921734449831327,-9.30759541347713,10.367852177141618,-15.654047333178964,30.307728920838525
7032,66.90190747136869,15.635848384534128,-7.490930161614736,-8.111914854676884,-0.30938344462548306,-11.893618308362752,-1.6565615724941485,79.69362504949157
7270,48.51865914739619,10.532144380217495,8.828021591602361,5.9823978613567705,18.67378261215382,1.7963742265061797,6.2195035467217465,75.37868413589817
8757,85.39326267517222,-4.047168363568358,1.6489005732257698,-5.594904117354541,-3.1056409781318397,1.1074289409783347,11.724410421860478,43.88506469831072
2702,86.01761002047209,14.086766350194328,-19.25472664722379,-0.3072170598314677,1.6916838295803784,-3.0110438360291933,7.301717860923496,64.75651725491545
149,87.84930688156737,5.76583756184883,11.862624816691207,4.386104163612318,17.065357777940868,3.439694623962887,11.884309496420196,57.740793225635315
6783,87.05992229615121,-1.017840268999291,-0.004529595122138425,-11.481663729566783,-11.582782005957878,21.516859344373024,5.333501768216156,48.20881901999618
8529,40.035759599562354,-4.583728138115127,12.281221239670453,-1.8959067718162386,-8.392099186451302,0.08588814905892164,0.35508051466233487,45.118519198474985
7204,81.17513519011268,-7.660578726364973,4.237527384016516,-2.164794020429309,2.176881613514563,-1.7171614989205888,-7.934692408890266,37.83420666496513
5103,77.55747046960384,-21.91979182244957,14.173704859328552,6.719434353249932,-0.09441384492421408,13.419841973024438,-6.496141640273422,34.67562907427116
1293,41.02361132501704,6.2150531418125565,-8.957579573284955,6.954701956467798,-8.809537536107943,12.65784422086709,11.49708112543387,43.082016076278634
12499,38.37277711419898,-2.2223862087855712,-3.8014595555406228,-5.337822792171156,1.3126557709822062,3.28815441204372,-5.306178500836417,50.69884981277349
2769,66.91875265376372,2.4054845271814234,2.5572127212371414,-6.0574039945828755,2.9189956450760883,-5.090425855455326,-5.031100674790457,79.6909574062777
9159,38.002896295802316,-3.600163758839731,-10.64044790694168,12.47898798336016,-7.272571430510448,-2.888342359303739,6.592843971672703,55.3805343632136
3501,74.53200492565672,3.941202815862171,3.9223979987060127,-9.932337166024986,0.2992522856817238,-6.848392391121299,-13.725034620409279,32.81863704830947
4227,87.50806531609575,12.446971430451292,2.406147755478912,9.920662326561295,-7.954163185982292,2.2587301490141813,-12.14421238866684,59.93505161695239
3308,39.213928105615956,8.543149000214402,12.848644973481164,-1.3405912615729545,-2.5382093133649137,-3.0594618072987823,-1.0958426356630997,62.69563407622747
5340,42.077406572388156,8.69961546752105,-4.416537697423108,14.087503758132229,-13.608801845112206,14.537512826777645,-3.1982787602356755,41.31624743490099
2928,83.8020480291892,-17.17618813349192,-0.23037074309646433,12.583014569053494,-14.266799196312919,6.75534092529305,-5.95035932777367,41.13368117374672
6855,61.1179542818335,-7.486342345404631,6.133078615332276,-13.393701052401303,-16.254268379845975,-12.53224509700042,1.5724915282890626,30.070942578694815
1868,76.48359391876801,-3.815665909613892,-5.519742040162445,-5.620317908105882,5.96175316254429,-4.347461999699381,0.9938238792737906,33.947857709160274
7075,86.13219274786071,1.457497667404156,-4.21305518653608,-20.518164980541865,-4.086003303541505,15.707172912100013,-5.369731211963131,45.51835147899796
3548,42.27161142035975,6.304309438523327,10.228160667792492,25.07753941906146,-6.288656881626595,-0.4290875982984209,-2.877439017442205,68.97619071462033
5693,86.37918212690707,-13.357617576552013,-10.62549927668562,-8.947621982985737,8.066214172351557,22.417339746260026,3.5410385531661595,46.14484087794527
4959,84.75132729994439,-2.585101964791055,-14.052177391926278,26.682383196250665,6.146162253532108,8.922813832336539,-1.6179679636069402,67.32395069329206
12182,46.754630004198894,6.174291474891483,-2.40500004764986,-14.045795078582797,-15.699802718838114,10.038158089869286,9.650824615021294,35.997685569922666
3736,87.98562246892642,-5.839448898188799,7.477383884060915,-9.26074808071816,-15.35209472816202,-8.628604883126718,-7.745372829861637,54.15225602905178
1129,58.475708301096844,6.192018745110114,-11.399462974712494,0.8209432010929217,-4.023459234987157,6.242214282410457,-6.093731514608367,30.412792256475402
2511,81.47452337817938,-7.182518431602109,0.005012411519726601,5.387636250374682,-8.615862446573207,19.096123494689408,11.994177482152784,38.15684156848534
1667,68.09346772298464,-3.526383036238582,9.059810089043491,11.99415014072221,9.148995956766088,6.235207704431966,4.699252375467229,79.47563250571706
5594,38.222784077456,-7.546840931414891,-7.581347526033744,-2.2360459475062164,-1.4476073183398914,4.832216104514645,-1.563469733084128,51.66989923160995
1196,70.97522713295254,-1.5243917360526738,1.9253946177698211,2.872613609217706,10.940921906928558,2.8112665474457965,12.167932204956813,78.69379142682357
12601,77.68336883171946,2.549173486389612,-0.5555103996780194,-6.131729463230712,-0.11400310588565297,-9.860835763183438,-2.5383474701716287,75.23360273781438
1420,48.230272913469165,22.40432358749818,1.2817603563028284,12.171051731917068,-15.216693984721525,-1.807601436874586,-2.748196349105218,75.17065100063449
11032,85.56719114542972,-4.446340624587574,-1.3396446859747881,6.50835294753251,2.4311111117941064,-12.114135886745158,10.294774608837876,65.75741064595186
9509,87.84727318572445,4.0522361836438545,12.254518700212266,0.9900246841184013,9.891623789236053,-10.179603134368929,-12.94948532039877,57.75916930143456
10225,83.94987546506323,7.6499075794241564,3.9850436679333896,-10.230879779881928,-9.150960071491829,-18.360723957964517,8.32280898310323,68.64194700174215
10693,39.119234231751136,6.161470246340665,11.434790586685175,-8.84548987613758,-5.102852978296247,-8.563921934757916,5.863366233320271,62.396555030690514
7536,86.01713749630304,-23.273588855311374,8.348709398584482,-2.522130658616602,-6.493770256351721,6.26865498917055,-10.381053402925957,45.24236803951487
7501,60.85215646510685,-0.4935289246951044,10.515454139801081,10.828598503002668,-10.785099536633203,-9.163647954272463,-11.341207099784738,79.90756447647216
1277,38.02651592991785,8.126251657406478,8.241859785176022,-8.734666590471736,-14.82265486050645,-9.933370909038267,-2.793202657042468,53.84887298643764
9495,65.12318457449018,10.951031426320018,-6.666332315829209,-4.9748058848094265,16.175195834898147,-8.969404490670554,-7.633390383044065,79.90967858609675
7167,52.10365496379693,17.42653761544923,8.050223720174989,5.636726444941375,-2.6403356589333655,14.52126301887233,14.435256754669085,77.50043699246778
8455,58.995717681108026,-9.07407269896564,-16.25464977659621,2.120167886064757,-3.731800305750998,-3.916295736162694,-3.915365499400779,30.32276913609209
10324,38.715331377442055,-3.6493293518918684,-8.860227779370204,-8.35686008404348,-3.171072171616159,-0.054135256273655744,5.036838161838948,49.062418851708244
4424,38.83346454272477,-0.22398499634640895,-13.434441802498313,-14.071639821159373,6.216773795279349,5.868696873775546,-7.263110158865265,48.59854985239602
1188,81.27115876278191,-9.617390040275701,-3.771754477439966,-7.935435653763355,8.707160361603657,-13.452520879131251,7.419081606500553,72.06355055271962
2121,85.67537646673578,-11.02760078768367,-26.173702200491146,-3.755990125048405,-7.660853485790177,1.7011846340913457,-17.558309645027215,44.47254531751359
7092,86.9383761105208,5.184318929447679,7.355337398972715,-1.8889303323667015,-16.977427822808195,-12.390479403776347,13.348612482686132,62.20792266823436
254,38.59469360010871,-3.703075902076435,-14.100756359618789,-1.9091822661327396,11.666755254946734,-17.18037977112608,3.039154049990242,60.420426138914294
10024,85.26752398319044,0.9104242794446098,3.998331583153132,7.099013486213418,5.01735701704944,-3.1804910016445938,-26.736016114307695,43.63525734307906
12013,84.48684844904379,-1.7454364365593307,-6.226544728456128,-6.414214587674836,-9.246603443852427,-5.540116237542925,-2.508335265231785,42.22051081897933
8618,75.48053998536489,2.993629253098658,11.85505190834162,17.241417224303405,-1.4332229231035982,-0.5518149484686898,12.596283276917061,76.66185868464912
12761,46.992488168726716,7.870344332147039,18.426843988124354,5.846048158719137,14.020841209819476,3.268368288622472,23.0599006101105,74.20311341870494
5690,75.64997341555728,4.4395616272237,7.400972381265548,10.257889228635502,-11.766773609778342,9.891332520260923,-11.031377657080279,33.43664746414199
10723,83.34683580573717,9.300568735286662,-7.259840553439129,3.8902745489764112,-6.8151202849009955,0.18103337602783307,-2.3583918018403707,40.473945040226106
8835,87.7901078168058,-3.274609398687407,5.878072744176591,7.818218996441301,-4.617371812017892,12.730258925779294,-3.674026993036449,51.76726827108343
4927,38.21631907595135,13.118039853468407,23.440030710299993,-2.54544884989231,-3.569783437228034,1.474859708476533,2.9929724347943534,58.28163981188474
9368,71.2850117927227,-5.469786098574289,5.153969523585752,-0.24813877037123924,-13.942911438562115,0.2943484723714732,-9.537221497676322,31.412745399380498
12726,86.89102208938118,-6.409477431097575,0.1709638781807684,-9.158972090281456,-0.987356357257644,-10.541892147183827,9.263161103688553,62.36335952705696
9651,59.72245163108614,-4.6920372092222635,-5.67469103508719,13.652366097240554,-2.897792685423546,14.041989069389684,5.817292089778818,30.215777666236324
11306,52.92339464201616,1.7840147772454573,-0.2248829000821167,-15.96275803330839,-3.7747207728609027,-2.7654273323750584,20.693790888435043,77.87929248161865
7215,47.358666551992684,9.040309862056441,-6.994560040116493,3.8307075808236464,-5.989275954167117,-13.87695432050527,8.64176016314149,74.50253029656017
476,78.9058397750753,-7.09586091549699,14.359883610805253,-2.813010209264906,3.6097114273615345,1.1946205803594698,12.443046722572838,74.28741198423555
907,87.75487060723779,6.974974317023193,-0.2728694774808504,4.436546597259603,-4.763943418990241,-0.4983078765609405,21.05111204795446,58.492331773888964
7103,87.13190914628237,-0.8440250855476656,4.5063260556020115,9.146089333957361,11.871650006075177,2.107671644267555,19.090270932615415,61.53077031869697
5129,53.263156164442236,-0.19743763154228622,5.186456462353407,16.340214906590738,21.81409118261209,6.934786709469774,-37.840532138805344,31.97406088512434
7869,41.97149853112373,-3.4521052590929817,4.712969884924856,5.584500739592575,-15.339220477679238,-10.04530035097524,9.900284008879503,68.52043364591049
12735,62.096169458466576,19.88349407726556,9.967680054195663,-0.12158919955096562,7.864820595443036,-0.422286262798045,-7.310150285484589,79.98365646482098
8155,39.25005652624705,1.6229540305473955,14.282868727094122,-18.948116004592155,9.469273130875825,6.594874775669195,-2.357996895498338,47.19358052667296
101,38.36031932930776,0.2352273862338909,6.8104900952566325,-4.0373520266589145,-8.271299145095874,-3.954550282602983,-4.610912088121504,50.77079954999588
6458,87.78633851809218,-0.2179061754112807,-13.595335861124484,10.94051867870926,15.11467271535454,-17.103953124115204,4.512297283922328,58.2615062266597
10680,80.23122396726691,-15.273319186692182,-2.3869093887520725,-1.8608331464751742,-13.638007185925643,9.665728284606471,-22.06025590213234,36.886885397870245
12251,74.28289062881483,4.360010258268785,11.513665042378742,14.816109852018451,-6.815802241802152,-5.585895020918832,4.577619509067661,77.30910977735783
1878,43.85606311474368,3.5334005089658937,12.98648685791216,-6.655293381664656,8.367576537389862,2.8890083335899677,-8.658469966286969,71.07823623826079
6644,73.77626777214235,12.398002490768597,3.30732942544012,-2.5644373637819493,-6.308594736890894,-11.273536416066403,3.0939544390212474,77.55819258945819
7853,72.37069488722163,-12.92550744091448,0.01058074754795763,0.05365469174119463,17.302453615886744,12.107951652407625,-5.047562919825207,31.822638689216618
6820,85.9263117233013,-10.066373367458814,4.217578720884532,-4.049049999685991,-10.285571521563055,1.8505525202785575,10.57467981788751,45.03083600465828
3840,71.1522049264846,10.149294673125864,3.860326431649466,4.428640361088635,-11.568037568507481,12.586736166287931,-10.70381905264844,31.36651623571759
8543,68.72100871846077,-3.063173414586812,3.105634467593414,-7.336237213056048,2.818570804959462,-2.083141709424974,13.80689309168093,79.33659917168576
2592,40.227271137324436,0.5486044640954009,-7.006684379001786,11.592444107394122,-1.5899149349879393,4.740304042710887,1.2769775477523222,65.31517426644182
5985,83.75558074627014,-0.8453077870445641,11.177318559588292,18.619060020272116,-7.201821260561859,-9.092078478959385,-12.969441455365715,68.93577654402725
495,79.8039433464052,2.3877447686960798,-12.974695918041643,-1.1293261371738073,-4.631042288510931,-20.88128745354001,6.000136872743265,73.51019956701721
933,47.920538936756856,-19.671188186999544,1.427677303665492,-15.595289619089222,-6.061175688805378,-0.5172381072256995,-1.3089691171973494,35.05984317909876
7436,45.28660001429517,-8.353647520763177,0.9419031464955109,8.652349523057401,14.281720538300215,11.440238430911178,7.418766199004655,72.64186670810184
1033,42.937439474872576,-20.314291862840893,-5.270682904019713,14.747796221176735,-8.281577494192396,-14.147043935964552,-5.397428833438758,40.083778455131515
6442,87.27672789634812,-6.495455369309679,13.897929473638285,-2.6636463981321135,-3.823931321335827,-26.71187839442709,0.8341865218736854,60.96996504568267
10200,68.54333610031044,-6.0958675907913396,0.5632190057200677,0.4999416070204721,2.3299943487661614,-23.694023951101766,1.048992436738357,79.37768292678767
3960,57.57279929592496,6.492115433211504,-15.082888207588168,8.723220841090566,-7.671546184858187,-15.432010031065527,-5.929043169266634,79.40380078015897
6840,87.11343569684692,4.357133849612223,-3.203632202373814,-5.684426102589182,5.802034453167529,-8.924326951118033,4.357232841191546,61.598652809023115
141,41.4088157352339,-19.24526414554894,6.348668677656959,-11.08127381688253,-1.1363115089804516,-10.269377732590348,-8.420165258949407,42.39758903840551
6189,54.994174754123094,4.854413796541503,-10.98517163824303,-16.991869734547898,10.57068864133589,-16.866839069730947,3.096753481694496,78.68347022994054
318,86.3738312919526,3.316411199245379,8.374808027895247,5.91091208153664,-16.03373082936881,-2.284557034147764,5.587759068638023,63.86927340515206
2058,45.49357680117687,4.738359147834758,-16.017491925636122,-7.801363060673388,3.19775323254523,5.032801144650327,-16.18808695998174,37.152727189183565
12757,64.52875080001957,-1.614557183155049,6.67287891087252,-7.587145171827308,28.816401199807764,11.895638058697152,-1.9956959893280433,79.95321464243514
656,60.31057432484314,-4.412235475173883,-7.002601069372028,-14.564291718189843,-2.0968933158887633,-13.801424342755325,6.5246988772151235,30.145081180220945
11652,38.10148982957821,4.175323661858345,-3.7759421407288003,-6.24126669641597,-11.536888052583883,-15.89441522103591,11.16057271004389,57.25037581159299
6120,43.21174079207012,0.3711642204697332,-22.71139918784783,-9.768647138343512,-6.183904897584021,0.13253565420433186,-18.099075615553176,39.72175410854446
8478,70.67558992995474,-0.1492899544653585,-0.1611281736232306,-0.8128846323922425,4.935235512382124,-7.243984963489111,6.997839724408415,78.79254755647611
3021,39.96138035867909,14.327587669093926,-4.399191503767002,-5.564692629623464,2.9098392039405017,6.909805828230958,-24.50108831677923,45.29319800230054
10484,40.51848336143854,3.231777401722357,-2.661532220060895,6.813896755727664,1.4922640368022257,-7.912506699970011,9.44270065780573,65.93532851038707
378,38.85495236114865,16.455280573827366,3.613625526653845,-11.386671377976224,-0.40308460541924174,-7.371899946472144,7.588663987348316,61.482027037709635
5226,65.46646159629408,0.7887137152027014,5.3434750849505255,4.037332058030759,-21.78709023950696,3.792618102187217,-3.732268132212378,30.12196617105752
2502,58.46273532698521,-3.5572811326299636,9.34831210362124,9.645629039136674,-4.573933501532633,0.8281806556509029,-3.227356585862436,79.58481704806876
12200,61.5959969474888,19.585336387476367,-0.7068075646868373,-9.537483329003075,0.4770566510460046,1.8331163695232278,-2.304890519880457,79.96054437364177
1649,49.61418977710337,7.138479840357074,-6.24276817502065,-4.774987268195022,-1.4407315864988124,-12.778230085504106,3.396733044004323,76.11445203353846
12199,46.486164206419446,5.2298366452229175,9.520692652479308,11.78451229188652,-23.244793606175772,-2.920287195426743,-21.761445403036255,36.230524051464364
8570,86.44019950500778,-1.7162403271480975,12.728527844572874,-9.669433472583071,-11.416332490433302,13.482365717777737,-12.347359962549556,46.307644325878464
9845,39.10650333588326,-10.113041265537177,-2.586237501352554,-12.11442342903046,0.0007386590813887886,18.652577284968693,-5.288617219418113,47.64467423142644
911,58.00574406453429,-5.441697779146194,-5.781168712514106,16.691113121878942,3.5820328787646565,-0.916203121881599,-12.835794073497507,30.5039307714265
8911,87.52041938421839,-6.022341260191821,9.920703772772123,3.363564024509271,-10.52370143929058,-10.592860806545076,13.767481282130746,59.87329798206997
5104,40.174881670244226,-6.574723648458774,3.349433515159774,6.315328878438385,-22.90443490415339,-3.6119096818578496,19.266045480854263,65.19872409827067
9713,44.71985698360717,4.120903779647189,18.89681430452537,8.962582461913058,-19.972617643104602,-14.04377257674167,14.016147156607852,72.0539253927131
5075,46.74881715223897,8.668026786490023,3.831517212538103,7.154146262381244,7.432971969434887,3.732170499908131,16.237694367894257,73.99734339450224
11465,78.13264002865198,6.7926682818066535,-16.477955781510346,12.082275960717809,-13.276059829404465,-19.63817723869329,-12.684945820249066,35.10017071019854
7271,87.97788384239189,5.2283900445505225,-4.589917899548287,-4.176385822038452,13.842183836002036,11.039698391632086,7.129361221483458,56.05134140790618
12394,48.20757275729548,6.7607141987110655,36.58006024667219,-16.71676189640874,-7.062626348857263,-6.76850727032631,-19.255278903696734,75.15400943408763
9117,49.77419671564158,22.414764768912878,8.55910540832303,-10.610430707846223,-9.497162693275495,-6.480578952118741,15.097484792102518,76.21504483812028
9927,61.43032534224482,7.2736473441408585,-7.304150394921201,-7.8966846266710276,-17.653370678179215,2.9963162959778162,15.900676724408548,30.049326232167573
12244,87.99821120746319,-9.872911521310048,-22.42187272441123,-1.932514225580938,13.177395471371767,-2.5760118217522083,2.0161136269567086,54.70094076328933
4599,45.8943706899518,-9.41710123813333,-18.437249371775955,-0.39805020660085766,-8.994952336901262,-0.945670655567723,7.645075461729961,36.76822976485224
146,87.64573996937756,0.08992736035779963,-14.72894064837671,22.56588891904372,4.145616661456907,1.9331724661655738,-13.036803772957889,50.80625449486673
6977,86.20966689148918,-13.201635781409118,-22.391313715004216,-8.769080846231335,0.43640472897162724,1.9515219416801686,13.528614892377131,45.70960911553711
4029,67.25204556781554,5.82238975287061,7.62091105057745,-6.187453718566781,-6.435857195133806,15.946838863592255,-11.755899632578126,30.364251412039046
6234,38.135167551352595,11.977777537488706,0.05293328472147486,-2.95651069289874,-8.885411929183498,1.1478003129626706,13.247774688666764,57.596171662408146
4971,73.31301517894812,-3.6902339376226583,-12.192084980141582,-13.931230579403193,-13.040275480659203,2.8591076529869524,-5.748304269714674,32.226293276702066
7964,87.12731823944084,7.326071980149306,9.770881633040393,0.2427328716359807,5.73095812029565,-6.537329495742002,1.7240628812997296,61.547710635996786
4835,68.73005896453178,1.3849339719082918,-8.98450753130936,-5.6969511452198915,3.183971263039711,-2.322516610781645,-1.1662531443572561,30.665530121595232
6966,86.60015598001581,-10.103330941977855,2.2228769846718994,-15.34294552900099,25.652893028168208,8.948474251436382,-6.905651092007522,46.75181003377566
10832,38.66261402643617,15.80114107080606,-3.4168839709895287,-12.242393418512872,2.0520523863035107,-11.603860589996186,-3.716934384974895,60.71766070817239
2186,64.07747016540044,3.5784153534807217,3.8440047684332246,-5.858082892916434,-1.9639471632831464,-0.9539536912625302,-14.985564433165026,30.02322963146212
7784,72.23294794797593,-1.9676058697278433,7.100881732684159,-3.841247576825001,5.184456151622064,-16.785787138150972,-8.880236979219747,78.23257782059423
11442,59.55881680755191,24.874912243855132,-10.8745236962557,1.581819336178047,12.083369009234604,-7.809677921427626,-15.83349820134191,79.76203259500343
11217,73.68889675889622,-5.4701267056277345,-3.8875556615973874,13.281444717673462,-5.361395330662936,1.7643578819262844,3.5939129650520734,77.59972314161521
10679,44.20979897776291,-17.665850836506504,1.0443580112018687,-7.962800415386547,0.1082296708946371,-4.469500426839364,12.1978155165935,38.509749985402884
6918,38.21885123588147,-14.148268119402776,11.06095120034565,-10.059842454066537,6.436465908328599,-11.985876236928604,-5.129745592748105,58.30070688347615
11463,70.27015952936128,-20.600889180537475,-10.228293314104482,12.051143458534032,-8.568309986443879,-4.888540899890327,15.851790008299355,31.080451918616077
8227,53.764860544178255,-0.8609326457527798,-0.628768268650131,-5.4205598771935835,-20.80117527756764,4.528934894019002,2.314811818501386,31.76829323464321
4337,68.69365898424203,-8.037549227732562,9.468221933129872,-3.8021602683216487,-7.206172800140195,-11.390026182920582,-1.8975838813089962,30.65698770958779
11104,46.250000895803,4.2057055137108135,5.823730546482055,13.596993217721995,11.966680175114968,-12.895024280273189,0.514544949090736,73.55902826145268
2622,78.85524544199967,11.066223896202798,4.1693200810119855,-12.257875764116008,-0.37583974228380695,3.954443798644891,12.855284554333004,74.32902459965192
5478,38.48099934730055,11.052692533913389,-12.293390333836992,1.0496993655618194,5.664426137102378,-13.497534194183856,9.40577944745227,59.88043102532185
681,74.28435237298856,-16.993157907241844,-11.201515705580245,-7.911417479266756,-5.387474434475196,3.1939861176977358,-5.944758353396783,32.691629563721435
5390,49.2084462630419,19.738534863625024,-2.807748073614759,9.37797030428931,-2.6945466798464417,-15.108554840922885,1.3672100225049333,75.85169167047597
3154,85.69070246812171,-12.367571026506388,-2.0076718329575973,3.674240566651571,11.098808775291932,6.914449119115119,-9.086031112817896,44.50561952742444
2116,58.94206822603652,8.962117902562733,3.559688068220539,4.492147377135049,3.6574024439174497,-13.781694712187845,-2.516261523598949,79.66846549175399
3933,46.72811438723814,5.399029128428547,3.997677401396852,-7.449472818648648,12.440369795032378,-10.099831612748476,-0.9409975501126973,73.9796137633302
4830,39.185123118671925,-2.1402221172562803,14.38601520736183,-8.48114454894776,4.565329664585784,-26.579007512869104,-6.527134665449436,62.60602650055767
2056,45.74407743852613,-21.437569872380262,9.549761870876422,-0.4861135550328899,-2.665689955409492,-7.28851580224227,-16.246548863327888,36.91041358813261
5713,38.005764943780875,-10.540753482041938,-0.39381289827981886,14.48227226252256,0.4155490361679865,-22.378116175076947,14.443796304217662,55.53685561789645
653,39.82403398338495,0.8034364510117606,-3.4874422675956818,-6.4236928303750425,-7.977883706012239,8.548194891239987,0.1746213655312637,45.62585474847417
4143,54.79578929386672,-5.564075442224824,9.446934508066043,-10.028500543605464,11.971124980199308,-10.775012035051656,-2.4538057677477925,78.61548065759763
1786,38.03557497797268,-10.593090771621236,9.200545490841975,-6.37178569313174,7.594962379624304,-15.310584061706923,-18.30258795064305,53.666777093065015
497,87.60341129970939,-18.0705468937655,-7.590543585175431,9.84975314233654,2.5707796019492033,10.985520929401327,-9.21650972559845,50.56466997650319
1466,84.20105762401629,4.081575015330023,0.5965598390903817,-9.507079907770605,-9.673516910350221,3.041393749526632,-11.034262805109712,41.75178670072297
4592,40.337909825130644,2.0170088590109456,10.781530807484483,6.5858689969893085,5.9631304525815745,3.194265882596258,9.015535845765942,65.55602524182704
6240,85.25073891483298,11.419072470867418,14.56857323686245,16.303098971375356,7.26291818019556,-17.556560510073982,-5.9844462309159265,66.39757069484271
865,66.95387202157087,3.209208234550091,18.129728612164083,12.844796594311568,-11.461514958469357,-16.117313966913105,11.501051667612323,79.68535792807225
7906,84.587830731423,-1.1277020825311364,-5.66416580174206,-6.303153226546275,27.138126141434014,17.862765882950896,-11.708714226432663,42.39184532489275
3303,38.18327929497995,-4.122902360770121,-0.922838095780425,-8.958024858041847,5.983360288415956,-23.351406843308954,-13.189103664344389,58.0216507821105
5911,75.76616459541216,16.154399510848954,14.430534600621804,-1.423648812964443,-1.518794871331136,6.978618250908757,-0.3681997245400215,76.4947677708517
674,86.32982701843144,-12.763524905008168,-0.17841343338511062,19.301052134838123,-1.8952744969893132,-16.36886110709274,14.248539295305417,63.9843848587461
8314,86.73359408449006,10.038061501662705,-10.44864228428808,-7.195821013132396,6.80720961175886,-1.7739072054133715,2.490933787481791,62.85598573271733
2223,44.90408123991401,-2.186284925523547,-24.704147281432725,7.990155914644194,0.6457334717639963,8.830355891913435,-0.2576256979657729,37.75071815325728
10437,39.4995044312331,-6.719888464528328,5.5615634719972595,6.367675429410522,-7.119991495083352,-1.9424417879032636,11.199995373303187,63.527995545400294
7276,69.62434698575159,18.79518799771027,-4.980703117017231,8.21756135516982,18.245679467881313,3.678199608622454,2.9367140191871477,79.10638975484227
8172,38.8638365077114,11.66580949216459,-10.652294375748886,-0.026947299772349022,10.589868892962592,7.56152070404085,-6.03243897785198,48.48497030908417
5268,68.119184798322,16.804936840361183,6.476580321282102,3.689440719104568,-0.2042441973866346,-13.369571928351146,4.288234019045438,79.47026659030566
9778,38.02450400569026,-14.59862919899551,4.872793719068435,2.9164788327181785,-5.4127476774898176,7.808518020415544,7.817169300170351,53.89338360837272
1434,38.93640380409816,-0.6193582753756546,4.23671214831308,-9.181013390788232,-3.1972542890519655,5.829702030496482,-7.00743782130497,48.221848473176586
1345,69.23985041061916,-8.307617217408374,-13.81302870928317,5.984972568475344,25.91036005478219,-17.17412045653084,-12.466958392238595,79.20876425704327
12702,87.91890042879254,2.5550788985566673,-2.1645499372046597,-13.724219286364681,-2.6439337277621218,10.578800781466866,9.825448994047445,52.987936029863135
1961,43.839782848837956,16.546327500338197,13.812726232245094,-7.017331929742625,2.5590290637780804,8.039297244035366,16.82584951173458,71.05883179812018
1372,54.5256150410506,2.5797872858235698,-11.385723250708526,6.307049160338135,12.026563441910884,-0.9146394934803992,2.200367575958126,78.519880942886
1592,81.27275010701415,-0.7259065928620969,-1.7418253611299752,15.699106325810899,-7.421969971906844,0.4177418063374782,-5.199200479675605,72.06184642782294
6600,71.29017777022511,1.8166560262468268,-5.2336835842613905,16.59467185525438,-2.6508307499567216,5.865309180625343,-6.499144429388118,31.414560582044153
3160,38.771042615638905,-1.4322011021660712,8.852781716173087,-2.8959164858394155,10.891486588166249,-2.463477809861057,19.43579577375494,61.16097590214521
12637,55.991871773232845,9.638809649058409,-11.580335188910649,-2.5960664571518253,-2.4722885093627682,18.46289815645565,10.430620969051802,31.002372226463937
665,78.56744421338963,5.195468489426868,15.963410336597043,-2.9016283632970485,14.797723943292345,-2.5970776177891626,4.399410181538887,74.56156130432848
2088,45.50696208387356,-13.094554829319847,3.4911554049405535,3.9949683209767213,-12.441417640046556,-4.795911975088167,12.255667402055302,37.13960738211607
7548,38.001286206891336,-10.011904245610353,2.4853338975230126,7.380909565423624,8.034335561460257,-7.407554885583743,3.4666672452836433,55.25359158156119
11325,39.91519061000387,2.131556648470135,-8.712959921199513,-5.103227259643049,-12.07264758793681,-15.369383188027008,7.741439907409552,45.40356444154672
7086,40.83052017106671,-0.3031626369976004,-15.2854068176775,2.399527281624075,-26.586023019780477,-5.253413474938485,-0.2199993914875524,43.44516706678457
4219,87.98669196535322,-1.341674754411851,-7.257884019932678,14.190002616911732,-3.7351339808346333,9.87629389675352,-0.6950313082119229,54.18438696151116
9162,63.71727059344353,-10.280509485041666,4.939974751442132,-8.940654321038235,-0.8406768707949139,4.229489325275658,14.35028392027778,30.010291660449873
10166,77.8157637838005,5.5915196355526895,8.585840538532409,1.9978493386838965,0.23962140102773188,6.354737106352402,-11.825777882712934,34.86313968110656
6068,48.21310586574152,-5.486399722663652,-2.205021986184942,-2.965083512467561,-0.05830718904312343,-3.7543893962351618,9.885461549340151,75.1580693981897
8102,80.02784957208215,-14.471057165990036,-22.563296312523896,-1.474686435230006,-11.168601103636394,-4.3404495204682485,12.829372878995159,36.69556504694718
9536,63.89636749727223,-8.349142436036427,-20.370580989746436,-10.299607610129087,-10.11998950154915,1.9802683357883297,0.9866294599972647,30.016074661698298
8554,43.229494237783626,-4.147663692200321,8.89006631544557,0.043488507307534736,10.184609395661003,5.136673166594098,12.756073424981846,70.30121243255479
3236,80.18353650035952,8.89760085971936,-18.3779795554588,-9.95519648714158,0.6242130083394295,-5.041064730850712,16.34540867831175,73.15836097616776
6012,67.81155451331183,4.847793618416122,-16.356161687016535,-11.407473023480929,-0.767964997442808,-2.843512573224914,11.694376029109634,30.467390208837777
5630,74.61528920537634,-21.20135890726985,-13.534909512914304,7.925651623961883,-1.1503078611126818,-17.806560910449104,3.295704499830157,32.862135227726505
11365,86.40027105029536,-11.861351893869811,6.8727688278389865,5.562925166369262,-3.0307995152493588,2.3661255173014557,3.9239304127315293,46.200720781069116
7003,58.74407866309908,-3.5711486563526145,-7.483805801374687,-14.504693693564137,-2.24233655913077,6.558882539341239,17.21494343794038,30.36492067043194
11263,87.66867899668544,3.761880782920634,6.47267453517972,-15.497198339763322,-11.171727200337243,6.3689262946052985,0.5502702449379793,50.9433663514571
10575,63.495041074382364,-5.12199833740258,16.784468328115672,-7.304519979692259,9.044609150049164,-8.324876524596668,1.8203692713247686,79.99509820614182
2541,77.27187576613649,-7.371437508666045,12.536635755149334,-5.211796075486939,-1.421703357061523,-1.6779815083106584,6.623014356419241,75.52592414767155
3720,58.07399035584934,9.487563491621643,-17.64978080350263,8.198234087016044,5.1353106602757626,-8.790928978988472,14.174964545605146,79.50988431196146
1766,72.6975006415692,7.634368555174924,-2.340480825140148,18.489706537825526,-10.769663299597648,8.715245021306126,-2.524112275294068,78.04253634708569
4633,87.36068659546062,2.359700915291285,-21.917846993819982,2.762504568826234,-2.740682426087389,-4.102587776605869,-0.5085355669993061,49.38244282648185
12473,45.95258038957874,12.688502040964194,-1.0817410269738528,-3.9667238915503082,-1.252015339406094,-5.56915098236967,0.5528048324628763,73.28621023137995
9343,38.23781435677236,-4.89351607483417,5.262509186373801,0.9931234381697192,18.468623040228696,1.9060668634712328,5.229418228954871,58.4400817098335
8079,84.06079947271175,10.925945188819238,16.444242368836623,-6.359549379295939,-3.9223000106352517,14.670982796053488,-5.314271673421996,41.5299322358711
1638,54.91533240824353,-14.216560203683281,-14.584267730523147,-13.716246858113125,4.741036631112773,-0.4202742051203804,-2.6476936068165786,31.343327581191755
1877,50.39478107263848,-11.579678178685992,6.158888108495621,-7.998654245586675,17.893111099058395,3.618564265750715,-21.31886567436718,33.410454942419776
2360,38.718639037279104,5.413558798135945,2.913623991074566,11.409844590281839,9.920905609654195,-6.206599881455097,4.75547558192102,60.9510931599206
7319,60.35047827964582,-0.6463677979002012,16.538075623689597,-26.48597335503399,5.732078908667207,-6.366744334024158,18.16566582017607,79.85920422405695
2045,87.58637911009475,5.931494805407745,-0.28019634966883594,-0.2661217015096631,18.329764533782765,-2.627283283198712,-0.1969084564920577,59.52879258243258
12780,38.03666290668219,-0.7860690665234711,4.410156777274064,-1.2902863847471233,6.3740743640945565,-6.360055587114093,-6.035607139729096,56.353440491999194
9273,62.1339516244748,12.926212718562802,7.758901412320917,3.3632526376027223,-6.568098545714057,-10.190696191469053,13.711747796969586,79.98499470104507
10386,87.98183641311493,1.1097401907643283,28.984639987092322,13.610131335534847,3.8559551011207867,12.271686522616092,-3.9657008332014976,55.952811328839445
2228,38.64646220990867,-1.1780388909746615,3.2043317723499003,6.785662073677034,6.8426614725109305,-15.462314756195358,4.938267722813303,60.64846856294638
7380,46.26922615833247,0.3098543136988057,4.1794037573414045,0.3210648999836695,14.528504414151405,-19.895064433252788,8.183579426812772,73.57636150216112
4226,72.77649531052256,6.017735300977051,-6.366053445472648,7.567307692273114,6.560533324706852,-2.1896594141411128,6.501434144138097,78.00913165339645
4126,55.15234499665644,11.018355893046511,-8.608958118325798,-10.323039928145143,1.996338510887858,9.775899250967212,3.43971275615321,31.26365000787828
2406,86.13457524749116,-0.8180437294668168,-6.502493516669658,-6.613830212832873,3.5486244991397617,-1.2755076906807472,4.134237385962105,45.52416609906181
7520,86.95740048939172,-0.3287857924435835,-1.885186562520461,-13.115107226729483,0.7018555921605795,12.45571709497334,19.481215278991822,47.85556427764281
7386,74.0815477333782,-1.1006838338684684,0.41231306384002697,-1.2357609898948656,7.506111766341262,3.248860873338052,-0.9080855535129929,77.4098036544915
597,87.35072976655151,-9.16474748711345,-5.885122682207582,-3.642020239233889,-14.723663899405718,4.466182957447181,-7.15522412086902,49.33943820487911
5207,62.691550137589935,-12.846101075210887,3.475646633409343,5.4755858298572875,6.376346975672061,-8.520679842509406,-0.09834165267556225,79.9980971012271
12088,84.430021248431,-1.4110495440226152,-0.2089428091425099,1.3613334094339569,-2.7084440620369183,3.6032917349093223,4.720114881943644,42.12544411283264
9943,55.77128062399936,-6.846211471733421,1.6420620317346715,-15.861035170553636,-22.408242456433026,-1.1912249354884394,1.3133518465804368,31.067895700899328
2533,87.5363285205976,3.743413862161841,-7.80947240868877,6.139684537248088,-11.84422356904019,2.855986739663125,2.8857310465992447,50.20744507289604
7924,62.69477358676653,9.542620951703455,-9.081583458374142,-6.707875531477688,3.5248554687154314,11.929144328608555,18.77619930678712,79.99813666729312
5831,43.2110139493237,2.5914687476797056,-9.083175447141995,3.324869261599356,1.421743580443511,-10.287381508681596,-7.123529040692759,70.27730444437562
6681,83.89729036616338,-7.327599671314447,1.1922508275288688,17.599642678264317,-8.882878592526083,-1.3275827874842965,3.6023236216234538,68.72236332969855
8023,55.89216862504895,-5.45514620898556,-12.135196212473572,1.8043915032411373,8.5310462141451,-2.0360193019937873,-6.041749515857411,31.031714013195238
430,86.48358636348814,-27.687910939258202,-0.21593174794074435,-11.103363664907667,-7.23726091794579,1.717527562400809,8.671124981872751,46.42555124170692
4894,78.51244800821962,2.194686474032504,4.960783905209104,13.091850134027204,-12.288068812626971,1.540489201896248,-15.791365561025142,35.39479771100836
3455,38.43242708904561,1.5902760298466447,6.780597152278447,-2.8598026558497427,7.184530052816333,8.018831277391891,-20.23613834442078,50.370274169571154
6771,56.66813856808846,-11.028270800515383,-7.578206824511671,-16.80214131074907,-2.374259382250039,-6.7759436984311385,-9.178004842198211,30.815138395949603
5037,38.15480779817516,-3.034526679778999,-6.372573568458359,-11.011677857312778,-3.890348468221825,-16.70939585129269,-2.1552263487913885,52.222154710142725
4719,72.25732342442983,-10.839881891767117,5.023789451502278,5.355865020351897,-13.135044432531341,2.121468629499521,-5.224391982267983,31.77712414416546
4045,65.68583420904699,-10.700268058608868,1.6294705077879235,8.677294809872583,-3.093439726590357,-5.964241053986329,-4.478147006965603,30.14469282826074
6701,87.9885972360151,-6.435908297317281,14.955071897284853,-7.78805410310648,12.701884581959877,-3.296533855549236,7.810570193461352,55.75498885834079
136,84.96127804583799,4.688952103643159,1.260897177769884,-25.186447512052403,3.7793707036659425,1.4420210610925068,-8.810178822975377,43.05419460256469
8341,38.20363314477531,13.26872499335473,-0.8723131115606357,9.305650504341877,-14.867457159166014,-15.339775693008427,-10.49345477969316,58.18436662165561
3603,55.5059850721077,-4.992714692775809,6.555000711527389,18.710355228864778,-9.656732027968317,-7.4591206694915515,-4.338899652145358,78.85036142829972
5446,63.675164413777566,-2.1633686806437185,-8.412784434476471,-1.0935245271327207,3.2915305415650624,5.466689607244631,5.521939248871019,30.009118602690933
4083,87.58932215057877,-19.842206258472977,11.291945393148474,-6.966768967561525,-4.140374573963489,13.475639169233375,-15.22596173515609,50.48721414478191
3382,84.34072890416871,17.917257439269758,-22.467774866828588,8.733892785308473,-1.5821542838105886,4.4486403171447,-7.488068583609591,41.97796905860004
8605,55.504327942569304,1.7991603743227653,-7.495841246567223,-16.657452019502784,-5.261040791705172,-0.4321215679667279,1.7556571959423584,31.15015932113062
5383,81.92887568121574,11.84437814914213,-5.06378199983436,22.53091624408747,-1.3264569329275635,1.547738700407375,-7.2383954799859325,71.33088073084484
4611,87.95785001462424,-15.971872111899172,14.64976190210984,4.048513899235876,-0.42635420663591717,-17.610140222734955,-6.882542256927318,56.45111083226633
6743,38.061416171511354,15.722119210997063,2.0603193793590973,-12.735054899980604,-6.011015793512385,4.982442536475353,8.314445013367619,56.751295700173046
9231,65.99242273057517,17.837514557719125,-6.997863990690475,-30.543377059487504,2.522182177827644,1.0882988222525969,-6.280383444790074,30.179737990876546
10094,38.40160850648908,-23.155870854154156,-9.135173200798238,-6.224605843017409,11.85086081424924,-15.947372776009468,-1.18123488890088,50.536914079701155
8933,43.49715302251934,5.147515410091412,-9.412858815292008,19.572273294447157,-10.110744076582183,2.7166445108583455,-1.6775293508688547,70.64093858350495
610,56.685344129909865,17.18518902628872,3.536152931475945,-9.197875724680737,10.298842173099278,0.8832637298281234,15.979086822095494,79.18935966995274
82,44.506801049715264,-16.641318219988534,15.313303658775173,-15.336257914800221,0.2852683844269682,8.246341783039062,-6.37058074555894,38.17734882412444
11033,51.12210808393358,-10.501044004258715,-20.519639161669048,14.864042796903142,2.529037736498998,3.0293602218955513,-8.502410744353012,33.00191636459566
6875,40.582370777805444,-3.7143992084567197,-13.886826411589384,-7.872179001033076,4.0446336663222375,8.26947251755658,-0.4907929963635408,43.93429170562459
3078,77.81940925936738,10.727190304808115,-7.094847790915738,1.513448837113545,-12.237413759528398,-9.72896822746544,-12.012026942423539,34.86582236088654
7022,69.49433389811713,-1.0819473960735417,4.176537484364388,-4.9874145516456805,-10.539232802660143,-17.062228380043386,-22.068997043997342,30.858259648074938
7705,84.2279855569406,0.7084168668158681,7.752598351145664,7.830555940370079,4.676072411635964,-16.75014561298778,-10.396820582220363,68.20502287746301
2488,40.23688962188562,6.6748616745544185,6.607982284203527,3.9528788497114435,2.886731123592256,6.2997114762066655,9.97767289251562,65.33638263193566
892,65.80492160958885,12.432665615032512,-22.545635398351187,-0.6855880523463774,13.333676007447641,3.5766197784008598,7.291415179176979,79.84214996259506
4614,41.6513599009248,-7.281141591453878,13.266683336935287,5.248633076118445,-5.472499403590899,-5.569276846010497,12.652202096282991,68.00905707267665
7633,38.68009172186085,9.426926176907596,-13.796086430870172,-2.8234105394104163,-0.568842641389793,-3.171976488433845,2.40086873730215,49.20844914181886
547,47.86372994891546,-14.8822584550199,2.9909935780884127,9.078579337896374,9.700676838658623,-7.623748140269175,-1.8449759866513558,74.89706835040381
2046,81.98993503829587,-1.5380420329986921,14.46154689664791,-8.046649708334757,15.05488937168952,-0.31255031321602744,2.0800937821880745,71.25983909026479
12471,63.67969446668873,-7.516496391010712,-4.103902398298567,-3.061918427191576,25.310215799656724,12.46503430918677,24.858755982087793,79.99075860056979
3831,61.782041924263844,-10.575439223947111,3.402592495256602,-6.760594760821305,-2.8968300489676913,4.134149987743465,-9.878969332333442,30.02968606273143
4767,57.01550944684692,26.182689407514456,7.955315030097836,11.821659119365663,-17.015845613300808,1.289560214168407,1.727277887454738,79.27315127500387
4035,43.07301091156772,-5.084010033752248,5.570057349453727,1.7071366381977606,-17.196684543009837,-5.176481732359476,-5.3395560445247545,39.903142516752006
6499,55.13540149873459,8.663227140597776,3.4163993293923167,-1.3139986164732855,-4.7027756483746055,-15.174770719488738,-15.117995552400584,78.73074146363518
12247,76.23464867005637,18.8145652784455,7.342097731916166,0.8765787176500762,10.789400699688969,-4.753816746078192,-5.142477948194367,76.20952791978584
6467,75.8302119351385,-5.757071102231697,-11.718965582837196,18.415649356916187,-6.16524800854418,0.6550483900017183,-6.82482544694591,33.543400509413665
10223,81.69591672749935,-12.55297204291855,25.278786450089438,-3.3170775793601455,3.665788955919997,-10.232076619087003,9.224573615893796,71.59706894961909
3247,73.22615096699666,-5.494740243831895,14.678103529807224,4.434346719785457,13.595185112406545,5.049643491108097,2.3910016068201427,77.81284367193606
106,87.8913458821898,10.207195433269298,-21.658601784962425,-8.404808361206303,-7.258512451706327,25.69274925685871,-4.9333238842179865,52.671717333914735
1996,70.38125916934374,-15.861845542557448,17.639210469754786,-15.979771457878993,12.323604286600629,-20.017643777687706,-3.0886346470357484,78.88549796581555
9610,57.37761092699402,-21.160719411952392,30.04440048057323,-3.1790719619070353,6.898221569895078,-9.354562902805014,-0.9195619492806411,79.35957185813706
5946,38.15452576071631,-4.003158949428185,0.09502972094707539,0.386816021219599,22.37944189202686,-3.682502429708252,24.737237854675044,57.77532157147431
7113,39.0214702414927,-17.32561927564139,-16.560827054335057,-6.6773033186826956,1.2136891201023665,7.201770604999331,30.848122406373626,47.9268033662014
2728,84.22257365041972,-12.195072182522438,0.22929877448519398,7.708615873925423,-5.406817105092683,8.853941916147361,7.903588100133136,41.786281081674595
1258,56.68735780784378,1.518211435770501,4.093135151531911,1.8639957486854253,-7.5624312547068335,-2.0394799771469847,3.4824633357942654,79.18988525301037
11577,50.002757714467315,-11.148401427151258,-1.8421071838573924,0.7473925985499651,-3.2432536223487234,0.6564022310258605,12.524049456024057,33.64416489642325
2467,85.49843673895859,0.041260531021508326,-1.8625717906941164,4.831118672130911,11.861695975405963,13.594067050863533,15.782496140538488,65.90047449898758
5046,67.2277244613837,1.3955792056708962,-8.241260005188817,1.0291639053992372,-0.640434506594046,-10.308492968603463,-5.780199550809343,30.360066033395746
10296,46.705644455864274,-13.94695062848481,-2.336577954015183,14.863822961838771,-0.021209928581950123,7.502023333731939,6.953284020015732,36.03967359454766
11705,77.35080634973738,15.409349442790951,5.382885024112504,-21.20803856873795,7.314547612263217,-10.383922069476197,4.526158793719877,75.47081720675403
9891,70.19821630118864,-9.579868633767939,3.2466049645391353,-4.179225465716766,8.252048116832889,-3.7505846473242133,-7.767718948959111,31.058703416871882
8145,77.49984414042802,24.27691491567778,5.556101760505742,-17.266226030814344,-7.619024712016174,-13.124508645074634,14.429589044482737,75.36552282420698
4130,71.98803619464894,-1.5455621605193905,-5.160881739453887,-11.945371876644572,-1.1814464913791785,-2.1333587057714936,-2.007684944275675,31.67157944987101
8243,86.70854950076743,-20.151520926113406,16.17073327638135,3.033504622039806,-2.4086882832022742,1.666230468470402,-19.02893689504782,47.06875289947033
10932,84.75901776234183,7.592427133769199,14.47426102391767,9.039022428173128,1.0333072901079545,-14.404510799226287,-7.144530114860187,67.31036742010947
7045,38.079182162827294,-4.309454772126155,20.093087698726656,-1.7040999887225705,2.0619353867111654,13.405999805370765,5.013047189505811,56.98817462172083
12299,74.49688238198547,0.9176697792972475,-11.263715906845606,-4.988920656600885,-7.7022868989593904,-0.6344496579667116,-14.412666514893314,32.80041226745884
1040,82.79914927742196,8.379669727962346,-9.57997064972048,4.471409887528405,11.348250692770849,-5.21806658057462,8.880754059286176,70.26413076104767
9762,38.03784100923352,21.74838172770591,5.717441150845753,1.829875210109072,-2.601492663084444,4.640581616383232,-14.519604712266718,56.374997643523834
8912,82.8123136922566,0.9647040246714783,13.549655901527055,3.91077485248318,17.672928077245576,-11.401250089420872,8.448718079797956,70.24703991467268
11138,39.67651680063585,-10.015505670134887,8.76510386300081,-4.193036082780751,12.231888367512859,11.35550139725426,3.708509870439474,45.99915940320137
4322,73.0142983432949,8.271772010162756,-19.324901631368768,-14.616179962862876,2.062049819721859,6.439204146666273,6.515983679453463,32.093367146359526
12103,87.80223452194441,-9.795054743514598,-0.5349724679155055,-5.180020663823109,-5.183269421998232,10.78136667445025,-0.26180638630637043,51.8616624275791
1634,41.92556368540782,8.226361137808878,9.131252256338412,-10.389995034204913,0.513999204761409,6.512547363726846,-6.926705067294227,41.55127760632266
12206,84.81013881781666,0.10415853475759179,13.560100520373394,-0.3572638601355809,-6.853817018805591,17.34618117173287,6.2709299651757,42.780431891937965
6067,71.12774938050586,3.890167985382454,5.23124731204033,-0.7469693502191441,-9.42431944675232,-6.234823016312583,2.969503196239134,78.64190538022869
9037,43.04141545111263,2.901601431577683,-4.279824403729503,0.213646345662441,5.475377247105121,-17.778959208627057,-8.38971075283943,70.05506236469694
5809,40.56860828122178,-1.3638988486461259,2.7878073201246667,14.839412230535983,-8.421633144110885,-3.28960319646858,13.62878511882631,66.03778354375224
1983,83.53212080672756,-4.67645525957603,13.1516672435991,-5.417534189299804,-2.164823479437367,1.1473480056686676,-0.7112012341504791,40.73704044814173
7177,70.46907367966442,-6.032673372715404,-8.238299228947835,-9.571955216305618,-7.104249199708503,-13.51640200172289,-4.422661742369998,31.141816113380628
772,85.66609561134402,-3.876722976588018,-9.847628701211717,-9.745310196157778,-18.926572167696257,-19.583049585124524,6.603188594365169,44.45257805255657
8412,87.19276948494746,-7.530934884403331,11.375184896949243,-5.624858744084409,1.6985479674106727,-5.582818023525017,5.7326054426873,61.3015795359731
1682,39.66352177478379,10.453411343969556,0.9150014202540123,16.922861225050415,-4.542926014202608,17.692196341464303,-16.53691571808399,46.032905484829016
805,54.500362492068106,5.140081095385694,-8.855523487230046,6.993905850188912,-3.331165852603857,5.107789856437036,6.958582686295366,78.5107669426958
4419,40.39805264924257,-5.579115644865641,-10.630798357906448,-2.518734230869779,2.260773829827713,3.0925472702198373,-14.395683401326487,44.31580719223069
1872,87.92893416096977,-2.4177934130866086,9.508724167803612,-9.62524236214972,-5.038444096829629,4.363908768119872,-6.77352339733625,53.116322321087225
4044,86.82331934250074,2.754744075004148,-8.426832360105095,-18.35903302168259,-3.9113612449370234,-2.7519560944136834,1.3021960793041563,47.42045809397229
6827,76.11000264877651,-1.4716640190680794,-10.89275457330123,4.035857781803998,5.4547041224050865,-2.3577349500479556,-15.0192006105638,33.713200556469914
5308,86.10200254740238,6.527423388625865,-20.94426102669758,17.036127856360135,-7.054401771690374,8.481174538950595,-3.646018668559552,45.44502860811117
7852,62.87886780737543,-8.705213121457774,-9.333638524450883,13.008107369494029,21.84219379010075,-2.4438125769846355,4.956849779925511,79.9997065381158
10155,87.9064434483052,-5.878982565648046,11.98118258535412,-24.055379274615774,-20.383324113798977,-7.137624932457341,-14.020961543228896,52.83919580795132
1595,87.68272310963803,12.343360543104065,7.842196233474703,11.357481827585836,-2.21157403048864,0.5548425244220196,-10.509410342235588,58.970287129785525
7670,86.63729751757926,-3.4998740301239897,4.277250851070569,18.218269190894286,0.9748409840734666,15.048302014053188,22.324979923658,63.14114034183427
404,50.42082807681224,-14.840097045222649,-12.317663675722049,-7.136625703412677,-3.4528137520268625,-11.066640812142737,17.369829249012692,33.395268256076754
3538,86.21241343248774,-6.035684922496925,7.058637464138542,2.267140194677509,6.742884843953919,-3.939493940563806,11.194251306280265,64.28352641183633
11131,50.829425715551466,1.211699213226968,21.142925913221315,-4.794957092961779,-3.7355044785211,10.55957681173614,1.301647244264936,76.83751637862511
4914,46.673007530789384,-8.209746731939765,7.993215276127424,-2.8369456629758636,-1.1386583382086684,17.83061328492204,-1.8525510941634722,36.06777041893005
11393,41.87454235479706,19.785270755137223,5.250066652924916,-3.497108406149956,13.766316685607421,-2.0770008628893284,0.6319476648479576,68.36843443641538
4515,76.36917171318022,1.2678143417088545,-20.945747435038797,7.821899399682256,8.218156911686403,-2.3816055874125635,4.315880906169289,76.12499106990347
10189,46.23091366968555,-11.670090646594149,-0.5234022546228054,-5.1018711727236346,5.727027909373087,-6.82731193472946,6.11818022549202,73.5417837234302
5501,43.61300182889326,2.7301157164066945,-11.726321768930728,-2.493178038051809,-2.753371174000812,-16.88682634254414,9.738261799874461,70.78430555689745
1198,82.29077698778556,3.062309112559856,3.9029779337672066,-14.751643866823752,-6.816278732518839,11.934572297754428,-1.9036977163821998,39.098241505810655
8870,55.139662766602044,-2.3699625116295575,-1.8274970264569834,-8.723479917543601,3.722032467532512,-1.529393152086923,-14.827345500741348,31.26784673534115
5692,38.001123690203855,-8.996750760369066,-6.721531948614096,14.697349876975117,8.467912594764787,8.924248278643582,-5.418298744678454,54.76296994386132
5333,59.69352032765848,-4.414523965984352,1.4419746109845264,-7.287625226804004,-4.9767438743536765,-11.166365291015968,1.3851792414274076,30.219620822586425
3983,40.41183386523613,6.283270421007029,7.681393573197709,-7.197766230295276,-6.56696304201049,-11.640927199812747,7.7160417252770905,65.71329784278898
12406,60.42920825408837,4.739182521415079,-1.424056717329013,3.634061739660117,2.5995693748030284,-9.47019495321398,-15.370607688803812,79.8674693082982
8403,44.57094379032356,-5.162638406559726,-7.500893891197671,4.421781527789767,0.9475563517527286,-12.91806059477578,6.844278006900745,71.89289457791608
7630,39.63382735140736,-12.054329929795646,-3.7058469298087884,5.33611549051234,-8.1387300864995,-2.535376446877219,-9.62071738282032,46.110569435775915
307,65.90487270967982,-21.936529718352347,-4.658818333728865,0.8393522777551832,-4.7446175597449205,6.3140021190169175,-22.05746185927039,30.169339224648944
11372,76.6224428424167,-9.314640427381223,24.44698190859917,-12.486489944341127,18.388407051269795,6.27441263267115,6.435986381271137,75.9625630829126
8623,50.13883239657008,9.723435264620466,-7.767418283640328,10.045567892937587,10.238771498604738,11.158340795050695,-7.427468187371845,76.4380588644701
11699,56.52694054346793,-11.175292489139757,-17.910533750505873,12.816359604525392,4.617712536347379,2.518299355736743,-2.3702167659427795,30.852546691789613
833,39.44236022602452,-7.198606584974695,-9.644058315232973,3.4998947813301315,-10.518588328317248,17.48055883949319,9.642140184809483,46.631152511868294
939,83.74625568614475,-10.754083526282109,0.6059508962442416,-5.775659828526363,-4.59577181534406,-3.360596833085568,-15.87243597541335,41.050344986161605
9563,87.81349085850499,2.6499021025982423,2.898321243668721,13.158866356473713,-10.441195037231303,-4.313061736311418,-24.16065792428338,51.951939729124575
8715,41.37415461040885,-11.586683562225609,-3.395194189648697,-0.13792412375642246,-15.452445287830813,-5.384497256682251,-4.189496773010452,42.45716095991425
4889,76.01149130651967,14.023804631744518,7.313507420156636,0.5704157643049685,-8.371118125375341,11.46829519443333,-30.323453836240688,33.652843421655355
77,50.2277742727646,-2.3030639632043455,-5.886006889593169,-3.88235713499153,3.965909188348895,-0.5109824161811488,2.3778361614065853,33.50883321053633
857,41.433650593610864,23.417773256370026,2.010017478394701,-5.802625289090799,6.18179523016599,-2.3981557469720154,1.3856166293137775,67.64486351375683
4438,84.8893068324385,13.98536986173713,5.582846812531624,-0.08616525638194165,1.7323716176734558,-0.5080523288707086,-3.6555277693816173,67.07717874320659
4808,71.28136041474792,1.1889241010962126,18.12461397594783,9.231796539852379,28.477200376621916,0.2971284247405823,11.579192296428237,78.58853682789686
11894,87.63581220748785,-4.260032244755007,-3.2210725586766022,6.485321300551505,11.484004114532883,-0.6094790815484583,-1.0114283029471989,59.25167694885123
11015,49.89551643173323,10.780095269919592,-14.177476975475138,7.46504235380459,-21.09796387397241,20.205060452321277,-2.4363104250572722,33.70980248074184
6828,73.45593686621348,12.528648954575258,-0.9838727817624258,-14.327877502839145,-10.971517770567058,-9.594701787772296,-2.2815965630755177,32.291556983144844
5265,39.24614786211259,-11.924389331428966,-2.845798964373492,1.5551876320332791,-9.22702842111446,-19.239457380068185,3.2236481806041857,62.79451785624883
7819,86.62396675894908,2.5891764331487517,8.55736440071919,-3.312684373892756,-2.988000000955738,-8.63141295796562,-0.9547569942651603,63.17974294046389
6944,40.036062752099085,12.137391106606188,-9.298687952446867,17.269479806895,-2.1619282524439867,-11.55401480483803,-15.18871331043296,64.8821852884101
11340,40.99554694224223,7.270922475639589,-15.52732376229639,3.914085814511316,0.8749907849439322,-4.5174413322873885,-20.136590862092927,43.13391194921702
346,38.001870145731424,6.4653623057258045,1.0533154445559574,-11.77453252126204,12.473791183744245,-8.51017668388846,1.107154747429381,55.30578389284933
1395,71.16799821543412,11.55192351600951,-15.380406153862832,12.341040366823055,-12.462709273566318,10.662209215567199,-3.188035456008187,31.371969926532916
10247,56.31633222036651,22.503006249817457,4.516359047219401,-8.127807039249848,-5.855031419013516,-13.371175379816458,-4.817839682150411,79.09001006665396
4581,79.2526193975102,-11.547847623114835,6.029275739066216,-24.140289909653085,4.604284401896025,15.066066584497797,-8.0410798814691,36.00388558889805
9988,38.094775042501425,-14.437793977021435,-8.409272695876153,-1.7001790282035003,-14.594145968496239,-5.1539779068802405,19.439476824464727,52.82519660281898
9709,61.58874929814461,-2.8905112390174885,-1.9085047503812054,3.553860900093987,-3.1517710486020127,7.835837068746724,-15.473512483185797,30.039864354204468
2024,47.93396213491868,2.2827276946456974,-4.232435886331814,0.3037766053912081,22.923594863683782,8.261394764308099,-0.9905806880901671,74.950300826001
4654,38.550698189917306,-10.195256051795505,1.1029705075621439,4.212795183438535,-5.88193420528493,-2.4049166083112876,-14.445583115913028,49.78160551515247
5793,52.43898034076408,2.650703805894299,-12.016470561422018,-9.1040863819247,15.160624894023462,-7.526825939692284,-3.3028626088075836,77.65976310020103
3343,87.98795684377043,15.844820792372916,12.866450767671152,-5.466058828605052,-1.9105349149161825,0.3331794041313404,0.6462730434462305,55.77589482139422
2013,70.49673241802773,4.9405541692276564,12.921274474402942,-15.49514812128962,-1.750378929418771,13.201370756165314,0.7574503684512736,31.150492603567425
10195,69.92019638668177,-8.968443285961342,-0.060055685180903096,-13.890987797188256,1.870483392067956,10.494320149135474,7.59604632849716,30.97686777354467
4677,86.2057947210859,8.412416770544146,-7.309305256020392,8.943313397543996,-29.95498076744596,-1.5939924993973777,5.100077424754782,45.69994132476455
6142,55.47349525251833,-22.378739748421935,2.1538309810058136,-16.070012565896235,5.472122793289725,13.167787610916726,-9.946274916244946,31.15987151280145
5552,43.72201317152626,-16.989404678419735,-2.940021732902766,-0.6782500714192381,6.85070353524818,-12.008674397901633,-3.763461648106781,39.0827381801645
5385,54.45399596505864,9.796278235352823,-17.513755821479148,10.923857851175782,-20.699190521366727,13.736827359479086,0.40652043031320967,31.506047266695077
8405,39.06833284257773,-15.705243238951663,-7.947127275204895,-1.60780499278555,-16.6662393061992,-16.62190272121952,9.740125998783615,47.76983353812954
9819,84.8335938853007,6.611459420739604,1.2516026569302177,-0.07122791133196474,1.4614257055523034,2.874302572680965,5.9445889082194,67.17760970189798
11385,87.91602057000291,-7.7824938746538885,8.1139381401748,9.224715050577185,-8.803445623794062,-15.702646589908937,-3.24635094329996,57.04741763086862
4884,38.01110530729275,-6.464044284247096,3.014611471279687,15.479977133859975,-0.39291742065857427,-8.533939753493664,-0.7205026484759096,55.74507854403916
11902,73.61833020300178,5.792504341015388,-8.731906349802216,-12.235889067635608,0.8998217999733833,-20.4099461785572,-9.828874894972417,32.367035905564194
1403,62.28461767134107,-2.797488237890555,2.197891776695386,-9.124839282500533,0.11695870724937185,-6.608364316737129,15.36320084074896,79.98976246633494
6710,39.50407380201804,3.885275459460496,-2.492182450545172,-10.888396023543825,5.581423521774003,13.073663198901745,-5.613934526712913,46.459423198695234
3579,40.77493139968051,-4.579138304963954,6.724142215112714,-16.999572534548154,9.127005593056163,3.544335437971694,0.8525494841287922,43.552453288538516
12441,54.30174193809511,-15.310580805335068,5.223598834533917,-14.575696493735624,-1.7313206504281977,4.9458752903848175,-11.268030648164387,31.561990129524506
7594,86.97004196572891,-8.359913531495454,-16.038974744681035,8.524296670212482,-7.321641454957688,-5.932360934269704,0.48163828317025603,47.8980926392134
8701,81.44932300461085,13.865276266292433,21.59507626047433,12.511979509827222,-1.7854176677402567,-11.969504529442299,-0.49203630895053985,71.87075815343036
4765,38.99891417062865,-5.988064091429049,-11.54618610719439,13.70796562445567,-3.7255800136435218,-2.777301584065231,4.449268114827114,48.00372391831555
3828,87.43562184694458,-8.820624706932028,-22.69847187903201,14.03443428478952,5.0219385270353545,-8.462285903521888,-9.55615621187538,49.717918501847535
6484,81.90948837133313,1.8125560216086065,1.5152926733299705,7.702796168092183,0.9760084248916698,-1.7190085514870759,12.145272733500558,71.35332533567461
7469,77.96832957322304,18.160076825725785,2.6803135981765376,-1.2822362489194523,13.057397467101481,-15.398395001323566,8.831289040203465,75.02371368621156
8583,78.2597165949114,-6.7490793534210916,-10.65287352836106,-1.1332963419915592,0.2139605675387972,6.101121954593881,3.2521912519382767,35.19744841079853
10681,52.53878535390048,-8.398317686294911,6.400633167128924,16.136771124510393,2.572602885096333,-6.23054037663255,19.161930012352627,77.70601215819795
10913,53.26267234773834,0.026674848386361926,-8.325678352689998,-17.660696316439854,-29.80750115090229,-0.07253057399038691,9.393991291790059,31.974265479848412
7393,83.4073032420363,0.6189381979023253,-1.2614181456187714,-2.657404660478366,24.708653548160203,4.531794137965517,-11.48450142238675,69.44098245922258
3024,50.084060631384844,5.582926920411106,-7.154522812558632,-0.5476623356512299,0.79346202926327,-2.1266611146123067,-12.321421654721094,33.594895229729495
324,47.15743191725477,11.084811811067638,-1.0350070218909482,-3.4769307816828503,-0.19784172451921372,-6.65083060370947,3.204844423338163,74.33941665468693
304,50.79830952318843,4.862432942049993,4.4431475551731445,-10.722481526515699,-9.5492901874284,4.416678264058956,-4.973145033524538,33.17985450304958
9777,85.8126391171825,10.257320344099226,1.3862321278911858,-1.7432303958172488,-13.258578650260093,-7.93769375503413,5.85206644211922,65.22660728243707
7557,57.235311381592,7.350654540948945,19.452534628171193,11.451397292432091,5.649091070966019,-4.366753410712847,-1.2765937575314237,79.32628958827871
5406,87.05740530447171,0.5736388285579918,-8.680391834974234,-7.925840419971204,-8.339378994354977,-3.437674721290916,7.841964214622431,48.19990808765233
10066,51.84534881940304,-15.017918892921747,-5.707577526965364,-4.412209848783354,0.20424121318869898,5.897473674759062,4.558210127838413,32.62649430600544
9598,87.9734819498072,-18.36171600105479,-3.156272585544913,-9.39003430129111,-23.043731387894482,5.984807252349219,0.06523434403305804,53.84882698839216
10522,87.98216305241766,4.957894759799184,10.930609193113794,-3.0605332482922605,-10.506810592697907,-3.0368073512375293,-7.2214884281388105,54.05579174838501
7049,52.312355954611,-8.902349985840214,-5.618189735662929,-13.455824246535071,13.22466775385611,4.093163654014332,-3.2735689538636303,32.39968441018885
10261,85.8334292285693,2.6966988260723648,-9.843826703463042,-14.818104902953968,11.817671327082518,7.963570250252364,5.838274906853291,44.819896382456754
2806,49.231660869980345,9.830937810912996,-2.142636583957365,2.046550922282286,16.248756553895237,-1.208587985632212,-20.896670323995767,75.86702752192485
6319,41.62440561815973,-3.8129049839388602,-14.791791084312617,-18.546521137259838,-4.2417234108524955,-14.186222669338873,-5.596674824783914,42.03527999442184
1098,72.55101898163514,0.0707391215549469,-14.842405651732733,-1.8913556143758812,-5.008364137610666,7.74469697635635,7.927504656152643,31.896363134509638
11928,83.38579699434159,9.161785243637294,9.73594327085565,6.27087564265052,1.9414435618058437,-4.26372030784232,8.17235254255613,69.47132616263946
7943,87.93801110833618,-3.3471425926630016,11.329283663358531,0.82996959925052,9.101953453843588,15.44136854861932,-9.775715042126041,53.2405677164207
10455,49.98676621673549,-3.9334192071818213,-4.164342401771187,6.495386116182632,0.2489705325971674,-6.436815903003218,0.7357093545967452,76.34609440862903
2888,84.32306528272858,1.4498322384252469,-4.08949917285683,-6.811289752601416,0.9232198491751649,-3.5064079744835914,3.067494475457705,41.94906566760467
2384,39.904805351492385,0.5716178500514716,-9.590139711484872,12.539095863493767,-16.002036505633978,-7.834167903798329,-3.8821744237533045,45.4285850498714
4799,60.332472629997945,9.930443812791808,1.7050222954773733,12.403150534499904,-5.386573826054812,2.7198281962729034,-22.108999508231406,30.14272143354607
431,55.48466437993417,-0.7212945947685698,-11.375496572748933,-4.258121310032742,-1.4188457933353593,-4.247969698154422,12.344090065329617,31.15634821346005
9827,51.588223376812714,9.094469645189632,-2.734828751313233,-4.560059532068802,-1.0353559795349205,-2.5845561611706174,0.7907842786608841,77.24345643784878
7331,74.29907190083267,6.01871222693397,0.1684126478179272,6.176046233900089,-3.5670860164825067,6.479110299710053,-4.268377901376963,32.69908131534009
3952,38.033082391740635,-6.663084235984745,2.7177108582102045,-0.9257636738884344,-10.327838758571906,-2.6731371363689114,-3.2130904329951337,53.714299746290564
8748,81.90925736919844,19.48467567248049,1.802060579000457,6.088295278013428,17.096512875779485,-13.329637288458908,-5.779775472694211,71.35359244158342
884,38.23268746865671,17.52610292797903,-9.990224534013,2.802513293119665,-0.6974818475789402,12.027925437089229,3.8969829580951876,58.402973695867395
1852,85.88185494527657,1.0517735670321828,-5.215449936363699,11.904891232779274,14.004792383277218,-9.360338286557871,-6.181206175486032,65.07078518603798
6311,44.911263896790715,-0.9800682460861312,11.649396246376078,-12.873714105547807,-10.714849146390383,9.272827321518887,-3.743134618373029,37.74318609393805
11198,38.16664329830088,-3.0493277763619027,-10.876741857521777,-17.3338613508183,-5.234352771317479,3.5947609091686292,13.246577340395312,52.11826529219369
9662,76.26969638750288,-10.710182062022005,-3.902715080130686,-3.7822404089901713,-13.914948069184685,-14.943678534716632,20.076963057494336,76.18761802996016
9693,38.64204313905335,-14.428288601304015,6.593934784734834,9.513620063586334,14.225492100418924,10.591326831110173,3.1016284042092805,60.62938163213883
8384,67.33600324306487,16.964462738551017,-12.073423872955917,15.031959193631506,-1.6294490348968282,-2.9246694099040207,-9.869087278731932,79.6211103704957
3389,87.34065059597732,5.351486010510163,15.10568520567385,-6.788670779014938,-17.273516627114077,1.3483582520000401,-3.1159673594109085,49.29625311180897
10994,56.901727962184644,-0.8634936986110584,-6.790435578851338,21.275943915034624,-2.9635619082237827,5.222384724417253,-9.937777644416403,30.7551845098215
1404,75.63493829228142,1.2174692419406232,-14.711176328348028,1.2934585113875243,5.695126228202248,9.125433181566207,-5.813377454974281,33.42783426843191
9879,87.05655381144086,-0.18986379941895537,0.7483158299394383,10.934246505095642,3.0110534900076975,-7.523641405563087,2.416768438698968,61.803103609180894
5767,41.48534415741432,-11.045771378499046,6.413047489998861,2.8453095428554374,5.132770740863442,13.81944049448033,15.76397480840164,67.73261889695493
10144,70.35523157312862,0.3519842061576994,8.43654845188779,-0.745089405796867,-3.8786649306816585,-11.584027388175386,-0.551331802579002,78.89352566084905
6954,62.209104487884666,-10.441207665826102,18.244748580656747,5.505590533744426,-0.7782676689163361,7.403767999551922,-3.7265287489657197,79.98748655405173
6677,79.87166661138122,-14.149291999959747,5.6216438792573955,4.879503559500224,-14.421537071827832,-5.042586197835686,0.025477355870392304,36.5515077647412
5232,41.03142402926983,7.541837184872348,12.186076213956289,1.923585993088649,8.543651299075602,0.5389418968066546,4.766932363267764,66.9323790510634
4215,53.242795487254995,17.307064281275807,-2.4071698526796346,1.0677337874956707,-9.23212241333554,-5.012326883943642,-5.4216258066696765,78.01731869911151
752,40.86491388271489,10.46714510800796,3.4523381910292814,3.6577368961077705,-10.455720290312371,-3.9014322994739032,3.910034829502631,66.62058357314174
728,84.10745300903793,7.273571899499329,-8.906455393572392,8.48368070893695,1.8814294131503153,12.890259517339599,0.0338153512240004,41.603156063040224
7399,82.764573304273,-13.454853566091687,2.7037266867162355,2.802794598039875,0.17573477331538295,-0.7108076384979591,16.22217744150547,70.30887461899205
12286,58.26595351976759,-10.067778109956482,-6.857374654070924,-2.5356560492761924,10.459884052298651,18.487718610504793,-0.5184599658013735,30.452315711599205
125,38.86594449380299,10.370233396360193,-6.554091458076412,2.817701444845776,0.862937537987734,-8.055285271681592,-6.341472858316059,61.522834109787084
8541,58.34951242324541,-1.3175497318810887,19.825350186963888,4.9702946620697235,27.10761748300839,-19.17613029474299,-2.234592612803368,79.56365130224843
12595,86.51685418946755,-13.98181150793351,-15.642763196949572,1.373504850351098,-6.895334653173752,8.091995724791438,-6.091881058784744,46.517219263041014
8440,43.77895145774167,4.004582640885358,-0.9630504822899931,2.1663790984805673,3.0733649140187596,-19.948202810846286,2.308558353218892,70.98597175451492
1782,86.73600585577711,-2.0612534823167037,3.8450397623804395,2.827230222440294,12.905100525413777,7.149738871065891,-2.4231460078676195,62.8486958161541
3237,38.304687446064534,10.150339958317034,5.12920138260097,0.9874437737842272,-7.47315322404574,-15.968463300823966,1.8591684715392376,58.891212903894804
1048,39.43597996676139,-6.716876947275125,6.068542652938848,-5.0323986641894916,1.1659364816846831,4.041255020799087,-7.0333660330850325,46.649134184222014
10808,40.78500373994246,-6.547851307666188,12.723381644802101,17.967580680141854,12.887472836077936,-3.6392570133333884,-5.737882679524842,66.46708076040409
3472,85.8816115362836,3.7624465805039877,1.3566973038973003,15.150307735149177,1.2977907354483942,-10.582898925620812,4.9416441124621935,65.07133821806285
11315,72.60221153857037,-3.0255249291870765,-0.8329973335091695,-5.443255245666405,-15.680019861817524,5.462618470670561,6.306376961478163,31.91759255258356
1948,46.663524922931316,-8.329901394176094,9.846915792069993,-2.9339920841632883,5.448104668971306,-1.5308809755890143,-12.776127767329369,36.07595228138774
7978,67.12789624091586,13.610808696829684,-9.892813319281313,18.2384954056958,-5.2567415175968915,1.3495515403041787,-10.149320946456328,79.65685447546448
4365,86.50794983953043,3.542039523861859,9.789360065021988,-2.8255505201452866,-5.959703320213964,-7.758231468864052,8.615766588620383,63.50742583524073
7116,42.97714074660625,-0.9819188589741751,13.71704745756915,5.899352620183256,10.316019833462548,1.5632709180587048,-2.9918955349302925,69.96947251304415
1122,38.09265307020438,4.852110794052641,-7.091256446139797,4.69941161351986,9.71035412960638,7.435693919336762,-4.603506101379103,57.15036483388299
3616,60.13819357802847,5.123155118551566,-11.23332419533983,-4.82546690375406,-2.1423633171619767,-0.8051859592609262,3.3354541826957664,30.16433886518898
550,69.12105111035712,-10.006868398137772,10.45772337555718,-10.96626623831112,4.36155342915492,5.590913727643178,-7.896465658734176,30.76092548581122
6111,81.8362025365752,5.015951453698754,-9.302469288404684,3.3536211787030865,-7.410087381016766,-1.4222833271555482,-12.973294952641961,38.56231543066001
12037,45.04397174514768,19.72767506250998,-3.2786111741765507,17.479409165012484,-1.2820020844005566,-10.394645815922567,-2.7397264669155237,72.3948569787436
10025,39.74344835905843,-3.132241800844782,-21.74377619136843,1.334138393100378,3.4312818418754754,-9.968508238741787,-0.1368374151948341,45.827606322653935
3569,39.36470738452816,13.509616771385055,6.455530712479991,11.118376935801066,7.062389019405316,-4.364088255162794,-0.4326737834746891,63.14695912479143
6347,86.56192113489719,1.0194390646234273,-2.028303500148562,8.034142112256047,-0.4073159989992561,-2.509252669250466,-4.721332087448866,63.35678601095452
8046,87.51225686030352,-14.418534739753962,-0.31340037937201126,-23.24077061723611,-25.640750164992458,-0.24518563515921443,9.742792317828314,50.0858099737085
10213,64.91019941377625,-1.029579487043137,-7.370548718810096,-0.2803221299868829,-13.815275972165102,-6.924143384517663,-1.8732557582036968,30.07308406160905
10145,55.62533064716034,-8.847423772564575,11.333347307043361,12.231716050977967,4.347996980710752,-17.175444625284264,10.645552667211291,78.8875334000036
5151,75.53965144754997,13.28688479247808,1.2899849836645274,6.381619840562841,0.10456468271683778,11.283981388772514,17.01324246298003,76.6276938570426
6953,52.51378062246931,0.4672320278101345,9.163089400404676,6.136015042363098,-12.455559469170804,13.439193463583297,8.610413282800051,32.305524831662225
5852,74.20585781075799,1.1207376547510852,1.5418784806628993,6.03590427645384,-4.013008075469911,-4.205344537851078,-25.457127732963997,32.652097397628694
7908,65.30497638351127,-0.4695502592838225,-0.48810938411972804,-4.438229052858301,2.5482622567137114,-9.455065870472737,-5.50056931955678,79.89351489588113
7542,74.59597966582346,-18.47875552047405,-1.359155984244107,8.467272479838222,0.4193876151443451,-0.8526865099232638,-8.117891433492918,32.85201463812547
12590,84.29502736025414,5.964850549906902,-4.689106471169472,6.643533424499722,12.56915361485781,-2.745277814504712,7.417619325017599,68.09663352644593
3149,57.78728390332099,-20.125074514766254,22.311143199839577,-10.019959340427505,15.112746411290395,0.47889306019800204,9.205223253076827,79.45051310086198
5596,40.97060156903282,-4.5006891695104265,1.381073785875166,15.87029645717166,3.9060969672114143,10.36196349106728,9.973108779248534,66.81971255021462
9353,39.910534150879975,8.410092271603832,5.088210398670694,4.84719650074118,15.25401335320328,-6.454738817637157,13.607444836932086,64.58522648675137
360,87.57351555964095,-1.0794270138161635,-6.2005511751054385,6.360140751463503,-8.12594698195722,-12.441770434786148,-10.995250002199978,50.401920722727375
4391,38.68603735600986,-18.735789510679695,-0.9199584146446088,-3.760899006479664,2.478531829895392,0.8370624638173806,0.04876718107175097,49.183538829610214
12586,73.32916782911082,7.977865454734397,-13.260363563827212,9.308873662610434,-3.7418452324419715,3.365888165938031,-12.302991630742143,32.233614868449976
10812,56.64521519040608,3.0551277305265234,-6.562757585265475,-3.3163752672134255,-9.853081472287943,-11.283845099862095,-8.806979473795488,30.821151598478593
1623,54.381314167243296,4.380774968568372,-9.300581738362261,-6.46648672207183,-1.4832074691683574,-2.044570146939483,-20.042229848410994,31.53261295933783
9305,49.1917844129997,8.745609273875983,-22.613287320108494,-0.9597837491992417,-24.245465341451368,8.959585081795707,-6.951097985439545,34.15933824700084
2266,87.36384210858893,0.5645799543746032,1.2189070328814435,-0.4307574234177333,-19.149773978723086,-13.266045008069556,9.924396997821884,60.60385561089408
2256,38.932201275606694,-14.497211889535858,-0.9774347255254651,-10.872072521984153,1.7498643595286911,-17.167612314025686,-20.891277796579022,48.23678592959738
11792,74.57272992192513,11.584747650446488,0.15249436624888044,-0.2850911740102553,-12.123554822770938,7.204636920095821,2.8505324702778436,32.839857352576026
5148,81.92537477128052,8.608098401813992,-8.48272438751549,6.3121043613512064,9.29857699589498,18.072078985820635,4.5369421921809785,71.3349377031741
6857,86.2716242363775,3.5048643775605353,-3.6641182067335243,4.758364706146302,4.288152754444116,-4.29543210620958,-8.27822280880414,64.1340848146296
7464,45.92971492339241,0.4114707037631937,-0.09485438627253412,2.45189033073634,-0.13606911349502313,-12.860285134567228,17.846040672820024,73.26486702397114
4683,84.32763769352904,5.882213290389516,24.20189248276166,13.350793299262984,-5.929688383305319,-0.9677329349503796,-6.253739989175391,68.04346082960957
2021,52.92309928544722,-23.198289634035877,-18.948541333460096,4.493803230751894,-4.606167409400052,2.7777750341134455,9.48310504084221,32.12083760298368
12245,72.08862094478599,-4.080437062541566,4.962901043996177,3.2392473480271553,-8.79803851222818,-5.275562887731677,19.970373676383126,78.289417539346
4953,87.8892130554301,-9.965976465757594,4.377187644387604,2.5449000919736915,3.678234506691168,5.8109783583488035,6.234328943032787,57.35097287976865
8385,53.18497652291158,24.067249516706823,13.371772080704961,10.969505008233256,-0.1800773857935886,-4.129346511713694,5.048268887659415,77.99272306935833
7001,85.86453896297577,10.339529235461493,-5.533498109727066,7.530024604779343,6.481679236275328,-15.038540261771145,-0.2415607394303595,65.11003748808889
12049,87.21334870791605,-13.800505911420506,8.780098208389056,0.917873474349558,5.471973949315179,12.534488625630516,-13.580689607029345,48.777963006469676
2344,43.18301363824825,13.411205038050355,-6.085724866246368,-0.01851985925641978,8.50615449720519,-6.915816240050132,-6.308577783094837,70.2409662271834
887,53.44317244438505,-3.881779462262393,-2.1601128342662324,-0.277650794530094,5.73215512263835,3.65384854150983,5.24465810219589,78.10123475211311
2590,51.39744088386155,9.558080282502461,8.151774499028514,-7.850987614399393,2.7173751870143885,18.068479583245683,0.39129200307318224,32.855460674095916
7168,71.06421167149564,2.3517208513191403,-11.905775769633763,11.781484318041313,-7.634421783735127,-7.530737084284544,-2.8331944087684335,31.33634664475256
574,80.21850189730637,-12.413927998058758,-14.40593528094988,-18.5439219104776,-13.239256537466886,3.5538482146897103,-4.351356227110959,36.87479124499646
11892,62.91646809624733,1.8725513662609239,13.7207660628681,1.9249611378994091,-5.428889346630495,3.2391035145588836,11.938971478519221,79.99986044803161
8474,51.903153755748775,0.12410382499126087,-1.093801783612889,-23.10610548521541,0.17378745044696864,-1.614801028192587,-0.2792685577104649,32.59776789176026
3390,83.47167182145009,0.27787643260265293,-11.641591558541968,7.11964570313178,-2.7189893671593994,4.464115030556614,-17.55710458904149,40.65041279914831
10106,38.32127678759997,-13.296624255146876,-18.114871014858217,-1.0835077132685982,4.069082375189497,-18.569557280710413,-3.648959708429321,51.00492545679708
6823,40.54204870880699,-3.797568997408909,-8.145631380466762,2.0664522394917544,16.58878346293119,-2.891541093341776,-3.278683359736725,65.9836434666463
3093,42.9103441168655,-7.663272697527493,9.757898820789045,-2.912978540753419,-8.822628858782124,5.9542366565902025,-5.035845140164234,40.12029145119974
173,80.048877513814,-11.223770526445499,7.961116630201436,8.84055507548471,-14.111214593943142,-23.771987910865583,4.91725252095125,73.28485098432489
9250,38.09388254469391,2.5762119928888803,15.616415471979694,12.393295203929526,0.531049573335977,10.731539349433133,3.0136130287696643,57.16455845439605
7980,64.52499886607917,-1.2262904110914397,1.006694330297662,-16.99205636932585,3.769333698902811,-4.352944480252205,-17.75030291948113,30.04655577964322
8624,78.13154368791496,-2.8227369506053828,-2.5506914654060204,-1.2807053444273555,20.116501414113447,2.0757342870843765,11.707538958178638,74.9006629442519
4860,81.88820397299123,-11.514574596330212,-8.1387489744957,-8.897345188737408,-11.352179156359002,0.6249237263923177,-4.247986546431907,38.62209565681012
2386,67.42790930010281,6.670964732727135,0.2580464514750521,12.976319551206002,9.244012733929896,-1.1826320409930804,2.0472599945664647,79.60474790015259
10301,86.21460208443376,2.748430163152002,0.026021339177283942,16.14160224737239,8.577190685822263,1.5094377504397425,5.749233998578106,64.27805206179636
11255,40.687001788122785,15.040041492870476,4.597764818360988,-7.473555555304031,0.8691262107852724,1.8773782893402022,5.468567725395844,66.27519892493096
5937,53.89724421176349,11.559195252484635,-9.29866886790969,7.325098844554931,10.067036108410761,5.270204618982998,-6.939726711031126,78.28389651797411
10713,77.95941610804405,-10.133924943031097,-1.457768661723677,-18.080325805312604,0.9768519525930052,13.008480840729268,-15.18239012351798,34.96962632134907
5318,64.49971701162328,-5.369499458447931,-6.350893474915891,-19.15635221773923,0.47424101802179663,-19.262274424365547,3.757362091555077,30.04502356472666
8663,81.93318416459687,1.9500908404499817,3.8235825509508183,3.8209033863272044,0.18848168594226472,2.9750582805548924,12.19584473326268,71.32588550092945
2972,87.17263789852268,-0.006306687348899875,-10.405727000634332,-2.597852031183361,1.0289036222940455,5.3718946926166815,-8.277571428495886,48.62163210320187
1285,71.1045409539074,20.453051107799357,-1.1705311125764708,-7.0206868125101165,2.987904540196398,-18.683069183842544,-4.419538007326753,78.64987137230217
10084,75.62784994561576,-4.316044766024759,8.733986869866484,-4.717433351981409,3.1505779030610963,8.364101138895286,6.235812189592544,76.57631585213315
8120,87.7452474944225,6.410947417117063,-6.255898260989525,-20.848474374581617,3.5278331033501957,-5.98442268351441,-0.11016639310257412,51.44012269315683
9373,87.5194617184021,2.1201534517937146,4.163565396250737,-6.893224459635501,-3.342449286097835,-9.531239118663919,-3.058906006182498,59.87811408638769
6604,84.2895333454323,3.6696920073258763,3.4013378819028635,-0.458791765532855,12.216260613387956,4.952911650763051,-2.4350301748446395,68.10556255693459
10803,87.9996424895296,5.331505048572565,9.17042684154299,7.5095842310955305,-5.63092216215748,2.061033378170776,-12.507992672778087,55.13369889941924
4771,86.3059732790271,-6.168947876703249,5.085825206213158,-17.307349978097328,9.962056943628934,9.261455552433464,2.534917571909372,45.95391744912336
6352,77.33714551513825,-22.143070581575998,4.914284131174426,2.493370070846203,-11.340240839741254,10.028373284502477,13.786187108123652,34.519612833792635
3628,57.273146944183864,-1.518831517602821,0.8927607163125123,-8.750790208087976,-9.444659912764124,-4.9951066921030804,14.456777412709204,79.33522455366068
8418,87.35909556683447,-2.3949641843332627,1.4279139308773874,-5.974565961986502,-0.8893065862861096,5.174963825146022,-9.77650733699496,49.37554774526218
9361,81.94331739201361,8.67190612330492,-1.1658249628426414,2.3770915835456123,6.181495214264411,-5.796361166063408,-1.534286629059761,71.31412658359113
7962,45.87343969934133,-0.41632478304936243,-5.031421938144009,-9.058568020806417,12.771064990859447,16.175940357010237,-9.614113465476436,36.787890504724544
8736,73.25027691497546,1.1587211505959711,-5.379830663215092,-0.26151875350072773,2.607174989366383,2.198549058293717,13.15956772234787,77.8020135770138
3641,48.83551550797155,-5.38364638878236,-5.75963614327239,-1.3788147681068996,-0.34685970171185165,4.025801356025695,-0.34154028883910725,34.39982089701438
4210,66.98336459225521,7.333062484683469,-2.8584653874946975,-1.2295264359925697,2.606490426950283,-22.30988307254645,-8.220888554377082,79.68061600781405
2760,41.070901698187484,-2.04180474942072,2.322377606836016,7.985084621963812,7.9832317564796496,13.305666903522965,-0.17572784416079137,67.00477603578857
1475,62.133484619808264,-4.6141898728861,-2.900044941242921,-3.0933932911720423,22.350016856457295,7.450788819955468,-11.674556118989816,30.015021490986005
2688,40.95335304292094,22.465542472129393,1.545028493982982,-15.79010206039868,-16.36082228202154,-3.3854598602305375,1.6269241715656382,43.21249144433327
4711,39.01670813660067,-6.833979886200653,2.924400267157987,-14.501362165059856,-10.841385461467139,-8.268869206623338,12.855747472180674,47.94296723863326
1686,72.48889028907405,18.65617525166231,7.344822455257038,-2.3898720749231077,0.5353793773708166,0.6207978316596293,-11.41019843272238,78.12922309724034
4268,74.49563318945283,-11.40658056447278,2.0650652642965435,0.4158599727643572,-12.282782705355144,21.665195529347223,8.88393643779729,32.799765371204955
1124,82.35083134032635,-17.3952664522095,-0.5043482679720659,-11.812618424930012,-0.7378303216805391,-5.0486694552239015,2.46633919435508,39.171376356794525
1888,77.75287576858099,-16.143401802917857,-10.50586838161422,0.8289744492674704,-3.012737633808448,-14.909161129772759,7.5035668930616755,34.81702062239532
12102,78.98942213606975,-5.654060899790743,16.493427570754115,-0.4291337815762358,6.404851574129856,-1.844124217182219,5.547061049292809,74.21817836722728
11648,58.96732132841218,7.123586787511728,2.5474746959096213,-1.069399297083819,12.017052147386163,-18.236613245643568,7.697810842917281,79.67260632222954
9917,53.050389068656855,2.778499686940039,11.571367562726527,-4.345111270913339,9.41993339249654,11.354352409346035,-2.5438750361390112,77.93480416997052
2079,61.80802331360773,-12.417142133078872,11.330661540251404,5.453217245350713,-17.108852385359484,22.207699575816967,9.877698829371539,30.028432336373086
7998,87.99755665044616,1.0278083613198274,16.755182552072803,7.269970294575389,-10.471420605978857,7.467892694898525,7.263025569390077,55.34951610511547
12525,54.081595416128835,-2.3147915273484014,8.459036746824877,-7.460078704534791,4.774341027664338,-2.7489198445998624,-15.737733597865036,31.644870805786883
2443,46.32998636781167,-17.067514421165594,2.909920267735633,-1.6215535642868828,-16.902964602550625,17.19334451920575,5.487844370427756,36.369094345613384
7825,41.27894542794636,7.876887867336632,6.146510008480302,13.389608270234048,2.930277195298221,-4.633689474675625,10.588751588645417,67.37722861863138
8458,87.6112267194004,9.415129924438085,-2.4437387162322266,4.20232101581404,-7.778228487025492,2.678704036105375,11.829710580838002,59.391755840921896
5853,83.61249072683555,-2.3704561714304084,2.7124753032538234,-5.5713985371194905,8.551208476940333,9.555062049435834,-0.5846580336210279,40.85343766011973
3255,78.67844305345285,-2.32574929707765,-6.581905885274648,-15.582016239255772,-1.2185533235463195,5.390176809931436,-12.0765397541267,35.52729029077781
7242,81.01322174176087,4.356627385984191,4.273670578288419,-1.2897928326656798,0.7868035694055335,31.281133392807796,1.0164215162711996,37.664376489951295
6241,46.37731345023632,-10.709227839065678,-10.6138514868193,-0.5807043200747491,7.215798823012851,-5.152122365597175,1.0557336167483566,36.326856401015235
12339,42.13547194981463,2.9883590263108335,-10.58806190041157,-2.103077515799994,-8.55666110503702,-2.1306366988354855,-2.3313714267815158,41.22787346692502
9578,81.25036650611307,12.989901870625435,10.358637781241427,3.669672926222441,6.941800894833206,-0.07483650972707095,-7.508001369256069,72.08578714582815
11900,79.31086347570405,-1.111301875501209,5.531495967727379,4.885971857282795,4.947141704146002,3.0403746034860806,-0.33585627826292097,73.94612711550684
8212,83.88825768279222,-2.9689575200866853,-11.205771024285108,-3.0949353252022456,11.931988927037619,-13.855245717715336,-0.0011035547672192338,68.73610901883325
8760,50.20989447130164,4.963524885147435,-2.2758302476807684,-3.220008403507974,-0.625296274081661,6.1396811693795,-8.451510626588144,33.51946926715358
1721,86.48961224533095,-7.5919970139911594,-0.5423664690766464,6.614891618831909,-1.7282581774667627,-17.708848634128344,-6.65362074640138,63.5579271184089
3945,76.75576602888611,-21.815770309318076,-4.312881684647973,-9.480671486027413,15.929224830694672,-4.937643631460445,2.3421698139206515,34.12468201539093
11472,87.90568301694181,-3.1960707586881636,-0.31667312285897753,-2.1885134916302524,-2.910125939326624,10.377905747805771,-6.508275526656623,52.83044855796954
10157,50.40621997226093,-5.784293677129721,7.730962977237316,-6.804517084023071,-5.198926092760578,21.00335491758369,6.779826013442076,33.40378031661744
7107,70.18077800051988,15.797632204806852,-7.20755625595197,-1.4875684272901604,0.21407504553859966,5.260731280568432,0.9714904923613235,78.94653267818224
184,39.55633200748497,-3.5111310018675628,4.609929585663793,-6.7479951120993835,-16.96288736929234,-4.3999807263105435,-2.8806149966431334,46.31700333659362
415,47.843016078139705,-3.773245199925988,22.09664375406706,-4.592601514306625,8.173351508344611,9.568684842551992,-16.908980662735388,35.118706319948174
6695,69.06301865384162,3.750916335008828,-8.172766273635117,1.973859921747396,-20.451356814358974,4.133745683687416,-15.469902310938554,30.746344506380726
11215,49.69824309865888,6.46462563613005,-7.842571604634307,-17.214066681953952,-8.385374443271289,-13.370344294606744,8.441887032953586,33.83249510835952
1026,70.15402835709214,3.672041040466039,4.8547544357121275,-17.718310840431354,1.6529341120558216,-4.115005628466848,-3.941132097241999,31.045462261485373
2734,62.2737248665688,6.277477194047069,9.441090368261666,7.5772064603203715,-11.723832447066712,-13.070977090286517,-12.417512998874528,79.98944826182762
6122,47.367695506132996,-2.7126909802512946,16.77257185246574,2.3360069774759706,7.944102966075704,-2.8202721720027055,4.31725095970653,74.50976822545633
3387,84.83769061874672,5.9008672599873755,-10.43100180026645,4.957919845561543,-5.258393071461197,6.675283292701064,-12.327755460492625,42.829738357787804
7953,83.30726542994034,13.917350432764069,3.9166177327537066,-11.023928324174372,5.028534792230465,-1.0260437585263773,-3.651734460150075,69.58132266832985
5846,72.3674006814987,2.586559358184384,8.739352903875332,5.036429252131892,-6.936772835014531,-5.841151565878377,19.59115367263892,78.17869289826882
2254,87.73104999823188,-9.088534877116343,8.312106666023126,11.451689940835914,-14.124869230482858,3.2626238857951275,7.87292427832246,58.65720740250739
2560,75.2577690560128,3.59845827065923,-9.28696290827392,7.761930574294503,1.3090462150800766,5.146260689489428,-14.033551998189676,33.21130802986433
7702,68.45473955645524,6.329101934432955,-7.878798368024523,-6.6015850025436045,-2.112265082986532,-7.293174353527736,5.3412723559798,79.39766005934263
7575,46.51162643909011,-0.2708462587137298,17.530911627527825,9.702045399854413,6.545421625355722,-4.719054181368671,-8.909339089190903,73.79184762911534
6584,38.39189734568959,7.8275560769522485,7.82754243847866,-3.2884640790178428,0.3683908430738835,-3.165893823110055,-12.992930798260403,59.4092271153708
3574,81.46616078203046,3.0657898682479696,11.136404643154718,-18.074185095416034,2.1910737533151194,0.8217768289398912,-3.9967425197547684,38.147673573888966
6099,87.25157044179144,1.4932360942291512,11.301444727088779,10.346743527420237,-0.6043607645862688,-8.169701762817684,-12.179604866009534,61.07135331757489
1334,77.0307325629492,-3.412345210824825,-26.353848954418446,-17.93540892741232,12.726507174507095,-4.67951811195947,14.15298422040103,34.30849102295831
9998,57.540772051494365,-7.613553031188866,-2.692416664767295,14.246837026904402,-18.19368577487434,13.05601650094205,9.966836065290348,30.603343872443197
11246,82.45759050426543,7.915268176136151,14.626837037303178,12.812199796920396,-2.1298990428375295,-11.061830354612054,1.8125063529308718,70.69720267335298
6254,47.85127947043101,7.0944450657949565,-0.9124770878770223,0.33874355010771695,-1.8190592322358492,0.4586238879219072,5.113250761076076,74.88759076200571
9050,84.62277715652623,0.019773160993087447,-3.674007308550451,-13.255265665426272,9.352456331562069,1.366143441933566,8.378433866212708,42.451872329339025
5432,38.63106156035162,2.4364350369185015,-9.812714232878593,24.052580906350393,12.467719809601954,-8.307997185673056,19.43499282182982,60.581652024681176
9105,73.84179153217448,-8.466935708148352,-1.0137023047653542,7.832897441046487,-11.394322367332453,-17.97377947815423,15.392094722084321,77.52677421143271
1309,41.09425540967655,4.977609778380053,3.5524267965209617,7.200333773456018,6.268908554268762,15.956565377605909,-8.71682883893511,42.952661956120146
4809,86.93837434465507,26.35645438979224,10.329779614871136,4.593380742457787,-25.070828663137732,5.225861685849932,-3.635715400730178,62.207928532883756
3796,38.34006751304546,-15.569498621263019,-18.095312653857377,-4.089303000604766,6.910512396705851,6.15201122499648,0.2532874687962636,50.89053169633294
3712,38.12339393397212,-10.444185757646306,-4.23610986236556,21.957646520263815,-1.0743552407289978,-3.5136526436883693,16.51037773060853,57.48082055692563
8884,85.00639128032012,8.18400580389116,9.929469520808393,-0.6524943427827228,2.9362394655336663,-2.2769833726585875,-3.4940330057718807,66.86249311137632
3560,79.73672068635415,0.5103279430853942,4.459468584761773,0.038902343292541795,-0.20428374545406708,-7.405833161861754,1.9647447565756377,73.57100376035085
1908,87.41401704870172,1.4532082651383094,-17.952554664799898,-3.543160687032941,-2.132115305970329,-13.10254491359812,-12.548911053006629,49.618943268678386
10640,54.117377944897626,2.3898042293598536,-3.769456246424661,1.5826446418092277,-0.4615048040886388,3.765951700767107,-4.945457013545115,31.631238256462776
5285,44.74178193879364,-2.0864815110293318,-5.434007007590891,-2.2152555943685615,-0.6362346320405508,-13.806712756432542,4.236421082117058,72.07739655888561
9125,82.87891128030874,11.176952868934674,0.30068698096497726,8.64239822486098,-8.144258468993273,-5.408491004653298,2.363985438355118,70.16010838713278
5231,77.58682910857375,-14.932011447515379,-1.6477975650968923,-6.0682164304731145,-9.707357945162402,2.791876461496293,-6.254561229398631,34.69668951729139
782,85.68548646602216,14.453179595561584,-16.53717690688509,13.857868422423314,6.504630249484382,-1.6378088604817422,1.1451329777788652,65.50565104122184
9699,56.10714701756326,-8.693217341581757,-5.496056229285897,-5.0980725828039395,-14.122864423714729,-1.6244884316789694,-5.3249374192885846,30.969007973816126
3820,85.45353436748049,-1.7591291066690253,-6.830434125002633,-9.535551238471522,0.5141365961113471,5.4291501154224395,5.202096118694977,44.007329969094286
10016,71.45428614832159,-16.442127149490197,-6.648708273303812,5.783500906864334,2.7643169630310114,9.194977341272013,1.6688829017747158,31.472887008340827
2755,86.27387916998953,-0.9280000003006881,0.9597603870028647,-11.443290520593761,0.9185319588686564,5.6961401795253135,7.399851831650698,45.871662342971334
975,42.75199514638533,-2.2699895633889073,-18.28545291600031,-8.891562710183232,5.423625386838285,-0.9133564753043002,0.7954527696468954,40.33649770866466
4774,38.276133139912915,-13.796978421087427,-10.529945140135945,4.619575727633322,3.4584776013184024,2.487466270065611,-10.913101160574348,51.29454355245031
4985,58.47733712253688,5.407567542379588,-5.507850244773841,3.07173815238058,1.7218905613012345,-5.196112286031225,4.5691395602529825,79.58750740715327
9725,67.57999709852852,-18.87133584281713,-5.06063038121381,-4.829805054222302,12.481646951603043,7.1265318838526674,12.511730200700972,30.423107873909885
7026,83.2090773935856,2.082479935518857,6.434222266909058,10.364090767685521,-4.721880315399867,-2.914973326859733,5.799070885845695,69.71710538455397
3125,87.32669603008203,-0.054166029953882304,-6.884644227350841,13.021418302000981,3.6555955156503224,-15.793719395868841,14.514020338462611,60.762973213541
4414,86.49577672233207,7.213293377725071,-14.62270291683938,5.494181657579057,19.2621656043532,2.4373460215447897,-3.969742976107076,63.540988011601385
6539,85.84710783196516,-10.246932391496316,7.77681875382748,-2.061373128192123,-16.963278166113444,-3.8598844160349213,-4.531806873698764,44.85063234903001
7261,76.29029839519082,-9.042039571295765,12.603213766242325,-3.9822947120532746,9.517882419575251,8.619150176995017,-14.476898355612825,33.82529885531349
12613,87.80785888105268,-4.317618261440574,-7.38186477893664,0.4387991144097573,0.16908970902340695,-3.606742869371284,11.779343163197154,58.0935639217213
11543,41.65183707386768,-8.526466579323943,11.24169953498723,16.329751920393484,-17.698863415246993,-15.60677512358754,3.4235933635699727,68.00984010967505
3196,39.44521864700923,-4.213591639405768,3.6931435497146263,1.5751081790196,2.4329940123054277,0.9738241918522315,-0.4633048539026663,63.376889363767326
6554,86.12463036396441,-5.29101070984183,0.3279623188150472,1.1303422817952822,11.839280550894188,-1.444826774766557,-7.429131764644623,64.5000773960013
9238,68.35612185192154,-0.3126839073528356,-12.341311478387894,8.682124619948121,11.495550708498673,1.747892799238807,2.2973700313181866,79.41949955890514
9483,71.03471339608568,8.572039975157415,6.36334415367328,-11.00815795050109,-5.462620445662839,-11.547707573334806,4.930333180831232,78.67368540474341
6560,66.0830147539459,11.454416696586378,-7.519340990523684,12.444736047234684,-11.84884394309966,-9.947558118616865,8.779188960303072,79.80917209475061
11108,87.21612471851044,1.8332193488604134,-13.01508390947565,5.88237403805207,19.95745806914561,2.382134277462709,7.381979223147692,61.21122400316939
9327,38.05892018593473,23.676926333314185,-7.879317901851044,14.877623375436237,-0.23841809636547245,-0.8028264931008623,-10.25306311572688,56.71538267113377
4369,41.45427290069124,-8.058076176294307,-2.6891143882317916,5.225000150993726,-12.693603602571482,-3.1813955559422324,12.20041540084635,42.32002982014106
8910,86.70947395158669,-2.83730578016344,7.033725716796429,7.246217214900771,2.2455622882194737,-10.291524432188588,15.160799817922301,62.92848314238179
4630,53.85565339753238,-5.20416592724011,14.960998653577565,-9.606050346270404,-8.329808487617596,0.5440832045619701,8.480829277523663,31.732406114642217
3106,51.09903410320227,8.708712871185087,-9.145643458989003,5.008175184807911,11.071233825106866,2.1508369894509127,-4.383088789666834,76.98560917334922
9358,84.71686651338017,7.476088786441252,-5.61315801925363,-26.512343556943204,4.498210673176253,-4.872556587569607,-7.229461119577525,42.61542455955687
5025,44.03718834671375,12.258179074493007,-6.230955660908924,-22.27404871220157,-2.1317379123853,-6.511539041489477,21.319399079565827,71.29146323084551
11930,39.02436942003666,7.06932277847527,9.728768337691193,-0.42890962783744463,-7.975059137240313,6.967590878159683,6.710182865267512,62.08301759796818
11474,45.2237503082965,1.1995708506364142,-13.663558413389048,4.724337560512315,-6.763884627130422,6.0644247551369475,-16.35959711527255,37.421463459712825
5157,87.99374580694335,-4.918875737698215,13.207822117066213,-14.073944058906653,2.4770866440147667,-3.193951159652272,-2.1871537720550185,54.440830492693344
9286,86.04383218739588,1.9722345093431148,4.98323322842892,11.457145620855416,5.847444918604827,7.12782457064164,12.908492839663383,64.6944209790548
1704,85.23335956578902,-17.94849434425691,-6.032722182818757,13.110148262482529,-15.873732571676962,-7.080452689187611,-0.38879967064597387,43.56856428884201
9107,85.11412397424156,-1.1997912065650422,-13.92376738746603,7.832377604570152,12.315690552187741,-12.374779099492446,15.075397173229222,66.66042541470398
2051,60.49463040600129,-5.171857881198665,-24.331890863895673,1.1479927431289352,-13.83640744741723,-25.06153496606956,-11.937246432787624,30.125854322259293
8518,50.56409999999588,14.486556193148054,-7.2776318358308245,0.18404733618261765,-8.158381159839303,2.2983113674345415,13.226436348909289,76.6875169438527
7493,59.677428522973145,-1.0835921501802819,3.0950911716753815,8.2952915980399,-0.5441776738709345,13.173470501703965,-5.659282507531125,30.221773292262267
7142,57.99429279096175,3.058899699910382,5.136653483013119,2.1747220524771556,10.517116006501963,-3.15480597355442,6.439320960210361,79.49373175605103
3281,40.703137314037306,11.727509738254422,6.047134101940964,29.47923105544984,16.719906048800087,-22.202099020931225,11.273756426149198,66.30707364278328
8680,85.63629474162492,4.568647033171917,-12.230287038587804,26.71578307108088,5.522019611836394,9.378499198087939,-8.384654057092364,65.6112280330923
10844,61.00882135373644,9.441240812691136,14.195347328652954,-3.389319134524561,4.451670574491534,7.763651323418265,-8.640189334695474,79.92057799487532
10532,85.60557908699619,-23.382901780778624,1.8732229523172395,1.6161725030516252,-6.507756118025448,-10.38985597967818,9.897862934152156,44.32349335496106
4843,41.37985275167931,-6.232161880028672,-5.133092665187606,8.190309944553245,9.049409764310731,4.1748801875141535,-21.753205403732014,42.447341597855406
858,45.990776595808065,-2.7332456383060366,12.816520713254526,12.061270233800766,-3.802435556609582,11.930775597419046,-6.081401865167447,73.32174443622357
5243,79.57276825609871,15.727131953406698,-12.943257980687143,16.255191315658475,-11.739985119626706,4.732872621209458,-11.86285473890947,36.282538838569835
7653,80.11460639616298,6.124258621638323,11.534158584038444,-1.2236844528037385,10.862284849958716,0.25649974143077364,9.03714812404076,73.22334348862516
8637,65.7798614426338,15.539739123494451,1.1085823678256617,9.186187166985341,15.135471948268817,-10.151294862009417,13.769098287325878,79.84496670071744
7002,60.65692507029575,-5.12451770260271,-4.785192602932314,1.911963630855247,18.998828253580427,19.720134793825896,-0.21740939550562235,30.110042188187794
7687,64.87314453277651,-2.3084537004542547,-7.00446473089797,-3.3189042565220546,-2.912428242031159,-3.0774966717507684,-7.761108872140989,30.070272172377624
3629,72.12810281000125,0.2952631739623921,8.865567117040506,-6.831177623480099,16.533695087907752,-6.480427799148833,7.224128447554051,78.2739712788782
488,38.145783032738265,6.87690883232409,1.0832862839416342,18.39203477234384,3.1224507552723897,18.047974542711657,5.699994728323286,57.69590410517118
3221,52.25691558353462,-7.116044725098062,2.292100235731586,-0.13905228255156224,15.098393714895257,-0.3180109109871456,1.678327459339022,77.57401464562072
2152,52.76324961728278,-16.6031510740333,-3.7182756188666626,-12.39142313905213,18.803967798326102,14.772431179311248,-4.790853131033936,32.191910610444836
236,79.94702258376256,-0.002603597279586099,-1.613305198803704,-4.551363554141553,-1.03431348823117,3.9959401794265097,2.932162848939614,36.620706609190826
6432,43.11221456241003,5.95866678157316,20.654448137997463,-4.414482583050331,-1.8436160087376607,-12.169693752551954,17.20800941430354,70.1484649515515
11602,83.1957034082843,1.2104150325894656,-3.1921862278524356,3.4723314047371012,-6.326908571913828,-9.374906739884445,0.9760486423742385,69.73545261756875
7909,38.15912982324737,-2.921650494730282,-1.5569422132155983,16.08318972925432,6.8516845605734655,-15.407191889818652,6.23610294921376,57.81623309790254
12172,41.6536424142597,-3.6457653889608084,1.052518208698896,5.373652808463517,-5.995600119146493,10.750087777031181,-6.6248354186918395,41.98719792582291
12069,43.247637349591365,-1.1583296801765028,-19.918361624230727,-6.1828923700504435,6.880688744710827,9.89614356046644,3.177814455513819,39.67537374919891
2216,80.02114036088085,-3.833492690136911,7.745571096170725,4.597481889875255,-6.153362355964874,23.83323291848499,-6.360365921218695,36.68932604148081
10938,45.98393503190641,-3.8506285000587352,-13.52898347786671,1.9313454977452271,-0.07479269928271261,-10.277341496376335,11.97271040271179,73.31539060466956
4859,51.95293910370047,-3.189490672435883,-5.537684358342919,-9.23257876477381,11.374934832409524,-8.294573150753003,-4.456618950563579,32.57317575862668
5282,81.87341925603907,-2.41839395063287,-0.6939365371458144,-4.255262028821084,2.4755701689982534,2.668782741003965,-31.609714647733973,38.60506036651023
11874,52.40396681022617,15.885503543089357,-10.097777471756327,1.0096376330313184,-2.7453164658548475,-11.288826342615536,-7.715441507043917,77.64341141792048
11761,40.76928747670459,14.671013789781806,-6.670392480995918,11.320869537964352,1.385348256734278,3.6921287200742587,-4.12565242140209,66.43658256240022
8661,82.15046399303378,-10.022781208372702,-12.381018018067806,0.08645145044926539,15.22460285816113,-9.557747314464377,-6.714602656680465,38.92953862356414
8191,61.542891742559085,-9.292019764799296,-4.16507794500563,3.4430335653895505,3.347704506978486,34.62876053727743,-15.552236923609255,30.042499413480975
7269,53.25099846386147,10.00598848672321,22.44345689830695,12.153469035451135,6.269388811377935,-0.1370331311274649,15.436132042082757,78.02079427492389
9269,84.58571479352715,0.33510678435085883,-2.765696061383534,-2.5901597709596986,0.019454174873300915,-0.24587168035626022,-2.4311021199087386,42.38822308901306
7850,49.945273452637316,-27.50191075999565,9.066905459863326,-10.073678054614682,7.59000325946664,-1.8309540847348826,-9.350638194337481,33.67925623310519
7141,60.64778565641848,-12.878489763716823,-7.778258020564773,-11.979128044843767,18.59230475588103,-13.69550897210436,8.804229050693701,79.88909575862188
5360,39.52134698664063,0.41681872996149866,-7.417126375658098,-14.275168686260752,-1.3449480112591152,-0.9970709888006268,-16.915233640272046,46.412051893596995
3514,68.9631194349732,-7.8708143604494465,1.1660705048275823,-6.705768268191003,-0.5408699489744194,7.811349665344761,-5.381473656788984,30.72158970187206
12193,44.084416835518326,-6.236511143952049,14.760464987191643,5.8258901729685295,-15.740016135658557,6.185313193797249,-0.2680886608332888,38.65372478062426
4453,38.00003523896729,7.718435595754851,17.03782980711543,-7.042572893155298,-9.911148579577832,1.6608834336523046,1.7039900645045114,55.041975553872135
915,84.76305610715781,12.432266480925353,-0.9634680688540389,1.1457967121866521,-6.164584389127227,-4.33417407684955,-9.151807680131185,67.30322676685678
6805,66.41778322115509,-5.989474129944345,-23.2073156994737,3.1368273595634943,11.40461316523374,-1.5511793605703734,3.261725226353576,30.234726776124784
9369,87.80645288024691,-3.544400947457099,12.592357595248153,2.551307656330166,6.843267594337368,2.6372003253788137,4.300590998313101,58.10481811062901
6452,67.88638635465914,0.6021376798087487,-7.513764980580381,-0.9401813455676932,-14.671814652317366,-1.0559200642461035,-2.7363780192338893,30.482185489057127
2428,44.77235415437327,-4.821805602787209,5.206554170503352,-5.9877533578029425,-2.3398572432609397,9.46963497597448,6.423726894719499,37.889975835013956
3410,53.901702937464876,2.0776726094833426,1.737577158306209,6.399088564592765,12.510961075709258,13.656240562967286,2.2998167058349366,78.28563914866552
8244,83.13988609898075,21.666475905975986,12.044438533030036,8.002456771166358,-12.084123148214534,17.426722170739147,-7.828474499671777,69.81165041175635
2579,62.2760601661921,-3.2875997607401923,-0.26909587968619364,4.796123882300645,-2.515596624588132,4.060298799438073,10.66071026944824,79.9895160240655
11752,40.07902986292106,4.301678177042174,-7.148128168300704,16.98819480526853,7.761351603179093,-15.315722229678638,-19.89015995533447,64.98143917354284
8695,40.84362819619271,-19.21394401636759,-1.0227890194051046,1.205420484580265,-15.671934289798655,2.996698117410936,-11.351472492643783,43.42005231050445
1461,87.99999783291568,12.120943560132325,-4.693055001578782,1.148611691950804,-11.187084063806928,-15.761242230013014,-7.114577671312345,55.01040933288894
8329,58.04855949706554,-12.000574222562637,-5.059213154977491,3.5392821363244504,-16.20636793361839,-7.702153446467212,16.034173658508607,30.49524052462665
5845,87.56371489652237,-0.12727514404794352,16.547956389882604,5.546598076647859,7.681101286416419,-7.24905207170511,9.764854684421188,59.650151662297155
3136,84.28802566324507,12.076673370608425,11.751989452942517,1.5454389081107032,-4.022502036352621,6.189690893225121,-5.111985141609524,68.10801141901469
1551,87.11305084074328,-7.065061807551686,-5.733040958736746,7.815722527017069,0.03666207329300784,-6.101306114479071,-17.837040261697418,48.399940973617774
12493,38.359677422041116,17.050640493455568,-17.20625529012925,6.603032679266967,3.61970025384639,-10.313411088378759,-2.6361299372220337,59.22545894005961
2625,47.42887808722432,-5.4553425307936685,-5.1302444058895444,-6.126455731547988,0.5425986209557988,0.1718438276142878,-2.086145126821304,35.44136604009684
1211,75.99942011286493,12.317877505396659,8.166857283354243,9.837699685919933,11.231787445902501,4.1109811000264305,-12.752969189901247,76.35450951741208
626,42.93585076292814,1.1620833185547632,0.012881877197981003,7.553534182156273,19.891470574281517,17.105623782849285,14.824142019514797,69.91408446377145
2656,69.29263567387251,22.800336711172626,-9.93224560917598,5.189585764724219,13.923439180691402,1.9481521427383877,18.353976302270844,79.19509736033123
2325,87.08275627949094,8.037674634719604,0.6576203892992998,-16.203545945978156,-2.7248255411730673,3.756978525156765,1.7124773714684374,48.29024218152101
11143,51.001405708118696,-3.314308007624169,1.957109209700537,8.477040642925488,17.574911482255317,2.949013583133366,12.519621415002955,76.93248127820547
3162,44.694942095371424,5.488759167374726,-6.03056274086946,-0.08114786725568014,-0.47652253964245556,4.126625974643625,2.639054570354031,37.972820107011415
4537,38.16229007999331,-5.241390997349244,2.816008220236737,-0.7658819997840661,-9.14917179842442,-4.172306593014341,-8.44705702843587,52.156029900016286
4807,54.03225385565226,-21.790872241397775,-3.2697833558854668,3.7579303440134253,-11.421306526269024,-11.575821038307296,24.074894749521714,78.33622782479071
5001,82.55878659601075,2.5952684873541836,-5.65714681614949,-4.953688826459446,-10.201708234959774,-7.839861179800401,4.672054274156838,39.429069812894596
11747,56.65993613181889,5.489630399308813,6.3742470226607395,13.640268840565348,-4.987788548333341,-2.435076526214748,-8.629064833440033,79.18271263004596
12660,76.82084214072742,9.44738636710391,-0.3799169073263545,0.5718103660956516,-4.875867897788449,0.6896147338880552,-0.7294647153802275,75.83229038106691
8211,84.90973906114291,2.474295455964544,8.059871068508587,8.517562228324229,7.571926113859843,-8.653365349630329,1.8678287937363072,67.04007202107314
7732,43.619398197017446,-5.962723137716384,9.808527348817291,7.112862375543646,13.260564882871119,-10.07987925763788,-0.9692647402573529,70.792158616042
12190,38.353670560668434,10.156886018161712,18.903074067944992,0.05081947732322161,-13.101929780406731,8.126245269385088,11.954971912171157,59.190279843630755
9959,82.97750180391195,9.181096971510225,-18.954912533532074,-3.3977683030732804,-6.869478869782167,-12.854487493406594,12.416923991930597,70.02995082076768
10807,70.46678269465237,-5.327615687948624,-2.4485105304677504,-3.8954584180623804,-3.221943756213182,-16.497094877203356,-13.741088246144177,31.14109901544415
4463,51.10185380082743,16.148460311853675,-23.284662628143707,1.758056684250201,-2.8741997428212622,10.048712685698899,2.941589086005791,33.01286473814483
7027,77.80113978748606,3.7744632383077583,6.513161956077597,-3.5711596666803542,-0.9292954370162334,-1.4944609134021072,-6.2500710243718585,75.14761179374113
9274,53.75400514336101,2.6813916285883015,-0.946491743348087,-5.106732859496777,-10.351044844845557,3.9823207859784486,-1.547243681271584,31.772611444439015
1839,66.61042932848136,6.144982442251113,-0.2784111610128434,10.796252830299984,-1.348780434671697,-20.3647557035302,-0.55516406274698,79.73792230693681
1765,41.558675966140214,-1.9252482329455456,1.6277164733169605,15.393438318743737,-0.10165160196424622,-6.762682087001306,8.271561787629999,67.85572338202043
4688,38.95937838332812,-4.999618042095103,6.002264419640243,9.539998669374,12.493216707488523,12.987337918262645,7.151529561229255,61.8591918098278
11161,63.45796621214692,-14.52234804001115,7.705859247762026,4.5756171660425595,1.8436576211198559,8.551436655859582,15.683243100121798,79.99580498700796
4388,38.03941539159983,13.553433321550703,5.094335019098142,-3.537874963686372,-5.374301775520456,2.2374634735382513,2.3563465806684905,56.403287570990585
3077,56.70984292579004,1.0265832336165268,-13.168155319009216,-9.133833636478238,-12.929003532940726,-4.307678539903508,3.45461982920211,30.804258143595465
8612,85.011791852087,7.724461763546887,12.01810037628637,-13.043766266026593,7.910317477086178,-7.325255982998011,5.009590962866746,66.85246891834761
10220,43.61275032717662,3.118670945877295,18.84776021623748,26.504322946675707,4.529125646383904,-8.336569604589165,5.9693924708844115,70.7839966460846
8677,38.15411522021697,0.15708639150379194,1.34621944475685,2.701405608890372,11.716920985363162,8.794510410785815,-11.30222884554991,52.22835617191781
3531,77.91848435674544,13.906627958352288,-8.158356971875705,2.853897835284234,11.328991317168988,-0.413977858255859,0.5806578032597014,75.06087795929037
3298,55.97182872686216,-18.218226655117068,-17.790750364204463,2.026769094793833,0.7574464793864564,-12.083621142583038,7.161057711005104,31.008234567763882
12576,84.06515735168719,10.085713176744909,9.698999205454982,-6.401298732539862,5.549044441414446,-7.858447229586653,6.031151732381578,68.46325167812958
6889,72.92990122737464,7.343917322159317,-4.796800798230333,-12.807184210153267,-5.077964187881947,13.165551300919837,14.255535711973991,32.05665539607219
3126,57.41573575255932,11.559821475137458,-1.3163079078877522,-33.23644142410704,-5.9682544554279815,8.179735880963031,-1.7873923477919498,30.6316600316157
2367,83.85968341431533,17.179236944683808,3.50178563054265,-3.785824681124525,8.141737488053495,-5.3600742581553416,5.661373440089025,68.77946326438509
4380,73.84347301365126,5.314133822351365,-14.716758893617229,-9.330409994415824,-3.1815081754988372,-20.21562276465252,-7.658493914639295,32.474035137153024
10540,60.55928531054385,9.41739289194226,-1.1773620917114949,11.796922565073036,10.781794718020128,-2.7791748209688105,-8.731832201490763,79.88057297983053
1950,53.84582632486193,-3.3454657609890854,17.512618440028046,-2.256433542590047,27.345880223198662,14.393716097252414,-6.7641269214319,78.26372937268248
9246,66.867268560636,14.385286093834257,1.0894094519598505,13.666889671286631,-7.974918409229703,-15.178851261096419,-8.58051280161244,79.69907354294725
4068,82.79815630105543,2.9674211266334964,2.791811830941304,13.122722163167975,-12.325139285919873,-14.700536116342429,-9.897136799931209,70.26541866700613
4687,40.68619688697771,-9.018553723009964,-5.573561016947439,3.7211348886708304,-15.37491303232726,-2.9177079211324637,-2.588551051293452,43.72639407140392
4621,61.74830916722696,0.7091092917176055,16.414117647658635,-11.309056840680253,4.0897502313150165,-8.132156097781953,13.464207365426429,79.96864573938987
4844,83.96121152316636,-1.657019267122468,-11.90571402612613,6.211474817210561,-15.792875805284828,-13.858565921665596,2.733925242037199,41.37547756869702
11414,54.287204143796004,24.399728594786517,-14.28591898670608,14.967271320276287,1.3915284412029407,13.260902100345016,-12.702420102524055,78.43260950829239
10699,38.01612370264655,26.94081256442374,-0.3379476403678591,25.448993381896265,-10.286446471982895,-4.137389342208227,-4.216274579722327,55.89773334489737
6648,54.55597646500999,-7.526034606725672,-16.519998138357263,-2.7316333083625848,-3.1101982493464444,0.1666501939474757,-0.10749063512266004,31.469201744510773
1535,63.559097938340415,15.191218445551698,-3.086867088182308,1.5177358219129842,-11.231792516101915,-15.771429067635172,-8.267937947829944,79.99374740800874
3046,84.40127061215604,16.13929281660142,2.3972802603127468,13.926625265957213,-14.798970414867314,8.703571535983755,-12.32945582796506,42.0777085551646
12630,39.678261221687485,-1.9549817027679104,-4.818934498939898,-13.257389159232037,-23.693171513755328,-10.022712097988597,11.074163043283354,45.99464046491456
12438,82.39412837133627,2.8599632296590793,5.151448989330655,18.985192460122107,13.141017543065676,17.918690246774865,-2.1916318789681175,70.77554388020044
3418,86.97466613688381,-10.370604786900069,5.980517978332526,-18.19386100038177,-4.873365802973163,7.301367260531793,-7.573987614242903,47.91371863210635
6518,69.39669419184092,0.5507023626504237,1.558868660062459,-32.64979912278058,-9.633009255918232,3.386032122018613,8.087065858558303,30.832205243008442
5114,79.8511289752503,16.436977447761507,-10.255975479915211,11.44015999524367,15.186135802471256,-9.214313621108225,5.188331691654579,73.46725351153981
5666,42.592809484610356,14.39645623671529,9.893549087766536,1.7884936086830996,-10.462801576033492,1.4862511165801475,-0.3703283626472471,69.44114175779018
4958,75.42886385122078,17.536898013547237,-8.203453425513693,5.876307924333465,-4.244092676455242,4.406747722081315,17.826011424193222,76.69155004530145
7570,70.75977078470416,-6.328903104924274,-3.461722558205817,-6.056861818318805,-14.918457686286127,7.4934847321208755,-10.41073038519782,31.234774199077094
749,42.77386228494484,0.3613309911733281,9.28604386032243,8.97948924164783,3.4124206572922273,4.008455376713023,3.398933812511138,69.6936500955897
7223,40.708039045999186,5.595361768190071,9.42004409847042,-27.73219440362611,5.293898112347283,5.843099704129896,1.1201474817209074,43.68326562893238
10469,84.17172658877577,-7.817332753983674,-9.373018725970255,3.7170652041379166,15.824163557173602,4.968885073902182,-15.239481784041672,41.704963585979726
7764,87.4634562597372,-11.74045809561305,16.109818382694726,9.246688613766246,-0.8453686394472795,7.525357291059045,2.3149705262898177,60.15163156950542
11751,38.10616480116059,10.95515194480763,3.9518032828011487,19.17299254490054,1.870710853434031,13.020172327414272,-1.7795061987585323,57.30151452157572
12405,83.81655207404408,5.032720810562827,-3.8809987699378796,-5.902334260261194,8.51327651688978,10.473936336966375,-4.9122235392227225,41.15546462503667
5569,78.688453855693,-1.839706537386324,1.5806609712403699,9.452496670788618,-1.9226565431807283,-11.16873884834322,3.99492008721546,74.46464527336143
12105,86.25379669198273,-0.6534871170280699,1.6008751347573071,-10.139327213422682,-4.302592570347949,12.368553193398073,-10.334242232755068,45.8206242364781
6070,38.51110619122003,-1.9306327669699552,-4.527458216964356,4.970919278704424,5.940104720543358,1.6033991242115895,6.278070237348722,60.02932202411996
11083,87.56355708840344,21.942443287665327,7.737022890329519,-15.708775757183055,-10.365867874004026,12.106844020026069,-11.925120639576573,50.34901481783214
10885,87.1421499117144,1.4601778743172258,22.37502140562425,-0.9604090622265264,-16.329109599799867,-2.073527482832942,8.623827525302794,61.49281122783564
282,58.006205898492546,-8.58608134558095,-1.8599156870079325,7.103565175129729,-4.707920456230615,-4.879342825847472,-0.1760267849830464,30.503836617303733
2717,40.255246338087275,-13.430302160887258,-12.888256635464133,3.515213768734344,-20.262449595151164,18.033120629245353,15.857663076231567,44.623286606111364
9447,40.192004508300286,-16.131005941044563,-5.0661578075512175,-13.839505281656733,0.09502749650883506,1.6604694723139675,6.57264084290105,44.763040409838204
2462,66.23544701454598,20.133011887157735,-6.731131641374452,-1.4605242659226971,-7.470484083111108,1.8460657077184885,-4.335648284535391,30.21024641881115
8483,48.847812861117006,14.124738603622193,8.249122025167818,9.996863904906007,-10.804790115532354,-2.8213515802927187,-15.323537558471287,75.60862924083101
1241,86.84384657090287,-6.858924999329531,-14.380827340292077,-8.862140014467856,-6.68665051879906,-13.237745445183162,1.9126342044591507,47.485282393646216
4200,44.3690548413806,-0.675422458679097,-5.171083841594145,10.952194399682508,8.824414011698424,-4.19543102513223,15.551668200277877,71.66996948097136
4572,85.31382148397986,5.167626015530554,-3.5905644290219962,0.7100534845415057,12.409690894946191,0.908694000466135,0.5130906495240616,66.27356956695964
2786,64.41699866233621,-5.0194586202651355,4.9414486262237975,-15.207543623215173,2.938239232467215,-5.951481263321039,-3.021980829450983,30.040190008917588
9478,87.44283584384222,18.241565362754287,-8.536246380064995,1.8732528336228524,10.688146430012395,5.996091946817432,3.0388097769294213,60.248597518478824
345,61.52290871845212,22.059190250265534,6.949235103112623,21.704750466614207,5.978398237694141,8.429489361421957,-6.957723509176002,79.95632587834146
2776,82.4366017840573,-1.7523202484754752,-1.0099794008946084,8.86203318413229,-7.524982644401701,-0.5440013106163328,-19.32469565147382,39.27681612751474
10665,39.385046532795144,-3.159525938713286,16.502378201993775,-30.6463380497296,-2.611671586843231,12.933212004886407,6.582333286003496,46.79427195541131
8140,56.3853631925195,8.690407168591902,5.069517060118099,-4.864613310896895,-12.880472995385823,-10.77992016570105,7.656186134519427,79.10905597291449
8887,76.31615937136058,-7.7288552071182295,15.5097834445142,-7.056499938885173,-3.3802822474225094,-6.23623276649268,-18.793582846678913,33.84155252395569
649,59.10713793826723,-21.9718900238782,-1.5707680941377573,-7.505784598150001,11.233845722933866,-5.511129492797089,4.904155454358633,30.30494735846223
10623,38.00005651528938,9.372459572854622,4.375953158237253,-1.7450534221282663,-11.09642418116618,15.214667610322731,-4.074207261966492,54.94684210994535
11075,55.396397167507196,6.50429333098516,-16.060692801529868,14.70865531165634,-11.137685280977829,-1.1639597039263851,8.390023672866455,78.81565081969643
6376,81.20395615285538,4.826496874543972,19.81950902054405,-3.3678533037955067,-10.437660066883689,8.863603760683183,-15.926093113944361,37.86477369904562
6950,46.89626983042082,15.901471220073095,-5.1528574963043035,-10.08653370626388,-6.877283927007837,10.108031912549107,3.492235965066521,35.87750344161659
9261,59.318937958508556,6.534429557205438,19.214099667419998,9.274692376567966,-21.768149097177798,-2.7904847489246127,10.414137232357294,79.72751063586246
3173,86.73153088234463,2.3270134739009882,-5.289294308803873,-7.810089205078069,13.543654837928862,-9.568256980102891,16.899842447558807,62.86221609855155
1123,87.85853205769902,1.7447490937229446,-4.5961019508309064,-6.163914964868632,-8.960432124330774,5.752791580438464,11.135504573771431,52.34417923489743
7692,39.3691958856848,3.222095338428896,6.197058851940507,-2.8296797126247064,-13.535167354555806,-13.330624887077773,-1.258929828785969,63.15996917340158
7310,38.209284879841356,12.25444385183682,-1.5819763151444601,-0.821235011273044,-10.226061487811647,0.6532736513789972,1.500062600837158,58.22807122460729
517,70.87416725973087,3.447816525475089,8.49635597762634,0.2865914175385446,-13.061995972873817,-2.9830664647193075,1.6060221901798502,78.72756814268547
6392,76.6151832920553,3.4817593064088497,-2.3933372481178132,-9.848759724808662,1.536750721778596,5.094045804287144,3.3014672392683413,34.03272111303572
2902,44.14176200158197,6.460672892949003,14.550041795738604,2.2608924292515957,7.066008303324666,-2.6473370777582566,2.104128783384512,71.4123995684672
1876,86.35842128428936,-13.84539371117992,6.709398014022163,-7.375141213372295,-6.0089924335249005,0.6919522337532826,16.466185105975626,46.09022137729238
11006,84.57851972675029,-7.327828021166062,-1.1969018418742106,0.7912377187476605,7.670820516333311,-8.720541010801925,3.1169792818632307,67.6240835866311
5182,38.002057031425124,9.148562879526464,-14.547143605349113,21.442019884575284,2.3168070642160785,-7.971671196536941,16.037250174440953,55.320698206851766
9671,87.96741709617197,-4.742651385405667,-9.731344400603684,5.272126045864169,-6.000280270105232,4.214480546241962,-8.888536237733623,53.72403622865713
9953,83.38839541546756,-1.6351100983657219,0.6108871102014056,0.7159905240356211,9.885593700213018,12.17967462709873,12.279259649631662,69.46766506325542
6722,39.85737228772283,-17.3655427402387,-3.788681461322692,5.908536544919594,0.5215468326158732,15.0955525225507,24.933014522187893,45.54384948454495
4064,40.22583304639075,-1.311391046297483,-10.203848958677998,-7.68425771827054,2.5963103564957435,27.07748992570686,-3.3690301162697582,44.68800118458442
8451,47.80361475586269,2.2802460491448158,1.1104106044586528,-0.7485561996135797,-8.008678084911374,-9.489334178495845,5.839828967343973,74.8511933019596
4635,76.1334893857013,-1.4682835455579335,2.2597982169606037,-1.1898493068265332,-6.037257070816439,-13.965836604350956,7.951958434270851,76.27231667110264
8157,38.00658521778943,14.892877567519244,-2.496185290106069,-8.215386468027502,-2.6654990272044343,-8.462057306952392,-14.248578359703647,54.42622519715648
6470,63.69490881525986,3.1825854874172443,-3.8522171070494764,-0.41354806219201434,0.3919384830501383,6.515716462768902,-13.873940032131822,30.0096598314774
5396,44.71177814589366,7.437023468316512,0.8745615609427402,-7.501259433053335,14.190534169646245,10.226282025572146,8.447202392941929,72.04526155314102
8805,41.42264127847957,-11.870254904964145,-12.404956734697395,4.823367682453207,-8.098861577655917,21.089365305801742,-4.662046217625578,42.373932100498344
9499,82.91706187243014,4.414216161648866,4.238112027783535,13.535703020707139,-0.9565209958965837,-13.199560006246978,20.815646657243803,70.10995189832812
12156,38.54774321974152,6.972075348419357,18.785781417966454,2.3376202444841647,-1.0115027272371337,-9.767347879547653,-23.803800538706522,60.20453056022377
10555,73.76510028053434,-0.10705457009925037,-16.609657931072913,-9.89065501204884,14.699888186273265,-7.400914082003908,-10.26880617345411,32.43647598556379
4390,86.025082675142,-3.024798518173138,-1.617079312841934,17.00162091931503,-2.1271910510831233,22.51590150105944,-2.5876179178144385,45.26113108195435
2252,39.878653948055074,0.7906181255593889,-0.20824718038179382,4.613588719695572,8.394775039357386,0.23603290183944048,-11.601875641443824,64.5080679817832
9744,51.21214477254077,-5.993114399895846,11.057757254937489,3.3174322960154177,-14.800159411008993,-15.582581887290406,-3.342593217228085,77.0464616012743
9517,39.55140555535303,-2.48804240460391,13.647407311900832,0.1132614410986122,-5.602865005630157,4.154447587657316,-11.76058906365772,46.330316120499475
98,39.46468360458775,-9.45922626162757,8.826925940838795,16.982243669635398,-11.337763004925016,-14.14941618149426,7.6192653384376285,63.43142230989761
7872,85.46344978757733,-0.18253866317585607,-13.200747755385613,14.35475410658119,-3.5798103089205657,0.7351503667564875,-2.504255789448135,44.027606293930575
1178,86.89617239268574,-2.394133156974175,-12.730089109421442,-7.754445907519329,-3.308022810112182,-2.317090964359684,3.015969789068712,47.65337186329376
8507,84.95130342248206,-5.7131867995228,-2.4129864515191586,-15.487808314295986,26.59291197184335,-7.624307407952013,0.35814638950519,66.96412462548463
12618,45.95619952126508,-3.852098076254097,6.432456065138465,-0.3480022571714264,15.214458549030267,-18.03061659895079,-6.995710575360111,73.28958351743077
7159,68.27350828166728,-6.732070318480004,5.760213803793274,3.6844641321286153,1.4378462986709333,-2.4332980344115973,13.052825690614869,79.43747348649583
11704,87.52813306555196,-3.007506677251128,-15.394589206735663,13.843726704096666,4.608654992532374,2.1238448939018593,0.017168071876006073,50.165676022588386
5691,44.51241566395291,-6.8199736702112626,-9.063532081379224,8.07216202910887,6.35768865984234,12.969290791224484,11.59532446256925,38.171178727624856
8644,80.90540594642115,7.771682731030936,-18.08905815881309,16.642408359357972,-3.054567407960591,3.2663381723319587,2.194181145282946,72.44696070649172
8487,57.02768830364521,-4.588737997350491,5.613266010168887,-24.521380160419056,-4.964196395403512,7.835774682902306,-4.741431495285164,30.723849296035752
9885,74.91689940759088,3.8367451986549823,15.971913650609483,-0.5842614877265803,4.043331743992341,1.4802994655894324,-11.901949410593115,76.97697678274608
7166,86.11784289876995,11.7400062855682,-14.356127389948805,3.4664799923836274,7.6465657625578665,-2.0113462488627594,-3.6481202762718827,64.516582354385
12482,63.28218905047704,-3.059748684018007,-6.88119926142164,-22.67425012074545,-2.3945610468691187,-8.49000836999307,5.443993056873046,30.00159266393575
8231,87.69935217669632,-13.05063967093502,-11.464311037104428,7.510069965296048,4.929120412431109,6.0534672025070035,-1.8483215952935574,51.13451140843404
12672,56.91382493529342,11.355591002766872,-12.188521488574587,8.352231307398316,-4.229177307051998,17.728785890861246,-9.363865942242873,30.752144979777206
8087,39.12444110920209,7.468626454468389,7.883166620370799,-15.558150544659009,1.851707700473497,2.870860575737089,11.99829598577971,62.41334524031094
10152,39.246132852746896,-14.501398259402912,-0.35696416119124763,-4.551517913687062,-9.178474145012192,-17.299573738554386,4.681004700239583,47.20552788505535
8981,87.88748935546386,17.269676330553054,12.674939448716273,-1.974923151981176,-4.519839279470442,-1.3702459805045604,3.1248649831590214,57.36915039237134
2455,82.49580464299781,0.27932065753367685,1.3080246249186804,7.656180748333074,-5.0578109385680525,0.5071352923663278,-11.33222144148736,39.35028430539184
9164,77.76609332047107,4.689405627910162,-7.694473220557586,-20.13259486190242,9.232683130317469,1.0649920218186533,9.083786140155924,34.82668871872692
201,86.1535024745617,-3.986303383477382,3.1295425892151356,-9.04373757232986,-3.994643334672225,-14.809499373898687,7.45146332886595,64.4294922005623
12415,48.52495146944588,-15.923512981250354,10.024407509901078,-4.740323613959579,30.045889821210935,11.340164409282385,3.649944959554131,75.38315407482618
2264,57.42211220998742,-15.346597784140808,20.762309320170832,3.993493611191835,-10.628789426862662,-11.960914585574844,11.317414071415364,79.36980032339265
750,81.74967491673884,0.19290774068792677,-2.535141565335829,5.967130294146377,4.373049588986003,-2.9916074935600396,-1.4406211758745222,71.53631429662046
6365,70.18523668385978,-8.376399659821912,-15.768837801994986,-2.1899891504344486,-9.42030338613909,-9.329597993150115,6.380608813276332,31.05480478682799
3577,39.96742437479952,15.696425974635023,-8.682957546960433,-8.095523724877527,4.450087608460367,-3.627432927366989,6.784688430032656,64.7211347110006
7403,38.97313184349737,12.911190343531771,-7.500891004696509,5.691751654608067,11.250059202956217,-16.616790361507476,-5.068977301476951,61.90721409759679
11420,59.21206387562449,13.799819684766534,-2.3723852724029926,-25.059047290928184,4.663731350520715,-3.8804806598179153,-2.998228942419277,30.288635409640953
8921,87.20815733843907,6.1288868664328655,2.815843378359262,-14.849419838745701,-6.911528067974797,-9.773806392630679,-3.8496249226469654,48.75779539926968
2873,38.11231961902257,7.193379254703185,1.8500990084048525,-14.104016914889868,8.423235189366576,8.035078170342766,-4.825720563061173,52.63285715380099
6921,82.9026980337156,-3.022499773654185,-9.38605078238798,-14.52508056855654,-4.394691762866928,-13.447435816125402,-21.543085849198622,39.87113318920636
308,49.53519489170936,3.9196000120259296,-2.662783124805718,1.1363262379780075,-3.1326149365980775,3.0358499416025113,-2.56121637065108,33.93583556378867
1954,55.171307683893104,2.3280194370792184,-2.134063087795931,2.560166194883161,18.236770426104275,13.214670833250054,-12.041050411424978,31.2573890100577
8344,68.11314489282898,-0.5403567312691453,2.0227723472859593,9.16634656980531,-12.142670316521695,18.249062946972238,4.8033156526798475,30.52847063821027
11455,86.44781009417134,-2.8107559632421273,12.5293831441988,-6.386660739357075,-14.836400781173163,0.688913774486152,-7.2950519522387385,46.32819500982198
9945,57.92221858056722,-7.406831372987821,8.594147236901115,12.955679396943172,0.8295399199673642,0.44758830267339644,20.223588638711313,79.47889163864376
7874,38.283876757343904,0.4423497914215007,1.8560199566286963,-15.329338958708071,11.787802520596887,8.145415544078409,-1.4844384443694807,51.243239180645766
1261,78.77971470211502,-2.5313428618792195,10.800544960136023,1.4408028337009906,-21.205989402535504,9.28667094775437,-18.46609390717346,35.609264997946696
6851,86.49440345293672,-12.024733295159074,2.512099709437383,-2.3536047031904057,-6.784963745196451,-5.09249944141187,4.034018969036037,46.45523514714214
7219,51.80838168498184,4.036043018833095,-8.505381383155427,9.675099620333784,-17.20845474912103,3.6820991396822462,2.9989546679815033,32.644962995088775
7911,85.85040178397871,-13.969328569589957,10.919406904351055,-0.4974035621406926,-8.140894371360828,2.695871263381364,-1.105316897777773,44.85805056654577
7885,49.86998341520941,9.678352428820196,-13.226209609635175,15.630493661672666,-4.77432993584905,-8.860714599089,-11.064378129299397,76.27446038053901
8927,55.194590770083295,-20.804626830415934,1.8084022957313348,0.3576820237380843,-12.480301439533523,-2.99726271900962,-9.203044384736517,31.24972449099735
4358,73.91250703933093,-12.845365862560495,-2.816285574409587,2.555174009862051,-7.825477880949308,-14.47490610338733,13.438967555300334,77.4926030089128
2373,56.36054497058081,0.20714527632668606,-9.525228554322386,-7.328921878487562,8.425510892071296,-9.033165618300936,9.054780089781367,79.10223302750848
8997,45.60466476934582,1.9391476903880935,-0.09143513926481063,-12.792033658170174,3.7872457631117213,2.3091392372017845,4.647527906107044,37.044435062823524
10911,59.87893110967526,5.450979175404813,-1.4625476690034422,8.846102869352686,12.892344993019382,-10.795386821220196,7.617355113653998,79.80441349804198
1711,87.0256111066164,-3.556438228815768,8.442974001116516,-6.481039096601139,4.28552520015889,-8.680884045310698,6.564610638020888,61.91158527066193
6260,86.43333424179484,-5.048598604323273,10.142614420235612,-1.81226241540552,2.1533664332051003,7.1047608204361286,-2.4444529449628276,46.289153524925055
9457,38.20460977302298,-11.872946639329298,4.68119209852878,-3.97121125885167,5.677240065735189,8.93295592160391,-4.504550675120527,51.808037673791794
2780,68.16515353814934,8.083500478980806,-11.13008997000642,-7.0843233301110144,1.601362978310774,-11.294433327377691,0.03160643851840324,79.46060483568105
9792,41.96175157310155,-0.3214306129266515,-8.177799154174027,-10.406912884071337,-2.8299483774000906,12.649784298462635,6.091624803881357,41.4947379467074
6629,39.69232902971663,-11.710994417299094,-1.1212222348150496,-2.334460241854954,16.636433767853035,12.004129431105044,-1.0613745965555514,45.958292531772
5550,78.23625657804112,-2.863205637571122,-5.914111850668834,-13.133557393684045,12.731477585173018,-13.056320249476592,5.435597107635841,74.8206075963402
7053,75.59709875394303,-19.88461933344228,-9.57788450598065,-6.2510193737546,13.027964350929116,12.122034992402742,5.39556988800935,33.40571596501965
9427,80.53089082972733,6.365506452423211,11.046040120357096,0.653322127519944,-1.0209370848595523,6.694876357923832,-3.8891257711260603,72.82323951239455
2446,39.15428678398374,-6.338386784312725,-9.004443008420015,1.9854158052516477,21.385996964471513,1.9190381129193446,2.1652112794364524,62.50879226104356
3843,39.46521578099288,16.44957394901233,-28.64153004235544,-5.042335012886654,14.275317597069446,-19.233927818056202,12.112495046832532,63.43290766964594
11756,67.03252485195391,-4.990352099446796,2.6500590196135176,-1.4910935120965896,2.3762303308878954,-2.9762219651320794,-3.8682563393734477,30.327368536810386
295,87.99947802435764,-8.577363344929184,5.278488851902013,-9.643417464298697,-3.3219543388687978,-2.8466307388319008,-5.676105797712544,54.83844966834055
2176,40.1250935935123,10.906035962445028,8.756560614789965,2.82298992796586,-6.557178021383409,-5.668233152166634,-0.279647634297812,65.0865582283764
10828,87.94539642030527,4.212805359337853,0.01998463509919128,-6.752014968647365,-4.518937189192042,-5.320080290064141,1.5325428569316357,53.34857714869239
7916,75.81090033222611,-2.791617015790249,8.772698518101276,-8.651646889849246,5.735070555245016,14.333618930517247,4.047672561033011,33.531864713539534
3063,52.77031530262278,-10.464870433218534,-7.6381383399148115,0.8802743332821484,0.9439317701239224,4.6866964046698865,6.838878114895052,32.18874069692236
6817,59.30063688713169,13.677466902514041,6.766446871290878,15.366354229384736,-16.424616223955653,-14.427490507075477,1.5323034558728899,79.72477932275937
9401,40.47241654692968,-12.068230420921758,8.195492102046158,-0.4083981097209116,17.540723450125203,2.896279927008259,5.958438601295492,65.84010995170031
8154,61.351852431280925,-14.808265135075107,8.44437822012457,0.9434617323336352,-2.094932580015077,8.527206845684375,2.6984482161772276,30.0543869670091
12662,38.22214838942199,10.743082836315187,6.113401013485133,7.268898550940652,-1.8336201982176072,8.858281394872416,7.390484017819295,58.32536758331717
12432,46.320259298116376,2.363531743857443,-4.296903661028829,-12.976437651072603,-5.727809155040627,4.5777687373643134,3.2359178987019597,36.37780222106083
5850,39.877595660548735,-13.082293257971308,9.861463397501202,17.273505497732863,-3.3442419671608903,11.954754397586377,0.9907468117398732,45.49450592746882
11193,49.48064489887433,9.287488584019192,0.11418543054263933,-1.5405613507855156,-12.561790162414571,0.6336872934640226,-8.605294629551995,33.970805111710355
1938,54.70063884669161,11.321446023396685,-5.906608861604024,-2.3544024138382724,-1.3259860858476475,-0.1324894572813564,-11.008518795538826,31.417790509645716
8367,82.69206738431379,-16.142774261662026,5.789552362852584,5.982542830828609,-15.50674082923106,-3.9149476084874397,-15.03458339155947,39.597971492960895
6935,87.98809627409705,5.8778093179234014,4.84502552415522,-5.13426248013552,-3.365859165983367,-2.2246729490850017,17.521389381219528,55.771391338075134
6793,57.92519337272954,7.643018778296985,-7.543087102586496,1.3408910115817525,-0.5454394523759122,-6.987173456687364,-1.5342343900299156,79.47950852643515
906,77.9450924036281,-16.02965730685997,-13.058764669802613,-12.758263282401598,8.488340439886908,1.210294439743147,-10.993423133191808,34.95893682842605
8992,82.05119602734541,-3.6153034951038827,-5.853903412064031,-1.1635863257876662,-4.389509299948618,-7.495025206518205,5.945847250160103,38.81198190241751
9808,54.974595970090014,-5.740972531242798,27.165861164631302,2.653181917595939,9.705849940601656,-3.402516647958299,-7.028725189191599,78.67684290940633
5228,68.63219581524324,-5.980513561161248,-12.757784220227732,9.279930737024017,4.581070362991533,-18.39136230653085,17.55399745336534,79.35730630219106
9100,54.63647244835303,-4.0302449917670415,0.4567646873771531,-4.669325800733519,-8.937553126634612,-1.561827287354188,2.711261052003644,31.440470995946416
9073,84.5777224724092,-4.597821798663311,-11.317997282480324,5.7286244904852435,-7.181067433114251,-9.099496835522867,9.838973227854474,67.62544624572482
9120,38.98232358859754,-13.444266047318806,-11.045562646004674,2.263121763392695,2.244131865231372,1.772694584988418,-9.418370969617435,48.060892002774295
8269,74.34573251815331,-11.16989123354223,-5.838929060764581,-0.35636113732315616,-13.976581005670294,22.549129636793317,-6.135587370660703,32.72278397944396
8632,81.80713686012781,-14.783024805157154,-23.409193136833046,15.503439640551127,18.80353014964095,4.946748103901697,-5.145825799890243,38.52906793395037
5293,85.43530829750873,6.53655711104156,-5.748907345427159,-9.808505820547106,-6.600524633921675,7.045017369001901,-19.99648184400057,43.970179439549526
1183,46.32291318302694,-7.098653514978177,-16.97792859568962,13.508592863832229,-3.811538588549235,-2.5256149441502114,6.678556173574708,36.37542550018542
9225,87.93277801487574,26.796752120575768,-27.650353916782827,0.5781540579610001,0.8079740485985293,0.9721715621365935,3.150817243554397,56.83209728478842
12146,63.198786967095124,6.691668751954398,-7.705704270863133,-1.0945611397131767,-5.490570706241066,8.057656937801724,-17.48190114703551,30.000790337658408
11672,43.433927273257886,1.2541925960323284,-10.164856773952685,2.8041424089921825,6.413635657213318,-10.76723869667164,-5.821839068311995,70.56177361523545
8014,43.67212416234575,0.6916798490885541,2.9663584969984065,-1.3028817774813284,5.695326722584454,11.525573550895611,-7.279075801388114,39.14335421332049
7748,79.14732520027374,3.1315164609038986,-11.754986439010235,-9.124612144754359,6.689838792151656,-0.7248398896316293,-3.9864406658885914,35.9143014569389
5161,82.5812572020157,-1.8966305196285524,-2.8762231726153797,6.836248675970774,22.663061695804622,-10.642867267120106,2.338401187912297,70.54266278307897
8799,53.654756647931684,0.094716402779672,-4.1295182630254255,-3.554167211239894,-0.852758709292478,-3.193170498483737,2.4548593599484345,31.812364788736584
11998,38.0201365794492,1.8254691759538337,8.122574610983996,10.240928021884512,3.4414203363012192,-7.860556716733451,6.620793261536619,56.00320660415893
695,40.14518373680323,-13.016108900397265,-15.872145186509243,-3.7739915629933862,11.852863712429414,3.9722805317931216,6.290827379596953,44.8680024883779
1084,75.8635656393728,-2.3847071116460707,-13.164810984769417,15.774313055181446,4.3167662176957675,5.411584909863284,-6.474334594390655,33.563379952950896
11235,84.30754574313319,10.718073906284095,-3.505596608573025,-8.751302163057767,6.603075265972159,-1.441556905431489,6.7043119944567255,68.07625689577436
8112,53.035629061945954,-4.859755573691955,19.1732392791169,3.151963693512542,0.08971530715822669,-20.35346287823789,-6.179389835585962,77.92839531691793
7613,65.79781981481817,2.7303052870468694,3.1034060501055722,3.3567592632213605,5.2045839287640625,14.51966619713618,15.908224620903283,79.84295079663065
9557,38.541183335217085,-14.97261330258967,16.356537037194897,-13.190914173920941,-11.47657160960506,-2.680387086593531,11.86133850088847,49.82638546482853
4508,66.8181568211392,16.337481637415884,4.055398627431882,1.7594215998500375,5.115612989029536,5.968148758592374,0.23134849801057944,79.70671322716132
10683,71.33010248420035,2.3910663337632707,-6.4595674729651265,26.067482265596304,-1.906495953776992,2.5396118008989035,-24.389490334786288,31.428631931881444
5952,69.6594193281867,-11.967172226066769,-17.22062484520112,-5.334274765872472,9.141636390510866,3.9308800519863123,-3.2022411025463797,30.903275446414437
8648,43.86948439724077,10.643691119049905,-2.1119888846178574,8.921893319763647,16.109670027073324,-9.213922648323909,16.074845443972336,71.09420307976092
5512,38.85804967420629,-10.438287272942814,10.830722392567669,9.585988432634894,0.1618915944184967,-8.222501630719643,-10.687107576529877,61.49355330053654
12166,63.718085012237474,0.4926015789600344,-3.4927555669809864,18.526847489270136,10.960811988510466,-8.639418755749473,0.1843481745757614,79.989684950299
8419,80.59842310961308,-9.307582108158098,6.971235081632194,14.635922599093199,16.80011137979185,9.964312725956916,5.211824201873943,72.75656228145067
7085,53.10739481872331,0.9375441363997551,-0.7780313466676668,7.143517459047892,-17.708712341964215,2.7106850671301324,5.350722023642796,32.04054959875177
12788,65.86610977198626,-28.16040908980419,-13.597816319153173,-0.2746335143830569,-4.458428567631426,-14.344546616639553,22.611232856107122,30.164835116816217
5907,85.65442127308906,11.975259924906203,9.604986125733095,-6.823277937449824,7.05729652286622,-18.15001820196166,-5.908033645844552,65.57247354129629
9790,52.26941544415381,-4.787295076004618,7.889379006260365,2.460811583277303,-4.680063859501135,8.660338147672691,8.488237553899015,77.5799591472136
9668,75.08874842690231,9.190390681872081,5.384527408444427,-22.87265289911998,10.202320961116646,0.1414142856725786,23.90158700360476,76.88291940009529
1482,50.32589087818034,6.017995666144985,9.411593626461556,-4.521651709881288,11.519799227002013,16.93665262849219,10.345434115707427,76.5491753431125
10910,43.881815657696166,14.163992252809937,-11.220462290233852,-3.2925920485362554,13.746880276317164,-10.252248979559603,2.899101893005671,71.10884935225631
4138,73.19187163908434,-0.07334166548132348,0.19937124837633127,17.784557844748438,8.734109289731203,-2.905885687847899,1.6152119623288972,77.82817891318597
10201,66.16457727380192,-4.400324378792681,-0.014939968023982137,4.728784760790739,1.8518771150251312,-10.890760745484583,-7.101143682606676,79.79890019089831
11639,42.374405480254566,-10.864342033671052,-13.595459249257157,-7.155025318769031,-6.153050441827387,-4.331352065715177,2.8256708899231917,40.872549745016016
7097,52.668097765686404,-3.5467554440393343,1.0561166978009462,8.676575460826596,-3.8009202556948205,15.309953877357998,-2.6202335130694117,32.23485567318789
931,38.01052523783804,9.587232104442789,8.43893149900252,-4.310534539135334,5.87153265614261,-11.759822349598082,11.275910316278628,55.72536274461151
11176,68.07962500676203,-7.26966695747276,-1.2663431435664132,-14.025633754570293,14.665507268631746,0.5996453808474271,0.93613307832039,30.52149085849635
2846,71.80441946627691,3.70033414402629,15.643415111783847,6.512970021544763,11.746286653232723,4.703703570113509,5.514042426586752,78.39833750209284
830,61.107410061908666,-7.867552516409893,-4.600310699035589,-11.545312609973513,2.8369070739659055,-18.739481284782567,12.303253622587784,79.92825913148039
533,86.98060203515365,9.000421859353544,-24.78068534947549,-7.474972478797932,2.836182981691904,-5.903458989308703,-0.5456958799066134,47.93383229525477
6223,38.55015787280317,11.485612478016611,-4.713431767173745,8.302819299466044,-17.10483465657582,3.7703410064819365,-1.3545879436475845,49.78413765948993
6041,66.00496561143977,-13.505545460194508,-9.036623220237113,9.739311031737504,3.034673448581444,-17.260188063505097,-5.966701398008546,79.81874657741733
11269,41.3946943841385,8.85464541932654,18.089389585509522,21.682607845542265,-10.156603130403749,-3.4078627199925586,10.675243747477785,67.57818624624487
8392,42.38368428773573,-10.394797186278979,-12.050055987452993,-7.2350482325226215,-2.1129024935436207,-15.200677572136563,-3.5888260747230993,40.859012536168294
10488,71.59154712582168,3.049916942017595,0.2568601648333638,-14.699507123356195,-18.027334182854425,-12.373892730390853,-1.0345092592194405,31.522663737451275
2272,46.6412473113738,0.2727402293524274,-0.7433125438931637,9.444552594548604,8.17538178940738,-4.517683639699542,-14.738399449836127,73.90479332001186
3638,79.05695213744073,6.16451434942388,12.240326360832656,7.102584695372082,-5.4161969679381174,-18.572943955550514,-15.939314628477595,74.16179240196328
9450,61.39524833934252,16.903556746328277,19.4862668990936,6.042471828215474,-1.9817240970304475,0.5797761949872997,-4.151305569705422,79.94844227817876
9541,74.79803242809473,0.499414963333923,-2.863024829170753,2.78336397270681,3.893102469880709,14.969834279977864,0.32760045680061695,32.95898299021515
336,65.91903548587824,6.835385170296132,10.10788823810029,-6.857235925789577,20.541232883989608,22.52242950010889,11.393565657183691,79.82899981538088
10724,39.245405453703704,13.17062912643286,8.353538986585882,11.205067292741848,-10.133530521702873,-16.147163722791497,-6.659178543881197,62.79225499717958
7122,87.43278593809447,-8.033336334251509,-25.129959052457323,-24.90330071618532,-3.851210491882457,-17.9936205203357,-0.5044368761923959,49.70481621629115
10357,49.322499892408466,-5.519427029632942,-0.74151535782391,7.5057558743495445,11.2379453345887,3.7625827398201346,-7.396939843311081,75.92668131373998
2829,73.98734203146347,4.369657792030262,20.34555974432116,-8.3382446980789,9.599037298937851,16.31548321012573,-13.90553178576628,32.54385796527738
6075,62.96108446793252,7.224298222728052,0.7826495791541717,-1.0050884640719133,-10.390597546844077,-7.213525045009303,17.74934841557923,79.99996971160893
1988,80.08713409862789,10.727880347045096,-17.52909554170425,-18.794327546766723,5.637409553435411,-0.658676707390609,8.445222868501924,36.7508945891721
6993,84.50770581782072,12.00281837747079,-10.192210432798918,2.939803709191124,-10.014605208647376,7.666530046641285,10.566733209495581,42.25564476114697
4159,87.78319318385914,-4.444930115072685,-0.7445692856298254,24.958062461133864,-4.972432558252419,0.4394219345413004,4.411147738808553,58.28532123414406
4389,86.70107455722348,-13.922384739702737,-3.1275211109371934,-5.342620588645013,-3.9136078233966956,-7.901733758582436,1.2191831250242782,47.046443258960565
6436,63.45484728050587,11.160564176411793,-0.869393249635467,-13.235013960271552,7.197193378318053,-3.4507703875914952,0.510196097467807,79.99586193655695
6964,50.35878057672355,12.45104774679293,-4.941619195814867,-5.105168094984024,-2.062046019561448,-3.977167074994074,-0.7238251944610645,76.56848560962447
8720,83.99761643107779,-1.1204773510799533,17.967952285398823,9.849923579773318,-6.265829691377924,-11.80416101310044,-5.11929497686689,68.56834935477902
697,41.34474732980344,-10.77363313375773,-1.5401692308870567,-6.08028153661234,-7.418972585886264,6.671884464119737,-13.560331422395562,42.50800128922738
1192,39.05698337147716,-8.855353431108313,-9.479200668642797,-10.604260982968231,10.017546249473599,15.89853139267202,14.290775707942833,47.807507057613556
2313,85.03827831237878,-7.869551835015135,-17.846275010185707,-10.479677451545255,20.225142781684617,-9.110222091011085,9.191529301978429,66.80314742033391
8224,47.03373585587579,-1.0401008413582429,6.990751753372475,3.534563265972403,-20.394772236186377,0.6713796526777758,-13.648773865723886,35.76257789411342
646,86.80068242701557,-15.836598617708146,-19.652735685113253,-10.703201701626185,-0.7650094273918735,-0.6361016722398215,-4.522149863221401,47.34967216334149
4647,82.37018366464733,5.6896451010944045,-5.876863375496183,12.357909313158222,-11.677017675196941,5.760426178542618,-3.8889112419110945,39.19506454306662
3698,75.11400307341361,-7.192544436623278,2.2516195499616307,9.116776064054964,-4.497273051391404,15.278702965321337,-9.194080526477302,33.131051018914384
5346,83.03013369313987,14.989207340686594,1.7501726755975435,10.337753367130407,-11.91186623442242,3.4713301460046586,-0.9200457016053992,69.95973743870336
1713,79.03839890588246,-4.413328852221018,-1.4702431542165662,10.831267926915043,14.961805246048101,4.354434005660353,-4.12119757208861,74.1773241234482
5836,42.89024403792126,-16.376635782543435,-1.7435815182988335,1.51656901787126,2.778372669712486,-14.009229876191089,-1.9724343656884133,40.14746771942109
198,87.7606185370562,9.766386982338332,10.884991885021524,4.649764032703825,11.789391419720985,-6.621222243921709,5.537385525165234,58.45134316786793
12063,67.05460702177746,-4.4123684171507165,3.3628158885835564,16.783159021599804,13.512862440766202,-19.416440784337617,6.291935982340824,79.66901217922909
11869,45.02264539817938,3.3352743108768474,-0.016889263296267085,6.0233619288683995,-2.8287273138832014,-0.34012400609107046,-5.034270804548376,72.37281558989213
373,38.14237555911505,-17.183176757014785,4.372648465719094,-0.2519769841699001,-11.899996862513476,-7.629273536561714,2.5411551045397394,52.335697623031635
9674,46.92181371448669,5.580864587128312,-2.6465780890995823,5.836358204524452,-3.714461540119145,7.790489290244582,-17.599849951056513,35.856021161515784
10063,73.7839515674665,-8.204744928807225,3.5103638303811593,-17.487153396584198,-11.054745240673817,5.8487681245602765,4.219236640938005,32.44547964175392
12786,65.41507991982095,-5.983987211181091,-14.818746125502688,3.059913793885434,-3.3924890229679265,5.046932872571189,-0.6693840626688558,30.116925652546918
11772,53.77973627377258,-6.74628200520929,-0.862824591073435,-9.835359964392232,9.38085820829545,-8.492644449733561,-0.29985915256794504,78.23761469727077
834,64.11958089100723,-36.32473578690299,-4.04729227817631,-18.595977458631438,-1.047652511715047,-4.903687814603764,-8.091269451394409,30.0250818093734
8779,76.28833782767113,-19.476361378090935,-1.3784507337838083,3.3169087108726885,-4.081134624214507,9.509529909796399,3.0535266217356813,33.82406843188039
12098,85.73061774820893,-7.925372611283155,0.49868069868972137,-23.520087387679204,0.5581960376530051,-1.959080469172987,-14.772523534981087,44.59235777013788
11969,49.32174916820559,-7.3613181141241855,-12.087602228506418,-0.48673365893170334,4.12403880489829,-0.2724280565644501,-7.506628027810358,34.0738093724033
7794,59.52792886460253,-4.875769686315735,-10.487909940324284,15.763046729968451,-3.650415488161556,4.3104826574481345,-7.702493681820767,30.242279546962735
12573,53.5493490268611,27.386961247164177,5.975047276675188,-3.320627877895377,-1.411858718819253,-19.823957911381022,-15.357726545315415,78.14487408010484
2184,45.103811730141665,17.747895626892664,4.0170709192294245,12.242715899896513,-4.840554682454179,-7.4386333880214375,8.667795795951822,72.4564155945539
1860,38.37042410842268,-10.259495803185176,11.32277313471171,-33.021345233408205,-22.820121608633794,3.7666929830611924,-9.918448197890017,50.712344300082684
10719,85.5676550686678,-8.875114362638278,12.27372728207759,-3.8957079895978346,-5.057883309410053,-12.7971534321356,-9.550013457322478,44.24356263897603
11097,40.68337158072174,-7.44412827817412,-24.059716072518697,9.221471579538653,-13.114219385807422,-19.864964292201876,-1.0942828095466601,43.73198793061252
11711,40.771539634069946,14.081263460192503,12.494202504949419,-3.7695740762300445,3.9550574121406745,-5.648643269558532,-3.468148296943798,66.44095930244823
3443,83.65435549685141,-11.775690805198334,-9.65369864027435,-1.6299492575011842,-15.729079946705973,-9.551086881115108,0.6651557128475227,40.914631740359646
4558,72.04042303183321,-11.1118270528126,-0.7910885983297293,-9.34635608265398,-12.52897314947581,4.767520204093741,-11.382094243383133,31.691830801079643
4235,55.29324132162755,-14.946938688449364,-13.395085120649448,1.3736046261451356,21.244242759011605,-6.030911850969467,-2.17461913842743,31.217530181385055
8456,84.11996667151767,-5.599856788853938,7.044909506524827,-14.919764002372176,-9.72701802249015,-11.51134790792498,24.332170379768975,68.3771076019438
6154,87.91846391123626,4.791610017223188,5.935087666856708,-0.9240327859391637,-2.2514347478789456,-4.786925239102647,4.978445863635439,57.0174628384226
4156,63.49696242045037,12.65259946740864,-4.686512814333938,-9.775355232304713,-18.26471297036133,-25.659981113596267,-5.431861693762832,79.99506007899681
11499,44.69564723610041,-10.883017665873584,-0.1021089951292243,-1.0086710309266669,-2.241908585751121,-23.447895934316044,-10.718191245302684,37.97206207743517
12443,39.34833622532926,1.2849161520758297,-11.369143995938053,0.8689279883661647,4.138646703439852,-1.4900405944921098,-20.704711681219045,46.900691344940114
7666,62.653018774351,-3.6939076182503383,-15.37262082487844,-3.0715582181902983,1.848602222364493,3.8342895453958503,-5.592114526255367,30.00240803539175
3884,86.51639131917861,-26.241556053607017,-9.852642719086925,-11.908296474663187,-1.6393806655776755,-5.867262871572035,5.353320773857159,46.51593615516355
9143,87.65129276473596,-11.862542983544968,9.940795382673167,-16.247562464358168,-1.6960572402174565,11.041359514584164,1.4290019565963323,50.839018742258425
1317,69.26837748040998,11.896448906572353,-4.839642826207018,16.638169386798126,-0.22441024382753044,9.317813765273321,9.681213304390205,79.20139342606308
5177,41.87890189437428,3.124750919709642,-7.0732912115866835,1.617691686071683,8.10786356022368,-9.556178860039473,8.132973999101566,68.37532111063258
1642,78.68882107775465,-12.815389837753532,3.5956247836569237,7.514661082416606,-7.144428672199598,0.9405207239771595,-5.813676306610452,35.53565071238698
5673,84.50632130852114,-17.092875671333566,1.6370930220488251,1.1585211775196373,5.320655340995062,10.81629444021888,7.2477923051849045,42.25330851653459
374,43.89124156517039,10.01513738093102,2.8924445492501025,0.3446848658927696,-9.521432962617721,5.8727833438381705,-11.422453590546358,38.87997050004783
10012,69.16851372515194,-13.507990069360538,16.350901118919534,-4.733102430963583,-5.274329700115905,15.35551335819411,-8.962380865210175,30.772960593118025
503,87.75845187833741,1.8557786164812868,-2.260661027921288,-10.348249925547561,-3.3155731159515707,-6.39081967846886,4.74685629038039,51.53314831755803
11974,85.6333688626155,-1.1576064117053333,-14.868877250166243,9.896746738160644,-2.0590104006092917,-10.671117509710548,5.645808467273423,65.6174673971144
2922,74.53751887605823,-21.40647820366171,-1.6910319945140861,-12.953578542740601,11.145834750036844,8.426430398206248,2.9133716972186448,32.821504600523504
10067,79.2629049233336,3.8508075022565524,2.2387445826106593,3.325289784593348,-2.530500404733806,24.397576244323055,-4.0995326010167386,36.01269046297996
6174,87.52059853457105,-8.36944949361978,2.1805301635851655,-13.805844396650944,1.7015230156529655,-6.2451510786025155,-20.00451215896726,50.127603515066525
12246,83.74839496812086,-2.547319816554862,-7.748708092999227,-3.500995969911779,0.875549447100102,23.34843907081302,1.19500206344083,41.05352710371339
4054,38.266559670170835,-5.145642106450762,19.225464192526836,-4.873093830997096,-3.863907889798632,-8.019383279681582,-2.446452805393683,58.64100665349298
12007,38.29638985749786,-5.4024825241425685,9.579698694257898,7.840424297020704,-11.06428667574998,-16.457627564206224,4.873246352472612,58.83818263339113
4296,62.64700761700835,6.914830689443051,-6.8932194398277025,17.493913784554053,-2.856706323993295,0.09879686908208016,10.536931731337093,79.99750780333011
7601,41.10586861095013,1.9629112498531378,-18.624025019631706,8.184684418422679,-4.660104561063523,6.938209323607216,-4.8352235653934645,42.93156966631446
9551,82.86948763222998,4.510957036924568,0.5189357772383186,7.552186794204546,10.712439776522233,11.534836617902213,6.516011141589441,70.17245732347466
11776,50.27373288238566,9.714919414802035,8.738361492103405,10.639355259153316,2.816383165844341,2.5963708027803776,-1.1604918267505187,76.51841363230868
4357,66.94039440784927,18.48102499447251,-4.898712888177404,9.515964558202816,1.4024232572230335,4.094145347448094,18.2262073891096,79.68751287413518
741,79.56541990398233,-6.93159719568613,-9.232085590499828,5.6441594450818355,1.9469377285078258,-8.472227692895254,5.338152946310847,73.72396494882284
2583,80.61560051868591,-2.548837783609163,-6.7680472834429795,-2.810427115185918,15.889721607605175,8.145992012236293,2.896852961945969,37.260478631990296
1275,81.273826854103,-4.233691730820323,-0.5695542208654892,-8.113383305844811,16.322583268755103,-3.885529892553037,-1.9755392075447133,72.06069318950036
1307,38.36994812519029,-10.508545190803266,-8.431132425588965,-14.121146904115086,-2.9238571596705683,-24.43223068872434,-9.974403420960304,50.71507938881212
2448,54.34970090054348,16.569334436417943,10.918214846535818,-11.423947319692026,18.235419960264984,4.599239466828312,-0.9640087061486645,78.45575250316949
1402,52.02203271451354,1.0464431413014657,2.279874214583994,-12.924685636914413,18.148545339333474,-16.826764907124957,11.710264545958786,77.4607264859975
327,55.817894509811346,-4.026365066970147,8.56076234348826,-9.946090194799172,0.8189839729224037,2.4586837238428956,-24.251417278779428,31.0538654324377
6433,46.77166328670762,6.063104425500486,-18.57925588622936,16.350639215401767,-6.538934358603302,1.5278518553313951,-7.700719042299141,35.983136759181164
620,63.88942724923702,-0.8434008140663851,18.216495308048803,-4.04650916752877,-9.16876869112175,-6.361264195614766,13.509358580121125,79.9841733737243
1384,44.77804242368076,-14.78842933319063,-6.233676792868953,-8.985905697378191,-3.9388195874683056,0.6361450641422034,1.7628987686147393,37.88391802757354
11790,68.2811959295987,-1.0006396014221062,0.8119214130687892,4.03674649209781,-0.9380335572428224,10.368470648788593,1.8574894911255853,30.564186742545477
6295,40.14435590938089,-5.437279085373118,1.9351637109179434,-0.7263498263177849,-9.723830225372406,-10.444527674599701,10.120429657571567,65.13012996969672
10093,39.62927770148553,7.086751095518716,12.047541336151426,-7.127212220284937,-11.306490463025352,17.027995709796322,-4.729431638273872,46.1225375672032
6850,86.14586428245136,7.658284383979181,-8.357106931785287,35.17987235529438,3.5515985165723944,-13.206729355960674,-10.680624945461823,64.44822558041152
2813,87.72074221053026,-23.139037228025717,-6.584618786624756,4.910838109394904,-8.478252287542919,-10.295507340684104,8.814625978899391,51.27375462958927
4823,71.91528624431103,14.39013983174394,-2.08722089314082,-2.8589497362744014,14.614622465962384,9.471483330294667,-17.33278393508773,31.643680273168066
2308,64.8495840386776,10.950207520804149,3.0907614169482747,3.8197384640153214,-11.533721992438013,17.971648800963663,-7.686591544666207,30.0685131032289
6177,65.92346836770113,12.36599598059157,-1.614702041622763,-1.0456192202020176,0.4561935260232902,8.879777650541973,6.915002860357992,79.82847825991458
11835,44.054549698283935,-3.0412180196623835,6.139840291539266,-5.195072886738141,-6.680506037856862,-1.104425872235721,-3.7464501738786566,38.688350394113826
11456,55.53597407917177,11.604261691283158,9.879058591302407,-25.598043195136803,0.13314873062014787,1.7937679036369782,-15.940639738392603,31.14023644180009
3163,87.31178609210261,-3.7169828718116333,-9.622943513279258,8.921466604612489,-3.255835733097035,-4.334061429370839,-19.08389724611759,49.1744479221411
4728,45.655617386093816,3.978790531235509,2.2927743768866025,2.1120228663864795,32.19351394938536,-7.010288355503084,-13.928841008344097,73.00478802270187
2212,87.58312395328153,6.178237502869239,-1.9015474253617466,0.23881088912958218,-9.466733115204011,4.432946605905878,8.48191973957726,50.45357099499004
2825,56.89189852501017,-2.1856927263824675,7.707918077408056,-2.583849905779987,2.1308975118625546,7.519198986813219,1.1140359729415774,30.757659016274292
9903,51.79325585671627,3.1715462503172565,2.5692438943236073,9.410381400177924,23.24400154244385,32.17289892592597,-7.813285827900595,32.652541851320635
6400,72.3583558878381,-3.499154508108461,9.60891449076102,7.620202447821419,-3.2443125633636285,-1.1686483110718802,3.1854441201394716,78.18234619439038
8204,38.00199080113631,-6.890657453758208,2.133322864466019,-9.085340259428861,3.2001033755258574,7.237640092506778,-17.0463179547778,54.68450658719041
9033,43.6406800489368,-13.238632530285443,17.040598839182234,6.334785401725118,-15.160836460025095,-13.121876550800158,-6.666729031548778,70.81824045310876
8581,40.63859326480151,24.755261677397314,-4.984860099256716,-14.0534298011918,11.502476624438358,0.2517520232636573,-6.819270630225196,66.17888584891264
3862,42.07432132007708,-0.28506949165794776,5.327273168871136,-18.210968377470966,-17.647332199241347,9.870119896317265,3.143484098501065,41.32096597764961
11777,70.88031663872624,6.75409642277104,20.375287583409296,-7.388646752505616,-11.517375365932638,11.2237074391846,3.713308532030903,78.72552654154201
2075,56.89712502951651,-2.6133116819280646,-12.25281789525376,-0.8487894731821501,-14.52762804100187,0.3759630662260296,-28.192116513169047,30.7563427450674
6492,38.19670606807329,11.743097160049228,-17.899046800399212,9.740089591088344,-0.6536859677553714,8.469510114769074,1.0517740231726185,51.87004630602183
7526,40.09632567995088,11.254686986337145,0.10569404539723132,15.837444999025065,10.603749243263849,7.361292397683551,5.638474160866668,65.0210629496637
4060,61.95116485984615,11.154010628927324,-2.0439784995115664,10.724703483127726,-6.353074135435625,2.6255582216544964,7.863197886685249,79.97798920747582
5225,63.79257426256695,0.9498279293152414,7.186602395153152,5.797381025447354,-6.678039752023258,-3.2153830098250262,7.547685311843308,79.9874333623587
12111,57.98103550216338,19.620088413643117,-5.604632894732481,-16.735158508719238,-13.780263038449934,-27.280956055905648,-20.498075284422246,30.508981332548547
8069,73.14049540612457,-1.8367354695433509,-14.88007361374728,-5.642796008160433,-3.523053475457319,8.050600148699608,3.3797957628324933,32.148952914179915
4582,73.86934718654638,8.264729378193193,-12.939719046810245,6.342620613136253,-3.4212710865332325,1.4868363948326122,-7.518911203397771,32.486508672835384
5649,44.193249250404975,-2.0140663871077362,-2.8729297687860713,-5.876807144748231,-0.23708328411899854,-10.429324680510456,-4.549759299031556,38.528627068680436
2770,52.72195718140141,-7.443406725907326,-15.375499307439014,-19.996134636504515,-4.539148283593289,-6.065390492500108,-23.98534419789742,32.21048846905546
8019,58.20391589311834,3.507098818760963,-3.698964343767175,-8.48589904291588,-3.4542090235169893,-8.596519898398023,20.712116625014424,79.53563892055223
4326,87.68547853242008,-9.112955657040956,-8.517673543008954,7.855824475210172,-16.51829988660813,-9.246537086912483,6.500610841049115,51.04688102564222
8985,60.69204519350029,-5.865273711250897,-18.027874059905034,2.644312854985028,7.654354689485618,14.263326697224109,2.6282238954793424,30.106761066282377
1930,68.06333008418932,1.3828231434653442,-4.737876036900817,5.663598475542857,-7.505344919517163,-3.698170732872213,8.59812533381057,79.48188490411928
7498,72.8200035461063,6.278523881609073,-19.370855124268402,5.079614824038017,14.250204837793865,14.469394779592895,-7.180652425635632,32.009403436307714
3605,40.531750014006825,6.185289309255476,3.7612219369826327,-5.8002958602655275,-4.204213698385451,-2.5180664379490625,20.37480571076331,65.96256094929089
621,55.311987968394305,-2.918199248924118,6.011357880403021,15.253957583353476,11.462040599019463,1.9969531839056813,0.4046638235851383,78.78853654603171
366,87.53458892706456,-9.854944081341406,-15.53247612414763,4.40400739894268,10.200133499812924,-2.5656015680614224,-13.658446886879048,50.198547492689215
6244,49.9933697262454,-26.132022714043643,-6.954193520889552,-14.82768691998065,4.146437594068535,3.932061689354467,-9.640634274109988,33.649881290216435
4066,83.85643883435787,4.096364471648101,-25.558799721841375,13.488646945630817,-10.642238827775298,3.8831455736370115,4.1150401215074845,41.21562626926095
8844,45.803645469178164,-7.118570432651604,-1.1137137573073639,5.378291474631663,-2.5100870030220603,-7.457930956800692,-0.9900389438623811,73.14622249533724
9898,75.42220001383086,-1.9596322303644433,15.698825072189958,-20.047311249295483,-5.979794313927805,-14.145318227151405,-4.770906944492813,33.304633056424684
468,56.78299398061314,-3.4063486895133845,-13.728360622306253,1.3275819652569663,-3.3902221492304467,-2.7011868647974695,-1.9721503386079078,30.785359053768573
11606,70.42498558213816,-0.9475632591089498,1.667735592353864,-25.327595104653632,0.7802314945334772,14.768937663868964,12.073171915766721,31.1280585392591
6581,60.879335019506726,16.28871544084028,-4.789125195350736,11.899628159955537,-2.997170226355426,-0.19873407877371674,12.980549253198703,79.90989321616031
2221,38.02085878061989,-5.431304511759562,8.543753922462463,-6.02278397991467,-9.005546401742624,4.4263414241233265,9.954490102202435,53.978969176632994
11466,67.09306228295733,3.892661265283745,15.92458473636956,-12.482903743116939,17.8897117014025,-2.629892998275331,-0.5882464484894084,79.6626608691729
4793,79.34887409419375,-0.7257738640184281,18.68221107870641,-8.708501711710102,-7.702796172931816,-7.93723186522632,-8.16911388312601,73.9133369835204
10712,84.4101071784484,-2.9741156430797777,-9.917105667184856,9.76201380627799,5.346380164213124,-4.949764017206636,23.952657085115217,67.90764543235335
9067,60.106282131839166,5.405632983062903,-7.723282690915844,-6.763177184155826,9.264473639099798,-17.306940955523864,-3.102451960026797,79.83196321073883
12585,83.68157794132988,4.054948604419332,20.42595495726093,5.568861983000646,9.50819774329725,-8.669282539156015,-0.04452039007024602,69.04536698903583
3328,84.99201935860148,8.08843045130721,-20.68649299911087,-3.1372746644032086,-6.95686233126327,-4.5848269619516016,-3.397427773839161,43.11088377839221
977,43.96707626637904,-5.980818123801387,-10.575536608078364,-14.251036866713767,6.0980731158417605,4.409446825786229,5.732348920438332,38.790502347383864
531,44.01802624277714,-18.294815709586164,10.798027059264388,13.424833144432789,5.17194628339786,8.719689812377917,7.0378543631944614,71.26913249930993
7440,60.541079136574275,12.667318985918198,0.40612570585579355,3.4396813815958853,13.8739360263161,-3.958687395266231,2.322119553426116,79.87878027933463
6906,38.96440693363067,3.7417857250630915,8.959514665439329,7.796428324086545,-31.264503377162804,-19.198858108737,-1.1268097587125019,61.876791835434496
9155,75.24026067702265,11.851835501334026,-5.170528765822885,-3.5978543869610604,5.65183623490994,-12.043614329302299,10.701960486546092,76.79853248635176
4247,65.08576862310933,10.289334073250412,-2.358203387035072,4.650545122146238,-26.786740609937905,15.86829857483259,15.25488843872342,30.087160554227214
1527,66.82725624246827,13.17973501602552,-5.709663158859664,1.9194322783498294,2.2576663493889613,-4.5551236529526085,-8.216002935947053,79.70530529369123
4939,82.68297435086102,-12.106357577747884,-8.438428305997562,-8.742088597909863,-12.144233754294415,2.3619798834633126,-10.664895065946805,39.5863527773811
12741,87.43089499914493,6.826356981476577,5.952691157131971,-12.309380794554201,1.033231613783893,11.70088861940477,5.678455208831003,49.696098649036216
770,79.62678231536432,6.411792536064443,12.360083015882939,-0.7235082997161499,-7.917833686672182,-3.9793260632407046,17.57802186602102,73.66949677515407
7475,39.353237888714986,7.759435547442363,-8.50869287238475,3.1762315576422235,-0.9372468042577702,0.838544492505689,0.8412230262005442,63.11360842364823
10686,66.59704652551298,-9.35171212469119,-11.8263369205133,-17.321786446269783,-11.707274327308102,1.7900769301814654,2.578169193567121,30.260128207824216
9675,70.69800056991419,0.17739388257602187,0.38952039763158297,-14.1591178340124,-20.140561186411464,10.69729518652046,6.520751746517279,31.214693879926603
6556,39.29848989872935,-3.834640553248371,15.033423495562113,17.448173604739658,-3.953453940602099,-5.716609974850078,11.86051017762743,62.95225873066045
2929,77.7199935458115,2.327840906948194,-6.208163394585508,-2.633741467633918,-17.76635665997421,12.710355955984733,3.235293283917363,34.79302620352895
4330,86.8116102440118,-18.24585603304819,-9.297253300654479,12.275642817903165,-5.971891564429334,15.36016349571572,9.793724300491654,47.383753051057745
9445,62.04216394295906,-7.906803430179816,-0.7330307232916071,-1.2019919024720416,2.95417975871951,-1.8322169266985804,-4.628139591958381,30.0183557369049
1092,87.7985675068673,-2.5871929509484732,-9.677539750301383,-8.421339940198596,-6.934240703792689,-16.43985295766194,-22.17447468198777,51.832816770796896
10462,67.57557838956214,-11.488531956735592,7.597561872744344,1.2608513231455576,-2.5539051767813987,-19.778788687055645,10.76528714484141,79.57771515826832
2791,38.68897741314892,-0.9097127158433918,-6.5099706829252755,-10.892909327478772,-12.513277976830548,-10.205612034962135,13.445926492057414,49.17126250534332
7683,64.43955192381218,28.75403889179408,-10.930739581837315,11.091006398253567,4.340643459103094,-3.6487736301450524,-11.665142836179797,79.95851939235676
6263,78.59257362979625,8.044907808167945,12.083189889958296,-5.228985844173022,15.823961232727425,2.0066480486764444,2.9502115663247097,74.54153646977082
733,41.67600646747102,10.5755546601569,14.765740409534942,-9.547198946003325,10.433799601794469,-11.228162884158149,17.14006466935803,68.04941760480759
12602,81.68152179960137,21.547100940882306,6.612334281839746,-12.005207950134135,1.9776047583009582,4.450377123248618,-7.904956841068867,71.61327009504808
1468,39.09114724923376,-1.0036927746992634,10.892130021074449,-6.9702949776305285,-5.378413674204683,-5.347104325097823,-8.221428327737826,47.69474434792475
3795,82.02710367485712,-6.286134468081716,-9.538861833741208,-3.48546158784323,3.0012290995395174,-4.50168557256264,4.655287503382607,38.7836710151083
7787,87.99946894442766,10.893058347421311,-3.4039245007870518,-15.014381858592419,-24.130587837929568,15.312561201421284,-0.027811959511806383,54.8370506317997
7935,48.569255142008906,9.817083092138235,2.514341101647648,18.408440248843736,-3.8735268852258753,-1.3224492568744926,5.428369554025295,75.41454390486263
1666,49.73780742643995,-4.150239137127759,-0.8922135079488385,17.323163912495865,-13.16327058977523,17.99074471213119,-3.853297241562534,33.80768421946746
7663,74.94763773187985,-15.74165416235726,-8.860818964807823,4.86044528473221,0.889560767594071,-7.935043387530332,-3.3778917862781177,33.039718748892106
4242,87.42845873391771,17.585349007421815,-1.5120711450227187,-1.5977260932928192,-14.49945029755822,14.821218779886946,-9.983993476831387,49.68488909943738
3596,47.782466138591644,-3.6708085014745113,-1.5212886824458556,26.969083326404323,-27.299906432745793,-13.399336913606001,-10.969729156432134,35.16501416242275
12369,41.70441162042707,-11.82588617035371,2.9923620869750636,7.29285971306534,-2.6159808294470444,12.30759816429319,-15.350896196395652,41.9042787305243
6419,87.77890390423772,-1.020829176103548,-0.5526782898445777,-1.165189092665527,-1.6116578774308652,6.626364667790865,12.508933372650905,58.31751734050518
3499,38.690658022387204,-0.3909271261764416,21.198171577963908,22.025351560092084,-5.387673898801866,7.5726646972582,-12.09873923198655,60.835742678997455
4217,80.5342187460611,-5.192485099956585,-14.609351364495314,-6.213767333926098,10.802372088896545,15.39421529373416,-9.080038412899231,37.18003442861689
134,61.76913249540042,4.17003173367422,5.155504172446448,-14.86483658976847,3.9660012747401647,4.173963399285607,-10.870017077114536,30.030319081211292
9658,86.0102440154458,1.6473966236091973,-8.592817209437149,-5.474137101087967,-3.9013662943680654,-16.591315349715586,0.1554025168338668,64.77387693546632
10761,82.91007229998647,4.13242971429483,-5.832505523878337,0.44707474111135537,-1.343964571210274,-12.924755398042343,-12.03506518744202,39.88083927563069
3439,78.31228431674442,-8.663767475727544,8.627375717347409,-12.387977155249983,-5.565543322964242,8.32905538288228,-9.263310503871294,35.238068186455486
5571,83.3951115265159,10.577992556568226,3.1812478728523756,4.27489633883519,10.429313028966181,-10.789196439851521,-1.9709433085814454,69.45819580103196
2375,85.66130789027679,7.375486323688632,8.372593961185737,3.094644041753753,-0.5163534272833132,-8.031119402081773,-2.871924538706065,65.55770451860057
11597,87.53886842976705,0.9250025284646084,-0.13940548646635337,-4.810685259563453,6.8877112332431665,-5.536173459203533,0.7837808846946036,59.77953305110259
5672,61.4458634507056,-14.691044184598393,-7.368806328404208,5.491843023114197,1.0612006505962437,-9.719357096229938,-8.98646097975197,30.048353569630976
8181,45.91725148454937,16.327991178805647,4.736185811803048,-7.3852516929470555,1.8404525765719093,-0.7144233025543023,3.942439472216477,73.25321076298275
5191,38.02030201741275,8.294943937287698,-1.1637958959547765,15.524967815864217,0.9384093383431437,-3.860723140756284,3.591235808695416,56.00731757590478
1561,71.78307352540457,5.389272223883585,-11.389505826065454,-4.172692811180211,17.052768427553858,10.321615078401795,3.036907925781719,31.59364147400674
8898,73.66330935922738,-12.00535400631669,-25.783201168505098,4.345568481093277,15.410470634294493,15.364257353842586,1.7331728834053781,32.38819260851947
8733,56.40629951779414,15.316881173633375,-4.381251202677088,15.582632592514491,0.39790263556306577,11.136339553208144,6.331455537723833,79.11479035676982
7834,48.82493886493796,13.698196861739696,6.056821972379599,-2.879336463335174,5.511443958499658,-6.119606663000194,10.817541869039989,75.59290270499169
923,72.87843926661262,-16.49912135978369,-8.237203578887897,-13.006325074724217,-17.30670884716606,-4.737784979869972,-4.108641343020167,32.03445107000823
6740,86.7033982301137,-2.351181080691091,13.768607092404155,18.927097100665808,-9.236338616081717,13.659636575740917,-0.1423754694948271,62.946628992512636
11160,76.27578135818742,-4.488049828103419,1.3592278626243883,8.91799465226573,8.547657104729149,1.2995054511402286,-5.846759849318843,76.18380582732016
2144,86.86252602986983,9.923877887838554,-6.292665532523316,-10.880191955276011,15.02761513896997,-10.178628726568315,-12.547401716176925,62.4551895665895
11279,41.49154862629034,8.63362079855214,18.35609880007562,-0.6697385956892403,4.123069091784925,-9.865484905619965,-4.030897393676453,67.74309693539082
11750,43.973489041102155,12.368257286770291,-6.322733126015562,-4.987136995758627,15.713851806356862,8.695869825536569,-15.470791697242072,38.78297558949423
5931,51.69106823515931,4.520577051477259,1.8733718184417731,0.19200089550929023,-0.29757787713621975,17.97237591843996,6.130018430840629,32.70407969295331
7779,42.72664278954507,-11.210789420856653,-7.438775600980442,-8.380816438965022,4.8963993606435015,13.121447688882759,-0.4191714125575114,40.37156920865074
9561,84.91069475076753,0.07873427326855126,-7.80230792713975,-7.333338969051667,-10.410573041587114,-18.681537525598173,7.700490262495888,67.03833275577179
10978,47.288397702524044,0.871111003171377,0.4688354202649374,-13.789566317853911,-9.327050473217906,-13.277109906599536,-4.488647682992602,35.55403503947546
739,44.522795916472,-11.663486839878184,0.4049897551806036,0.7638473529343205,15.280978217423744,5.664453090272197,-2.008907888094673,38.159782386926935
3612,52.39667301748304,-2.632243616992092,-12.804879182837324,14.077162984292773,6.505279344803668,-4.438877650931945,-0.1261111278259736,77.63999683970445
10210,84.07985753086763,8.066377439164066,21.78267614739678,10.560475806767036,-0.1848549632262175,-2.8929384185800022,7.96716982519103,68.4402234534372
8636,38.20910866027801,6.821785899536468,5.151441930657807,-3.7309757835461186,19.804823079340736,16.927894639603757,3.3276618488087784,58.226717617346985
9755,63.23729722653145,-2.457945356385249,5.48808328241422,-11.530343120008975,6.389872868167437,4.442444066272209,12.08414587048531,79.99887377515796
4088,48.840179539195574,-14.483613123530144,5.262827132287344,10.142960042845539,10.647166804307096,9.263407172536768,12.901045269404596,75.6033852683918
11552,84.11081462481627,1.3507855717834603,0.9752937300567572,-2.987853292048376,0.6215845596045898,5.490491808809814,-8.457481347152717,41.60845394001711
8611,71.78167955609382,-6.890927988178314,-1.3304703425945708,3.867631747002772,-4.597548313458087,4.4908557141903875,-1.0666451168792281,31.593118444054024
6449,48.9791480036335,1.3062252122271065,-0.14115914374556007,-3.694762376349941,5.279595105301421,-19.779664446484073,-0.3869969281128698,75.69820546076363
10086,86.15265667623049,-1.239212268681472,-5.25465296637651,7.58355120176465,-9.746701936201084,2.8777529321362723,-7.672473192494053,45.56843126343239
8029,38.19604149738331,-0.12629150958656804,-15.723845607579515,-10.08412820472076,-3.186395729728544,3.324686717532658,-6.002478922370598,51.875317200023446
1295,86.49097019065198,0.4060939636718689,-9.403435170042219,0.7667798207804541,8.441501614142963,9.062019803418979,-5.343118274426582,46.44580106018687
4967,82.966026440272,-4.4064425780449215,-6.848471029336022,7.963238384462507,7.438994792902297,-4.282596200671268,-6.795631901296946,70.04519153039799
9297,39.00802086769901,13.811243463418846,-3.9947001251543925,-1.483226682974316,3.5715323492451674,9.44773586222479,1.4702830316971616,62.027441733321865
5688,57.56518516093997,1.2375680689073398,-14.725640971559077,10.618410293429452,7.072573742824584,6.119903142301806,9.781249574474952,79.40210621370895
1442,83.05443998294606,3.601227314810391,-13.692616465024672,5.460012311390824,-11.437437421597581,-5.757429143720394,1.7994907992381473,40.07286239862397
8901,84.63268623530118,-1.4975170428307325,-5.0855023648873985,-2.427644366701048,-11.6531799220948,-17.858304239966575,2.2560926473832,42.46896308181119
11348,58.23505736393847,-4.1593022869841825,-3.611901423521591,-7.814620581316348,18.600745603173117,-3.1774584603619487,-7.952648775640779,30.458294238683347
6493,86.161236873688,11.210140152242767,6.421822494542978,-8.161774623017461,12.80332604699391,1.6597379215893242,-4.532637231047682,64.41047854686016
7100,38.05014575316163,-13.212411770321156,-10.91212220499683,3.864540984794325,8.021489488183175,-11.709878667131015,6.633813987094608,56.58264748491927
11040,86.1504209776364,3.9531284026436224,-19.51868004351392,-11.962096006808924,-3.13532132898116,5.0317001630238165,-4.818149402433418,45.56294492131086
4820,43.44618763000187,-16.486165577777854,-8.202966594257393,-7.077749456072167,0.642029911874745,4.105347828515945,10.75715723473363,39.422823689804744
1726,44.98381571116013,17.40271433081578,16.447769992725675,1.3661300235350535,-4.257083122712312,-12.112431711002479,-13.737294750552007,72.33254463922016
11375,38.57276604011679,-1.4686370720586095,4.646105449217936,-7.689107874046824,-15.357206275155853,-8.975062194200106,-4.4102287238377125,49.67926310844744
11907,70.53952584797682,16.254866878425066,5.326349084363057,7.374847656283285,-17.95229294919055,26.77353123436562,-1.0302823249062407,31.163986281517424
9643,75.76262247718849,1.7798088516085375,-6.093585340497486,-2.1590875462212082,12.337462743127228,22.5340881912049,10.338547488736777,33.503128890353295
6031,38.700669264657634,8.098570962857108,5.181570765034905,-9.25978267872117,-20.660591452496405,-8.458998006940933,-15.676702994911768,49.12271101489421
10242,38.039655191626764,-9.679224972849429,12.179642692131335,-8.574278735230928,-3.6490121385381133,1.0111983690074138,-1.3220842036182296,53.592453536427584
7507,87.75406051570371,1.6728391298009329,4.0950614683247135,-4.961289979095277,-4.98689608843129,-4.714882867943455,13.324004943750179,58.498069179544395
8732,38.000738885930005,-12.521089362501332,0.7755278597268074,-7.228584685940879,15.094565953307534,2.160793668167188,22.641122708944398,55.19220757151537
11910,40.81666615675256,11.309750975255032,-0.88443488501613,-1.1244231749066242,5.575557760816001,5.2772538854979505,1.7852955077101456,66.52821320062363
625,83.94646653315932,-12.151090800506871,16.94691404115787,-9.1443526839592,16.004299364633233,-14.268444714520845,-3.1952934176979086,68.64718065298604
5460,41.609137635429576,-6.898109585574189,-4.263585066599853,-1.6888979136056808,-8.318874707996441,-15.071318530568568,-25.098838104816338,42.0604865895195
9285,48.48987068668985,1.784716267827621,0.8723414092999792,12.209810353213639,-9.693128400557939,-16.225191251806873,10.12534252082327,75.35819607212332
4696,84.91204599012077,-4.788323335407249,-2.0337378768663057,21.70146597875349,0.05998801407808671,0.7452950076432564,-11.242888823973836,67.03587306874047
5474,81.49924625146565,2.568375907464886,-7.116544013886693,2.2098983861595336,8.091892838051848,-9.059082625640027,-10.215434839600423,71.81600095526977
7711,44.547352302025175,-8.026127627411409,4.028638724146669,19.65423277098422,4.136935521138342,7.042244242090561,8.288817094661212,71.86712165529212
6257,73.47725849393778,5.9424470778771745,10.605635895210392,-3.9326185047918836,-12.11873022596693,-14.327074564146514,0.5544155836598581,77.69861349182386
2794,87.32673023748266,-15.782490658178496,-4.4984802634114525,17.64252031714261,15.678606530722112,4.895263550224184,1.3473398470764475,60.762828815152034
690,38.00537818738964,-2.953802017277166,-1.8780687399964284,5.211412375910729,-9.049935363242149,8.685114986559983,-14.323698947728207,54.48146316950254
10883,60.76220080788646,-2.8817224286681604,-4.326662188013104,-16.041871765953083,-2.8308697437352186,1.2099432550955602,27.804928578904963,79.89964366764666
6662,54.92001927993013,18.148293727648145,-3.5984581882062527,8.517200667756985,9.054557848125924,-3.5308134797472484,-7.145066160271542,78.65827363869349
10299,38.33409480742523,23.36943362594397,-9.050617685069636,14.530969178689725,-21.988229600270305,10.981687163501242,1.1340559017797982,50.92653451826175
8056,61.772226768024645,9.90569454174321,-0.3114509207575606,1.5802995697172268,-10.070313159833645,4.209410005532803,4.893417987534296,79.96983325716944
2087,39.49856639175148,12.652466776349218,22.50548631209122,7.582669163574085,25.48870573528303,-12.147058721335727,5.069337062255405,63.52541015770426
529,86.46312993312179,21.687899567133538,-5.980152593711587,-13.819657952012932,-7.156785042150961,5.005241495955582,-3.244713889898951,46.369731537116344
3009,79.14369451930325,-5.146746354315358,11.230626190435224,-20.4351588574557,10.698126506346767,7.195258695884603,-21.49114210931023,35.91123033646699
4281,86.78297093788686,6.550747410111,7.550935634337551,3.290277773436581,9.273501514328538,3.9659357622515024,3.066291788446365,62.705212091021835
4516,83.62233588257139,-4.550741105826626,-6.341083100919988,14.153274186116423,-3.8929334389605326,-9.334844325972217,-21.249740552795792,40.86779342259644
5533,38.441121745296854,6.30164648366128,-1.0116143854550144,0.5213129719990548,10.377908122236283,-8.79322228329711,1.9655306403486543,59.67562817925773
576,48.67698166636271,-9.3538102564785,-24.942080560218404,-13.967282076750873,-18.773221570687525,-8.748180395574774,5.3403440892078216,34.50973046018453
8275,44.664437302826926,-0.6825162490274026,-19.35533090694024,16.361121098053506,-16.26497003635393,-2.6274085244813614,-0.8165464466406691,38.005673282591175
10888,82.92285920074528,4.982030454497663,1.205599811080578,0.860682665290545,9.885455790699458,1.7214005976887652,1.5532937736588521,70.1023071504747
740,38.731584797136165,-6.091472584980439,23.33648294388744,2.394289673100631,-4.8699905179010745,1.2300917541737624,-6.561358922062216,61.003667507566306
8950,86.10827835597695,-6.905603202970335,3.6397114161344706,6.936557213354212,-9.598846062193605,-13.34710760126267,4.802014234892721,64.53978361508726
11767,80.94216469197883,-5.924148244056862,7.961802370263523,-14.891970869221518,14.75928766678978,14.516536025167522,12.172070654344056,37.590843611308784
158,44.61306920475231,10.09690931622531,19.79223554330831,-13.880507780852449,6.401595207079465,14.7145394938075,-3.563317379299527,71.9387359602413
9192,38.03803377923576,-18.90354269262353,19.04611628190382,4.963623487189183,8.726304106499601,-8.844105859620527,-13.337649731205111,56.37849279774145
10259,58.143033167409264,5.695420218276586,-26.07223074686736,13.10830759770129,21.581594035046727,-10.014769819683112,-2.9501622513099415,79.52365945749357
11847,50.228913537505576,-19.47924920023754,-1.7285161452204476,-0.7690308006739427,3.8089803527125548,-3.4728488846979215,-8.344103544304868,33.508156185020056
4163,54.84117041337217,-6.147858037324697,9.245085043582948,2.560569385164197,15.837251707872007,12.235577920444424,7.255943538362381,78.63119759505147
4411,87.9994298404074,2.2260936027817464,1.4220399095034486,6.342842583111291,-5.624525053679829,-4.53408796927248,1.237824820690671,55.16884209945384
8202,57.9092512073971,7.259067546238875,-12.91202330146579,-2.887496345258202,-6.163575293296855,2.0183193738821643,16.654763780787004,30.523801832584127
1037,83.96282722190209,-13.011644459365076,0.5626146676520636,-7.902590158557128,-1.3771643350621563,7.231553370929863,-4.374284400041045,41.37796363003385
4055,59.92001615992348,4.262798142585269,-17.660056658213414,-3.2264210754744798,4.421422200272539,7.748631276659226,3.5019855752724376,30.19045144415426
9178,73.51387288343092,21.24808725664112,-26.699892543610062,13.685185837366259,15.797898556351523,2.2693144339414792,-4.165695979215084,77.6816771203334
7623,38.73605872061927,3.407195199862558,5.910243456277123,27.09705460949391,-3.577979351163376,3.8331519162083576,-3.7130688007894888,61.0217234734554
9277,70.57235003730742,-4.0770729514867945,3.5964203001715673,5.43603685793559,-14.4747418903562,11.293753513122176,-5.322425371225332,31.17439371364308
672,44.98443960975627,-6.57921542841155,9.190437088719017,0.48626775268382577,-11.254002607018556,-12.08216666798583,-6.197688402658457,37.666806877396155
2280,68.24651782731398,4.37859028919336,-4.671482803310392,2.405121365673778,-1.9008771656374013,-6.595032606793124,1.0601407232004685,79.44328232230026
11324,82.48914749235993,-1.2299338936586062,4.758715429386845,8.602582352227511,8.459736580647474,-1.7061717689187845,15.67298347080455,70.65800530147568
5976,87.92246386326083,-7.342160825329592,-5.564568968868919,-2.489911174254665,0.894992767618241,1.3705174250542276,-1.0970264744936415,53.032566396429594
6547,77.93374293538508,9.614082790780095,4.176494366056115,0.3277343672125,0.18853393277836902,6.47145029223796,3.398463944848957,75.04952173843148
9508,81.2761524853092,-10.267837635196692,3.8886781184114882,8.166981063272093,-5.1338306248120125,-7.384486904954942,10.9435346219437,72.05820184936638
76,45.346388740576195,1.5833028785359562,-0.22318562338841758,8.548664836198503,1.6912498360858683,13.607303949987408,-10.32625026847165,37.29830489752055
10409,87.99738309884391,-3.320918714559988,9.284592636020918,10.529449052613556,-11.872995562641847,-5.922425596370057,-0.389180610533582,55.36171564748124
4486,87.71523013856844,12.039447643655347,9.024287492966657,15.24656431016153,-18.997999288114087,7.823353961937402,12.898306754865583,58.762631950855415
2441,75.2570929081053,-2.0424006711240943,11.710312779511018,-10.109403383105304,4.350104756254842,-5.645037800596512,-12.701662430404365,33.21092765990083
11535,74.60089069693959,-5.978713619336236,-11.754395486205699,2.822937690428788,5.4926836811333395,-12.84072591051153,-5.503115745078921,32.85458659140316
10481,41.231586801625284,-3.3545010697750173,17.30423940785665,1.5996986388051948,-1.9192984156864945,11.78856506598234,-2.2251353547333683,42.70625415811659
4778,46.79980510432408,-12.269210425850574,5.151103264297144,-3.1147687182849735,17.305970825492768,1.781588020383222,12.973710058789528,74.04084255861898
12661,69.76192986147734,-21.479900336386926,-10.89579390901739,16.49132289609548,4.798578536716514,-14.641590339372133,-8.402971191976464,30.93184044118743
6413,50.25082745666053,5.058398715198353,-6.60231074877466,12.718057020762629,1.2322171485852544,-2.0992868486847067,-6.098256604507655,76.50485060306532
9516,52.997187840028374,0.9726050381696305,-19.309281978414617,-12.651646374804335,-0.55169379459747,-8.287333824437473,-10.138337603051362,32.088349057906726
7940,38.13829793396974,-4.4221253990138765,3.277751874837762,-5.215153709863452,4.964110380606762,-6.89037079672131,-1.1159983556373545,57.62597988947871
9769,82.77977299296273,3.990118023087846,6.397114826557316,4.202643515213531,8.163017282064498,9.23074333203606,-16.22858616982605,39.71076913815276
9275,53.44819016957584,9.172163340172014,5.54578737460942,5.38948080183162,-7.9379658943335265,1.3750167192351372,11.828202026257365,78.10330991359058
12649,68.17588007279275,20.382083931279773,21.61633907384827,6.100508903066341,-0.5091884936950041,-11.273619734104297,0.2414722979774126,79.458337340712
898,71.15452756873343,-9.56680341148442,1.6482538928845003,0.06761194705813647,3.042757358274322,13.602421159410731,-4.917242725504742,31.36731754263248
3631,40.94667909755991,7.582835895074762,4.887341973332679,4.871775652136627,0.10805202181629084,-8.155704604503045,-2.19478816969755,66.77501750206763
7479,52.291960294782356,-3.370234702093757,-3.654721672369983,15.006172258569654,9.21586355373866,-5.03303395732614,10.12905472142812,77.590659257124
7827,38.048372492284,10.712430365401431,-0.03969494256373396,-2.0022085383635875,2.700185656721853,-28.07304628166429,19.719685839146422,56.55444032249243
9965,70.82079464797367,14.453984827608998,9.966687352590032,-15.9742621125474,6.223198571793052,10.995996540792703,0.6867857126499805,78.74521364557974
7147,52.058633892380115,-7.680649066141338,-0.6716301205989184,9.173564712150927,-1.8064845215295486,-10.977225291552717,12.195843995167262,77.4785788629759
316,70.92068399998172,-3.2654479504035767,5.754179444474485,6.040474788045323,-9.01419192703739,-0.3703606754834191,-9.66961336356787,31.287919429699265
7537,74.59176968879174,13.829230860324095,-2.1777137109692823,-8.967436716915364,9.967885352135186,-12.19134056063842,-1.046575794854236,77.15018906199242
6790,71.03305216826378,-14.878850723652155,-1.7861916650722605,6.422149856808805,-20.597907382068293,-26.351201656963976,8.0366472097603,78.6742491509647
1328,87.57363251447035,12.58014786821292,7.51281689719819,13.678964394494512,40.22147099629433,2.9072134191806986,-8.671568110925563,59.597454191589705
711,61.14628873715237,1.2130351772569445,0.09116061011591114,19.374755299591794,10.795103105305115,8.762008468962941,13.623533953791034,79.93118036824555
2006,87.45122782984174,-9.967829058679627,21.568615015592286,0.45093028140995295,-6.215583143855533,-14.945479178986751,-0.69643029597934,60.2093624958504
11525,86.87222908057491,12.062454348063628,2.015409120080533,-2.5443097159481933,6.8671524465583555,6.106980639910303,-13.278233475330495,47.57593920252848
7492,87.26410653308245,-13.984437638168101,-6.188655533373026,1.764306232851561,1.200036802364013,-8.155557867493604,-1.8716183095860408,48.978942439137015
7716,83.70815885962273,1.5045345200989728,-4.240595248871127,-3.0734395560834,3.9148573942002782,-8.564640017533069,-11.753338638067198,40.99385289793697
930,47.34710947358564,8.366907015950117,-13.117228330994866,-3.357142706289186,3.339637126379805,-1.8926852295906578,16.426161446002332,74.49325570981122
11806,38.21839523546349,-5.0317614635699055,14.798811750045896,5.175371764069025,3.038830441442286,4.776118704079109,3.9328103403665375,58.297281500615526
6864,84.98449971425487,-6.007946325592652,-15.274872314145693,6.505843410556665,4.859916405533581,2.924612310761505,8.4170373826318,43.09698473856613
10184,77.28989613844799,8.955523939984397,4.081320411235464,-3.982521715526958,-3.2225124664501044,10.259601814991777,5.058451573966386,75.5133826647964
7738,66.17983231912821,-17.460403277425193,9.85107827779573,12.50153089118177,-12.925577844422737,-2.379155691407711,7.543088133218645,79.79694873209661
7915,70.6443436457074,1.202106364009645,-0.27649456959626123,-21.890051512002685,-18.666794579973455,-7.714495440372979,3.1145085388175113,31.19739488572032
9180,82.83751573317578,2.4569554447362,1.8649122612740419,1.3588369511070777,8.525771064686475,-10.931490490578932,-12.506208980861526,70.21423575261024
10442,42.87678013293575,-3.205331788548764,-16.936441950100935,-23.74413646210026,7.821804820570472,9.919697860785462,0.017858705930358452,40.16571463865581
11344,85.00793781519288,-0.8117570891300752,-12.041022918673294,3.917144390574271,-9.187333223919783,6.44260351754114,-10.262052093419713,43.140376349875034
2716,78.25748629364583,0.8641298561884486,0.2443722819871549,2.303346797179708,18.23099409362245,3.347142138162313,4.605994201406901,74.80427004459416
6150,52.74768693555181,-1.083396539458737,-8.253531299007763,21.456418940690988,5.646669063352553,11.500403712151053,2.477390259503185,77.8010981496187
8676,43.362667796183175,-9.24635540506246,-16.75178970423016,-7.301543305104683,-3.912673229598557,4.913656183305824,-1.55344290600193,39.52824560959751
10010,40.55170182455791,3.4937366267502656,3.7729291563265526,9.689303022217029,-1.5568672986554675,8.276204392591755,-1.1042641267210114,66.0033589883473
709,64.4174651922547,8.875701747950623,13.50065376089261,-12.857470635424628,-15.625055272956676,0.0019092295346826945,12.010823436044248,79.95978350123947
8860,39.20460643170616,-17.793076231721763,-0.447108874061739,-6.061919582667667,10.10520155628183,-6.481950993528133,-1.7141261961302299,47.33323765008982
4922,87.80069127387505,-10.913059683877108,-3.623624627788282,18.10553800255613,10.464079504992325,3.1121863428795615,4.762180173846851,58.1505098536488
5209,38.57708476989066,-15.291556838256001,-6.194413011596529,-4.664929998520799,-7.9172098957462635,1.3114531163323149,-6.058857985752775,49.65947458924749
9352,80.99040197548847,11.160981145394942,-9.322754959158532,-9.903081178316139,6.721392370779982,-2.636395698740186,-10.820546437169977,37.640695959793184
6916,87.61929878336397,-6.362620434533599,-7.718290917957768,-10.938768451495115,-7.676509815373501,-3.6315163660085754,1.5567071913991273,50.653722579556934
8918,57.05142921102114,8.229419636643863,-3.333557929694673,2.471941209201494,-12.244921334258327,1.4705951945140148,2.8255812717931046,30.718020970923572
4607,39.74279715476012,-3.8688108674061295,-5.332465603113611,-3.656911379626864,4.182705331330903,-19.576507194804297,-2.156122853609183,64.17074238081989
6390,86.58707489743533,-0.5653662302465584,-21.436804073147524,-2.2245623777490873,-9.730321549001713,0.9983112887758928,-11.911892535371072,46.714476613829625
6676,72.59003426835034,10.569511331923302,-3.3048930346940804,-0.7980867612999298,14.879673034037943,18.524396139180666,7.4062722090502735,78.08746938778407
5017,40.23479196791247,4.772282680748307,-7.46518677758765,4.449729855889648,-14.886705400332929,18.200007214915978,-1.080433173400944,44.66823813399779
3116,86.19788319144416,-4.684901198850324,0.17417794230429823,2.8949158170673215,-16.666953172831064,-0.09460040609878144,-1.704635997605661,45.68022449647459
3327,38.075495794103105,-4.933875542260541,-1.6369219987537589,-5.698705172715991,1.1059031684300231,-2.706672478287218,3.6092242189235475,53.05858554393246
9044,70.38327401792168,19.49526544309494,8.46136297299988,-2.550312514619656,15.437897488740822,3.1392530619930348,4.705062580166171,78.88487523049436
7311,87.98686583928821,4.84206758661181,21.233954818844456,-14.444066847401944,12.11304539515772,-5.4388154894599055,-6.836718605667533,55.810268800714745
9380,75.68801426080245,-3.3592011926201506,7.293038112364209,-14.801100998908264,3.572200451168048,6.3307301219834216,1.214908320849686,33.459008980140354
3310,38.26864670948977,-2.821050139711014,9.104243933814002,-7.696403613381638,8.892896581490133,-2.6794261851931562,4.590337995448052,58.655155868081266
4120,58.82495722378523,3.943292696954286,19.837812086950063,-9.419246344363657,8.629608050040426,-6.247021246429626,-6.94997009786692,79.64891514482487
6608,75.12388358696201,-17.831259985429632,-5.712113878157247,-3.742062306536919,-15.31868279535102,19.59060356856988,14.94568521243309,33.13652711095986
10113,87.75046149249098,-0.13586512312247867,0.6492483770120139,-15.767352057690772,-6.876542670162632,-5.517480719703544,8.663480076430181,51.47655624300302
4548,86.44025786863976,-11.652525718969713,11.13807350601113,15.752214599112435,0.9912768257049736,16.110171056013293,-6.378468218080318,46.307801713509306
2816,64.74947051030213,3.266704069943684,4.044008889149395,14.690516496214086,1.5783804429444905,-16.870784312820746,-1.3333645280878812,79.9387119341313
4603,41.659591040499144,6.90280382600744,-0.1722938757089048,-4.372280041790274,-6.6820966677140605,3.480230726163227,2.8693597027909856,41.97744474224603
1145,86.02252307115083,3.3677760826563437,-9.559400950380391,-7.673608030564736,7.1227729480352515,12.452481843759188,0.1070611452458524,45.25508176338417
11313,69.46128755243012,-8.175485859014932,-8.451230523692267,0.31405199411583107,-5.200368634612753,-0.2983404789025291,4.893942178373746,30.849394144974095
1994,83.57571164647511,-7.28231113010794,-4.201093264447232,5.704372092610363,3.994293366269935,-4.48874882933609,13.665495256876671,69.20000317750346
3615,40.537544609334844,12.680470911463843,-17.418003029469084,-4.32317478738017,-0.35575428086384375,11.586974147530128,7.975533010133466,44.025570729082176
11243,84.17853937728785,-0.34633621242854684,-20.27183451326138,6.860335613608715,11.769451453871607,-9.137406250611948,-12.735106359945851,41.71581881165918
5873,73.08189634067361,-1.741000153626786,8.609198346286494,-29.834871770897642,16.037858874650315,-2.727557399655047,-15.61275518556284,32.1230385283379
7743,68.23726451975097,-11.07878342465628,11.993134175897351,-11.453715559869277,-1.7083404206883732,-1.5115062830859611,-13.386286806578802,30.55473337535142
12754,86.62529790549019,-16.653177349377565,-9.155006297750509,-8.513282425178843,6.090646619711181,-6.981193089952624,-0.7114469032537217,46.82410256443728
8289,55.23860839105698,0.9441545859065368,7.277867598049594,-0.6661239720727103,-7.802088558456423,-6.363588027866886,-0.6270849481387774,78.76469651168784
10554,87.81019323528986,1.3381789158734725,-6.876557264114076,5.691335433329018,-10.333085366912211,0.9098551667841555,4.2438339097796565,51.925213563907676
11404,45.471147100655045,2.5422765709053463,0.6075123925693279,-11.831113176644415,7.318889292391288,13.234288946916472,-12.092836233695968,37.17475621392162
9506,82.02027470188136,-12.377128638631165,4.3271496274149115,6.4779954784555684,28.0581611211813,-11.529808600970988,-3.9734234471657293,71.22433820730362
6379,43.77119666114763,4.956841366401116,-0.8961122466599214,-3.5365367912560997,2.9839480709417203,-6.1347256595176365,1.3031352355703898,70.97664301897429
7875,48.63005460878724,-16.730756963469958,5.157259417770266,3.303712836242662,12.182802582867254,-10.43036226288119,13.9777281351523,75.45738667214273
7300,50.25640100433067,4.224646432459655,-2.013303852615021,-8.382550239382873,-9.025245364988649,10.228670996164695,-4.871757311942848,33.49184608950421
7760,38.05767896346888,0.8624130763178438,-2.15122485061395,10.483403126394968,-4.943818953928513,10.336865233330112,-1.0853167525394536,53.30276067962787
9322,85.62438378627343,-4.3269080160600195,-9.362559275993242,-6.967404072093311,10.457086957212887,-11.712397295475665,21.64668752251761,65.63659994036666
4081,86.57886969051083,16.30146032313479,2.5468641197968838,-1.6907310650313736,0.39251409590173714,-11.905868267683031,4.203860027174144,63.30884493283572
9444,71.5573615625118,0.7131436265537372,17.388142840463352,1.4490772464519897,-12.090066782075006,9.326978825286197,-3.714049295703939,31.510181714443902
2225,78.00999748288254,7.080304607287447,3.088787265213437,-4.26214036741487,-4.913719860702987,-7.723379977928787,-15.429128418387062,35.007502017910326
1624,62.69310871733674,12.912715676593304,-11.162079901285956,-4.180394324385651,0.0011953513250223008,11.37547098181214,-7.234818072589223,30.001883716155227
8848,85.30146901544111,11.726066900511135,-0.26511423457555966,-6.596639064877179,13.250775666802268,4.593359334290021,1.9986771128326464,66.29798565025288
5880,77.20225068567015,-3.580950515920722,10.156764163482022,-3.5269401997980405,5.0097623794216615,5.872469562173322,7.230946204039071,75.57416038290219
2552,57.96121625072801,-8.150706230685584,-2.5961224049919593,-7.955989232147463,-10.233027683935278,-8.5788130157696,11.298086702058054,30.513051265458316
11934,86.49641088719602,-4.498761332058927,-0.2909665413005295,-15.56777500591245,22.324483071318962,6.95365286947718,-4.125061192478542,46.46075674195563
11115,41.673165389305666,-17.907900436028292,-3.280256710014485,-5.2895697699573745,-5.365402956084431,-0.62274033343537,0.3335928536494883,41.95522612353552
5876,42.15926368038086,5.9598869164212696,8.565626110127907,8.17685814927504,17.178708237885225,19.017187022725608,-5.863136103366168,68.80810304336217
12511,87.97006174497196,15.144575897196894,9.228653123984717,8.84892448415427,-1.5439504516017633,1.6594623366182368,5.361554805325847,56.22311751368706
9166,40.22190611324103,-0.4428223730199629,-15.383243022514817,-8.219290435385425,-1.1782548757999038,16.860107032253715,-0.051846079342786754,44.696678259609975
8010,78.31225112315776,0.7279161279621328,1.9228450526502627,-1.4249165278173557,14.223349707329254,-7.696446323136794,-19.523415238152406,74.76195753313304
1025,69.92884626978503,-16.428387315025862,0.13949771907997627,-2.3330203461785954,2.162473663634094,0.37106592474914835,2.092298010407165,30.97936117898431
11523,67.63864140789893,-2.9424478262004206,-2.483501912329583,1.2450624480366965,-4.779205324824786,17.864128254901413,14.827180194147587,30.434108892838317
9392,63.83656138770926,1.2699257359213392,15.2201372147805,21.834114019048748,-3.9858821724233096,1.6919039892168932,-2.4551146230894307,79.98599938054498
3954,40.269733141406896,3.6527902697490653,10.975439285881045,4.243285243053377,9.551988082373127,4.14284919326313,-2.726271800265834,65.40840854968442
2037,85.3605862872847,-14.183622402905565,11.464463079403638,17.698508664355014,-6.858608380233915,6.074683048647531,9.830286488308069,66.18052686097106
5425,42.27994343217603,2.968875341868525,-6.181510117661812,0.8876676403343846,-10.269214041989658,4.0830112394412525,-11.606832747191014,41.011459839347964
4616,48.832708520682026,7.828166257505934,-9.172418686206484,-9.94939425141908,-0.2863387568090722,-5.96780743684361,0.27263463821298556,34.40175123608698
6356,54.425889298672246,4.748979366945822,-1.6662292122488154,0.5760670952216972,-5.214072014896774,26.738153025846287,14.61917307911651,31.516290206158292
8134,38.51012913045136,5.412658980053697,25.455338702496277,-10.617759485530708,0.9680138528615961,3.3792483605483365,-1.219887541703732,60.02456214936516
11703,69.79249556788515,-9.482381269069716,-6.152101323075563,8.442254136741834,30.986204617144736,-6.092666255250794,9.385683337571763,79.05955120030838
12689,46.13969738869502,10.68083177235639,-6.535214016997772,-2.7309869860824327,17.715523548268457,8.425123149258633,-4.614214435310436,73.45887851022435
1390,42.19432906974221,-7.839277625343982,9.538867063413011,7.647055866010193,-9.504852950647956,-4.269722225530298,5.160870141589374,68.86088226419321
4800,86.8648956950002,0.04066316316132887,1.0777280437604773,4.048100679765523,5.863165664091148,12.882437289766802,9.495336087802151,62.44760051739894
7424,87.02784117335386,-6.1876939508445705,-3.1262002108830718,10.926224041662344,6.94016908903461,-7.5548719737808625,-5.03159745967934,61.90382854277834
359,69.95373869517165,-15.809949714421395,-6.057266963014368,1.7115674576980253,1.5859831877635266,11.823878366671597,-15.070442370955679,30.986555470751963
12352,55.9969458868027,2.3106695662310104,8.982392086420942,15.441368880057098,17.62363899935552,3.3971985557693567,9.901980703909544,78.99910900612001
1648,48.027546937150284,4.687318790849831,3.9249142531446433,-7.433927043970635,4.956181306768819,5.88441217600065,9.714495874015263,75.02063059148642
1695,87.99992264662957,11.785457814100447,-3.741585713990912,-14.061867709237871,0.07238820538184922,-0.19021912305997374,-7.5321713104076915,54.93780946584958
5881,38.00002710933561,-1.276423814091729,-5.009779379071741,21.861502965283005,15.09036378937136,-6.74591399948727,-8.091026087877196,55.03681665446034
11094,47.314587259925965,9.209846894381666,0.0642685081419534,3.3120339332408477,-12.807234979018054,-4.077518951853084,-5.823677839913292,35.53290398714993
12377,83.76704962574942,16.213813156951908,-1.0894744625969124,1.0167350436531601,10.892878032362376,8.051907344848253,-14.803287752954315,68.9186798886123
3508,60.95591172301162,10.930455491278321,11.165050856944676,12.016222544625073,-0.6587202046896481,-8.476540076444204,-4.499591084952923,79.91629392818841
9688,77.52520130205295,10.029769092903997,-3.0441313131258236,7.337208182704233,-9.151589182133398,8.918789803403257,4.678037881035147,75.34744522378276
152,75.64153466281668,15.881545580953492,1.9883369506065343,9.732801029966085,6.648355906642683,-3.078575312409921,3.290642752457878,76.56830084565783
355,38.763937969378645,-0.2267600131739084,1.7568723826062889,-6.692597005217992,6.876277557870024,7.540338837467152,-2.445063175827417,48.86703193813355
200,41.491649944328444,25.23877254958517,-21.924215935998667,-12.57818609854544,-1.7123274035256044,-11.833137424563763,-2.1944937699421403,42.25673205638784
11447,87.13477619031389,-1.4103764204898823,-0.5297769064596819,-10.127950180024639,13.43666326917581,4.129070220599354,-4.0550716923137005,48.47983295892981
8347,39.98782245311522,-4.827136783988921,6.27586479638297,-2.692129343209317,-8.42311649434749,2.408897886159172,-18.14580009533053,45.23067635142268
6532,39.05993632529584,9.781151346796777,0.7056113965037192,-1.345095111588157,24.6979930460531,3.559873307529232,-17.358110746446155,62.20231568671564
7697,38.2856227286691,-10.828397385472165,12.676682351622844,5.037479102759227,0.7671798935804363,13.542595952201697,-3.8618176192861196,51.2317701648755
11226,38.618141430279834,-3.6957535425802464,-4.407345526644545,-11.19687804744685,-4.350645109101354,-12.43972747558441,0.6480225719009514,49.47505903324178
5482,41.12592691242192,8.134399963228892,20.779661038570904,-13.155901789957536,5.503073398638591,3.8766837841558783,1.620501155262968,67.1047480997868
8713,58.89304035588686,17.12818178425224,0.8440312458218502,0.4675627071223113,0.7446880809481348,-9.545327347495961,5.621417807876971,79.66035041279069
2645,38.813335625084065,18.812690707726027,-6.642648740601837,5.552760465595746,11.376032785178825,-3.673137574574107,2.391974850200296,61.32497165330979
7942,83.76609273129819,12.223580110716362,-16.858807771235927,-11.11024303851389,9.314628075540927,14.049947320749286,9.532455415881616,41.07989250490053
8709,40.577446202206616,7.8398713373460405,3.3043835913850255,-6.924640117002062,-5.4337763639377945,26.195124433164732,-10.644129844978949,43.94427382823446
3769,39.116636888483356,-33.61428319586822,-0.6971597772651873,16.056892327936673,-9.96431515737106,-10.115205518639934,-19.85805738029373,47.61183605464483
3968,85.19964460695346,9.632473182235398,-1.5491420638685125,-6.434259133287869,15.248767832689207,-3.486084029312844,11.760921306979256,66.49677256124355
4534,60.350201816382715,7.104559636525648,-5.086651249789547,9.455629784472633,10.881082971813791,5.525044164783645,5.015498002100193,79.85917475673918
7744,38.13404968436979,-10.625262292863018,-2.1896357159860593,-6.143906377536002,-9.749459397206422,-20.455553116288566,-2.8109907165755676,52.41455711712481
8381,38.06457468577497,4.758996851586559,-2.241523419110224,-2.363427777550357,-18.42741856824678,-11.422705815675183,8.481688274899824,56.79570721408186
7714,75.10039826089503,-3.129235440601617,-5.1155626602839535,-11.099491087385985,15.41414160206444,3.887306242527608,8.72363964067503,76.87647965116253
12624,42.93316318558959,4.535988121532165,12.180475114968488,4.587552192379199,6.484076201774408,-9.047223922741786,28.26201427012238,69.91046814368426
5159,56.71125068268214,7.089131156237313,-7.8104356259618966,-5.964393858581599,-4.320165509402443,3.92461960784048,8.404448948512274,30.803892213334514
6446,78.66820364940104,6.871014409979916,12.045680157203549,-4.709933138887935,-5.702268650975312,-15.067770669980959,10.11777653125079,74.48094952513598
1761,44.42052405360911,-5.3841615932299,-7.69377686092036,9.352625196651307,-21.775863030381316,10.088427190933682,15.184949942434336,38.27268480725367
4042,45.000353022007985,4.273597602977737,7.669130778055717,9.631739863570024,-3.7861955023527605,1.416933937792062,23.02650739318487,72.3497178267447
7160,46.63597750065223,-1.1769307085160854,-0.31494094929462424,6.29258845838982,4.301362649289908,13.516872225661611,-6.143644654741028,36.09976805325289
5217,47.68548633815987,-15.187086072915,1.7448519296778922,2.628236193724038,13.290994747498114,2.327411770251909,-0.7614348625563893,35.23979576772264
552,70.5739638419359,17.242563565221886,-1.14715664033231,4.316740693964105,12.237026327996821,-3.3834370023060467,14.25759555791682,78.82509332030092
2641,56.70664869564132,-0.10149774516687013,6.256248726627176,-13.202789196135862,3.813219621885176,7.294558499657144,-10.025133312615864,30.80508877139809
10872,38.33489528576881,-0.3821721590475851,22.57755985658671,-14.051365570631955,-8.889967503732617,0.08468543600728923,1.822473746957307,59.07830962973758
6314,47.920193182950804,-8.482159945199138,-1.4972895986154675,-9.115082196856708,17.92053125687697,27.813744856565854,1.1918699720656165,35.06010465522758
8944,73.058009216912,-1.7815952687885281,2.964265271745576,3.313262249279172,8.145958877709633,1.9543469357244767,-3.091855639485474,77.8874736612085
2861,84.9898928715682,0.004037296722433236,11.750896582665085,12.809422654918167,-9.059912826313287,13.400461555585588,0.5718295942695276,66.89304887305833
3994,56.7722149870747,-16.574778434856963,4.382045851787002,9.587317169997004,5.006844887440538,3.160267132215344,1.990193612366249,79.21187092797214
10935,58.67544730639587,5.705513042003643,6.005631128785035,5.548487226525164,-0.7818464614906213,14.084711195472114,-0.08920477145066176,79.62312417221342
7737,73.2214488711006,1.5832769418108914,-3.292858347154948,0.9541646776360093,-8.474291816161726,15.792758231574675,6.33976042470898,32.1850491349318
3165,38.793109905538714,-8.895327885762299,-9.112127580212112,10.694238259123823,8.24726418597241,10.316654137341239,0.9959918737066454,48.752882908519155
7335,82.00927440612914,8.253127209009962,-11.749694936508101,-6.01697606425741,12.081285078491877,9.363188081556135,16.27348189653611,71.23722533416606
5421,56.692377133806815,-5.860884141911854,-1.988115490903042,-9.86758583431957,0.9990078917199858,-3.2041889147476206,5.883801335021101,30.808805449546796
2402,70.46062170491986,0.4106886466379716,5.146075218121271,18.383257752906598,-12.652572450445449,9.359775931864656,-8.061154981401067,31.139171770953155
4870,84.08930274163006,13.030751415947714,2.931738938606298,13.976225004011765,-2.8169708215314855,14.919993101063831,0.9953165638549211,68.42539794091313
3050,81.5364416667228,7.783009441758487,-15.371060687913067,5.840620499020409,7.980639942497908,-8.283877633375381,8.817080933081279,71.77499121717156
9001,43.85159441143598,-4.390307531552233,-6.966150545870184,-2.022773550302577,13.870899770716772,2.8372840872502545,6.462329970023132,71.07291396778601
11814,38.91939158123972,-6.148971960338666,2.7029913614705414,13.74779834684567,15.074632906723501,4.545902527123038,-11.638181806615954,61.71746218317093
847,70.82508416391056,-1.890427583296197,2.885145561667144,-6.8355997610291315,-6.801105047338063,-8.395428245584448,-1.8115835373435591,31.25619959173098
12359,84.66782598488213,-14.021474274423731,4.2755904001612635,-23.358509099795327,-9.121486427998498,0.6471057856495952,1.3047756563521695,42.52982289264235
9016,73.23634656186356,1.8885631346093672,0.8139271721234027,-15.532495407959857,-9.268766289542821,27.849067931569973,8.235345838994192,32.19172937144457
1006,79.67998013765897,7.094748070570306,-3.686435118537665,-1.2988340171826587,7.82640287225372,-3.081038388688595,-6.318466759539712,73.62198331562195
8978,62.9325470878673,1.9520579459120428,8.73880368361096,21.293629339762226,5.941951628989902,0.7809822025955069,1.2861746863717363,79.99990900192728
7459,45.963705013819734,27.567349309869034,-0.9958878854919291,10.95171923165935,-9.458761575210078,6.0230206043170185,7.642223698978481,73.29657490198231
4890,69.6018604545269,16.985564696994334,15.879100009325262,1.642971430493677,0.7121203142511419,2.736814781875539,1.29858088710954,79.11255769384397
8775,42.61588301699808,25.778637493277845,8.933964977198853,-3.1430763198067098,14.538940833708153,5.742912627657658,-17.810604569938214,69.47369250824725
4722,65.04577524248303,0.2769019641700787,2.0765935289405455,4.748892872829541,-7.520461672597396,9.704318032205151,-1.41507831312951,30.083844524942386
2018,69.58907176160231,0.19567244782337653,-1.8230908688339829,7.064855183802847,10.398855011638622,-12.479075793785873,10.986262852106544,79.11605550915105
8995,59.37577742699817,-7.71328570432491,-9.703939083429592,-9.460161104583793,4.709766552267814,7.513719622132941,-4.773488409765655,30.26409470544197
2496,75.42495372140634,0.8158333385734842,-15.225498772982897,-11.59518551050753,-9.209899346677568,9.42386089008604,-15.119260651263565,33.3062099894714
5730,46.809375679029316,11.562739592707235,2.9433905637133266,-6.276723490779867,12.771538686591967,-0.8537298257782157,17.682568024059123,74.04898118265626
12090,38.108540073296936,1.8184509002562965,-13.43789556875487,-5.945433812280672,5.133446636952503,-2.7871626974235175,8.351286878416783,52.67293689012621
3633,87.86397647391678,-12.379481480812828,12.006019673637262,4.103242805326946,-0.7684174304129496,-24.39496461854769,-2.7694553941448765,57.60435671606502
1934,76.28205916607098,1.553730113634554,-1.439661112304926,-12.19154050882324,-9.626856311160527,10.486330704987752,-8.561735862165001,33.82012973814547
9465,61.98508481600415,8.093213001405969,-7.22256617656908,8.410811964294297,3.343394707319114,8.033034874030436,-15.239378734138738,30.020609551686523
5435,62.663065864559606,-3.109768220802853,-0.8480863556816252,-11.482762327374376,14.468452678205868,-5.9504977145425695,0.2488104135354738,79.99772940465544
8488,84.22755266738028,5.745295921162144,-4.928214692786096,11.686951797294387,9.138639263160892,-19.773595637287006,15.306440124030997,68.20571875187399
409,87.94132017142381,-16.152697144046037,12.149837108389276,20.603108480144353,8.531231686965606,1.409210062049828,-16.62870467479233,56.71188437300177
2616,66.7581058016654,-3.68320204994962,3.871315076112915,-7.441243714469273,6.377924186880875,-4.3694773001459275,3.2986010503379672,79.7159187727968
3174,54.83884871856236,-6.225864446412702,-5.611172593141625,15.8681055874933,4.78030088140729,11.314584721534972,-5.7669968146842185,31.369604113314377
10746,57.14628221907505,-11.145687840693942,-0.6924409851375434,9.793205382495726,-3.478835143421848,13.780014247192119,-14.773318015174997,30.694980186363086
7961,71.84055728989378,-4.840076964479369,11.858291480699886,-15.23800887869649,3.1796566567932767,16.857790782071802,9.946484395784056,31.615292458444003
8744,84.5668082499993,-7.08860949389379,23.055491770450228,4.100738733708854,9.58054139626306,5.698223233780812,-9.818122370314656,67.6440809040342
12760,69.69410839368904,-2.023275503961416,-7.712598160977313,18.28837937824366,4.7028744918867345,-2.5727445940976237,-7.835972042125631,79.08711092708177
3483,68.95184672394846,-10.08170850124875,15.109132722782725,11.436880360226569,-10.50891558473798,-2.3274166833197687,-6.658819326425476,79.28117626011195
303,49.994530602390206,19.54423900750792,9.007386960490866,8.379839761989025,-7.440536693293861,-3.388990899646678,15.81665994820914,76.35082587976014
6937,72.64227660903619,23.960186569049032,7.407956004899678,-10.184716281559748,-6.661621237803958,-9.49322296754709,-17.35786390351427,78.0656996814498
6768,87.94924057709964,-10.22811725481387,1.5670558260666458,-12.677311755288647,2.1020664637436366,-14.66596649835164,8.446663110082632,56.59229225521091
6030,45.03747642872179,6.727673775092487,-3.068168227055218,0.3697297315483583,8.859734990846999,15.648889440642119,0.4594038971900541,37.611850387367994
12152,73.85309618877989,0.5340653514987386,4.778624869952526,-11.195730206915579,16.207777924610525,-6.260641840567297,7.1657242059805535,77.52132995888768
8808,38.86595749771838,7.718179271113161,12.761201181217219,4.36924716497108,6.350358841212014,2.5637441242649404,8.105647080520972,61.522882223224954
10464,48.759297045642036,-8.489278944230804,-4.054031132155875,2.8949936524854825,-0.8957988558519753,0.8478522844103451,2.685096549004164,34.45243616956647
9458,60.11291538055372,4.318420931818144,-20.525726724516634,6.025099491486669,-15.547077859500622,-4.400321663338814,-1.704260408398801,30.167264701604925
9367,75.42007738756396,14.593330763429018,-20.048588559614334,-39.166554953181404,-17.109260232888474,23.53918156569799,-26.385203012896262,33.3034178339785
11620,42.5435517744838,3.3825275012200953,-2.1325105977217467,-14.089589260961777,-7.600401025983743,11.040739761019946,-12.26901584225786,40.62871870720028
1451,75.60157932629333,11.53805825699007,-3.6196842790175716,-2.9477528802310986,3.8330803073329136,6.684413984585519,9.836975829121887,76.59166965482606
6124,67.91660968410062,-0.13796687712793246,4.852296506783501,-14.078607786985646,-11.064894859704587,17.889898129961217,5.683814421076802,30.48822835423339
6495,87.73194150810669,8.9738757333273,3.8221924174619444,21.868641833852106,-7.149993374671216,7.035581171406974,11.210877828787734,58.65117367973498
12459,56.873486175903,11.71512745452768,-7.864096205338456,4.714931514001195,-5.285967083889393,6.128940642265124,6.135873902524221,79.23769436978584
9575,44.123462824016705,0.4046220375624303,6.203667317658425,7.7828492839029355,5.507752268953507,10.261861363734182,4.474238618891953,71.39134967730604
8619,42.027853952339015,6.064112090095053,-12.181326024639771,1.836258207121212,16.113308288290234,-3.6483980054544807,1.80874894489931,68.60768496679644
6818,61.745315507347705,0.607567462624123,8.684325934244965,19.891232373049707,24.060585436068877,11.929470913827343,-28.21124088546165,79.96849548578965
4675,82.57791578399807,7.77615199069267,-17.9048221253347,-1.364791672376998,26.645709809689954,-4.736008896442537,0.28908533975253403,70.54687150376819
2008,45.079187024150386,-6.060392206113874,-1.6029882949464178,-3.425153721637982,-16.355539748864558,-1.2090740253990127,-9.097243622038645,37.568865146393364
3224,75.41052688544681,-2.5814538007219445,-2.231768747877222,27.173633683614746,-4.146966548069184,7.4074187291724805,-9.75776833692056,76.70204650316651
1455,85.53305870246888,8.364034927329385,0.7914321858676641,-18.485735427537563,5.542016329030711,-7.987245468494153,-6.637588137544011,44.17127590567146
1619,85.43814467815749,3.099974340075277,-13.570347999573197,1.5149469337385535,-1.117671191703709,6.207760029561248,-5.914960613718234,43.975950680350124
10174,38.10600093621915,1.6039420220405272,2.7272784894222695,9.102690433780829,1.8960951511009774,-3.775436063405065,-0.7663227361112468,57.299741422959976
7610,61.4209828176881,-9.866499861703158,0.6435630780228084,8.259113256532256,-7.0463190114555445,2.190835004965095,-14.774598542540433,30.04991573685644
12539,38.142334361385764,-3.875270987289972,8.698916723413191,15.406137532793815,-12.512201171050428,5.34501897819661,10.02710858304232,57.66391797900331
6900,87.97749131084355,-14.636449015214419,3.6219138741843455,-4.5464289305865515,-6.6311229795123054,-7.324862683096756,13.963427881475877,53.93937385628344
11274,76.58182939096736,-19.179499512117836,3.212081073364068,-27.044536036329042,7.440404287182077,6.70179128692859,2.7119987470522,34.01110030528862
9968,84.44192555435237,-6.6098176810041345,-9.673437827852512,-8.538673182039506,-2.7552040322790274,-2.4020446780954434,-5.137389573647617,42.145279912747576
8514,78.30856851225496,7.884313900358595,7.284444023835207,-4.5154115919392455,-6.157428943820794,4.8482062918090225,-5.857600407738953,35.23518960107141
11650,72.13275897577411,-10.812551356606095,14.608505481052562,-2.368169162434598,-11.863438290328682,2.57633479433812,-7.9352745376197475,31.72785541703521
9194,87.96512575885049,-1.306137241470767,-3.658100276872358,-7.2172680255908865,1.7908174318713521,-4.508442840430461,9.615121277133966,56.32003630434154
7745,56.78307220526718,1.2032236694897716,5.704045779619824,-21.733083599030646,-12.8418793764577,-13.688884335811638,-3.417676719853958,30.78533897005621
7930,60.544955531854804,-3.686154761414371,12.580666355708601,9.611858672948951,-5.011547380193546,4.181318619164372,-9.627685145433608,30.12083689792943
7660,47.658473127986454,-5.705370274733308,-10.36533625687147,8.166364292456102,-2.960089492424119,1.1402802586958585,3.9553243858669944,35.260761077607725
1880,48.068998100649154,8.556782134139143,1.0318967232924643,4.622823063490488,1.6692455076550636,-5.113899784425051,-8.489036317451909,75.05156308823783
5997,46.598751727721876,-4.0833116899759485,-0.9121147507466545,5.9250013236558265,-3.0968590727330096,-0.3464499186141853,-4.377812805456237,36.13206277540934
459,47.28820914797176,-12.00877748390477,9.75434660420832,13.557417800573342,0.9558736581514058,13.391326282446059,-9.19200487127543,35.55418738591463
11977,42.76593006946391,-4.899638565994035,-1.651421159333274,7.118239824035256,0.03341602251515548,-8.253011223580373,5.568135598161091,69.68272502113199
6038,83.27961260209226,4.419600514165883,5.4167577649707965,-1.2550424010828913,3.8350785616399325,12.039173182327668,6.6360045709912985,69.6197576145797
6835,39.00325437338449,-13.837255017408602,-7.663217543657797,5.161395261345327,6.503860631728568,1.0521974168693926,3.849835005998401,47.98885178223213
2505,83.10720539163641,-5.628541209449553,-17.918464205288526,-15.522253526625832,-9.582734115238898,12.430667740378162,-13.366167091809203,40.14401496572685
6213,61.36611754160344,-8.569962813448956,12.043107429555821,-2.0479666154541807,-5.792503828726888,-13.407996876813176,-2.7379208335360605,79.94655142724429
6238,78.6699731081724,-0.89815612627446,0.1749372483508233,-12.371047826924965,0.6550614291132948,5.526841790765643,7.717473256175483,35.5204737534725
2978,40.073245565065136,4.652995051278921,4.54064710967251,8.54084928325528,-15.175204946126666,10.851077649911826,-17.347364945879697,45.03185418043082
1681,47.65703544664052,5.5893107751837245,2.119110182140717,-7.660431423978484,-7.668305738265174,16.654032871160748,-7.533702965955973,35.26187854140231
3256,43.84060689823389,-12.450110964331582,15.35614823845531,11.910235093482813,-4.520537527826623,-1.288922116269767,1.4586574663365717,71.05981494202213
1521,39.79259132149187,6.224327883528085,-2.111116329407752,9.768899979919164,5.967103260101888,4.869701909352779,-18.21427187354025,45.703969533789945
2761,42.46775048883048,2.851662592305316,-5.466495129727402,-1.2309161343819566,6.9666542948462435,25.198343962279818,-14.557929012927854,40.73722572529877
5461,55.2462079143027,9.510903352251093,5.821525813642995,3.499346255009458,-5.167159703966697,-11.981687013879084,-2.9457239240941697,78.76717712080628
12076,81.42131198065027,13.768392699070036,10.275809444144175,-10.725106062188852,2.291001322480293,10.486776038634622,2.33498528081208,71.90133914551006
72,87.94547487009356,-2.8252871905396546,2.770876599786721,-19.078172314002458,3.511950248424668,11.222593026345356,-11.40779518679553,53.349762591161316
10688,47.100132583192746,-1.8935063674672037,-7.373132112806973,2.076733238080369,-7.228204163603801,9.256579179591226,-10.587239376586766,35.70766431641957
5759,86.02654180580129,13.203517737227168,7.184823909379945,-6.227401844301533,7.554614091914967,6.177063499899056,-3.096413219438131,64.73541845354814
10359,56.15407312076119,-5.471838894549616,-2.2801179841400914,-9.476054340420836,-7.411456093684192,-10.136428642960997,-0.18355603860340608,30.955597633459142
3107,76.92016308602841,21.83645567340261,2.227691903854628,14.560992571602542,1.1090175925383736,12.686517096471263,-17.072289867368138,75.76605546699642
256,38.373327943828926,-8.971693894495301,-11.46511170418258,-4.481062826140505,-4.092015211552259,-10.04493243865408,13.344917939173747,50.695697101991684
9934,83.25916103187305,2.357273124833383,-30.509822739603976,5.323961313291772,2.5671895919518324,2.370579941964729,-6.909160851895024,40.35191499599226
10142,66.55612195202254,-9.729621358337928,-1.4995526256918774,-14.075374078179548,-16.98984780824109,-4.226584524604514,-21.397846417444217,30.254212547135555
2491,73.6418107011316,-8.90584026913836,-6.859099815232762,13.690211827724873,-12.007911466946055,4.724622585106211,-2.0735320771150096,32.378066727149935
7115,44.11650806264004,-7.775257164450173,5.767595285469291,4.399228945497865,-7.559358831730406,-9.391775263775259,12.7001705089638,71.38333703039956
8692,44.21602671608461,-17.8170667238015,-17.049025139844804,-5.068592935741414,6.821603053032623,10.326204511639055,3.421354782046601,38.5026563450611
8526,82.32258012178474,-17.360911138329953,-2.2812347233944577,0.42328849773376753,-12.704295249579882,6.276021294067283,13.8363945175261,39.13690139231275
10676,62.638632565712086,25.637561757404825,3.630644496521038,14.26844876985955,11.804673415476783,-1.3396875544746225,-11.357409208084617,79.99738813511196
2486,39.98143537709022,-7.407825775038944,-14.745877711593241,9.80072591379412,3.7781147910484036,5.108251373788111,-3.082593733952259,45.24573515323034
1470,62.69369498758339,-5.294449422630945,-7.238330240172587,4.723727025511873,11.568747425228302,-3.906907827721951,3.789728687016163,79.9981234743604
1356,87.98259226444145,-5.4760431868762405,-2.8824158427772337,15.169987116942272,8.701132388070357,1.374313361517787,1.4518353016560668,55.932782798228104
9407,48.12517903765988,0.8999901004560666,-10.856995610021174,3.0500063054452737,-4.638327263391476,14.426019863935796,8.570806627871818,34.90672497231158
5989,42.204770583118396,-5.442255251758446,9.495266228597574,-17.80360250665282,0.01504926595273548,-7.9354824171243346,-4.672320978183598,41.1234574371257
12498,44.016913564210185,8.029694699637687,-3.3318356080277227,-4.39836618395082,14.227318900590495,-13.484869933169358,-0.810317664359203,71.26783419424149
2830,55.835962551965686,-3.6453285247088623,-34.18756931403716,-5.21598136130205,-9.293716410921228,-15.674807002731967,3.683274969533975,31.048453756737082
11484,80.28099670710891,0.4768778162834252,-14.472604505491148,-9.199167512425758,-8.046328544140112,-1.6182451461177594,4.55905521188651,36.934365419147575
6195,84.65518123012107,-6.050544725762114,-0.5511298980784142,3.8120229477473004,10.62035017902679,-11.129489863089095,21.2940052090747,67.49212255345792
1862,68.6652311793792,1.6979222849129803,23.35196369732891,14.117205680129404,-3.559492045706185,-20.417443594487995,-14.406782166045307,79.34964385128023
12160,38.435470775063436,-12.136659569230698,-7.7954306628825245,-4.054647603386744,-5.8449295746984635,-10.086001834298878,-7.047871646164413,50.35415196576153
3088,68.08379249828045,-3.5801744869959946,7.328080453899371,9.642963345746251,-5.167458639287533,10.627134930702912,7.511824667938205,79.47764396003888
1897,57.777566775789936,-7.098467094696275,0.622372982059828,3.2698827367841243,-20.46054330202017,-0.9797889377070489,-11.410508256831498,30.551560556578117
11987,87.16523409144736,-12.357018111185136,-3.4331485196034315,-8.06995425259986,5.401630306331687,-4.613635203675522,-7.854607361682233,48.59363899662606
270,46.24818216278964,7.774901601228718,16.03948496213052,-1.9265204144607564,-6.074553823402679,14.768820833614683,-1.6684442272168485,36.44261335346701
2185,69.67420084751159,1.7535481038507021,0.5478334961258493,-0.16523023461919428,-7.237516439033015,-8.91954891543795,0.7946554428590984,79.09263462237112
4394,45.89247470318654,-14.439742678707407,11.65684862498418,2.322211113986381,11.906339190920887,0.6388090946622381,13.767384083266236,73.22999117440509
523,61.88046721486345,-10.034178699068779,-1.373523918085286,-3.05284125305372,-13.950413684244396,14.981971767884218,-3.9563190631349947,30.025079652919725
1206,45.714418773055655,19.460002152311684,3.567321948575003,-2.9081585945561486,8.710407811059357,8.748060213541006,-7.586583982616702,73.06124806448074
2945,44.33336526878341,-2.5089651159455495,-11.196110347073823,-9.463402543618134,4.128350403937469,5.358145530007925,6.232450679340154,38.37000457572707
9290,87.67853663249315,6.559959896100337,-2.987360005068942,12.652544728346761,4.967847902403914,-5.46138085434924,-8.965256513561926,58.996226930329875
9060,38.98440818226538,-1.5301916032784728,9.55635215475782,4.836641571607235,-1.1218934417573112,1.6186373703350054,6.1605905974270705,61.94631914354345
9335,42.44564458455652,0.46309337512424675,0.284507491204707,-2.024122060209788,14.256041680710464,14.683935060840108,2.524055699424064,69.23089854702187
10147,40.150414104498466,3.2958376128610327,-1.0210100365978991,8.830828782465135,-1.8630058132552942,-1.6197763212192853,4.467591008074717,65.14378747825965
4324,38.068905002427655,4.423841578763673,-10.251170300526876,9.583710372863223,9.244553680233544,2.861821401725082,0.8750329936149221,56.85485908414178
5715,50.286968159147136,11.034054017183388,3.9503329843387642,-1.2299007579752335,-1.3258560568093976,-5.715770865400504,-0.8488663840706111,76.52623565358006
2310,87.99542907034376,3.8852892788641564,1.9845342251670472,1.343690017963458,0.3066491864680115,-2.7207763244160605,-17.137179247836936,54.521956498408294
10053,46.006711623612496,10.63287670181398,-1.5279114987670328,5.217521814392663,12.368355936580924,-18.88355044467351,21.29517988233488,73.3365250294851
12777,80.24247255403299,-0.5844510751913055,-2.8038759777058258,1.2763050922274302,11.464019277074222,7.028635539961784,-1.1696104156033718,73.10240702844291
11064,46.847088425827806,0.6665827705026923,6.550950761641797,1.725054879525272,-13.082797974071736,5.960920725847153,9.135666055209773,35.91902917362499
5518,46.5027938212882,11.83894268151172,17.756939394225743,-14.24935480651365,-1.448931167675602,15.930382979134947,23.2182999734935,73.78409402385628
7336,51.60394886755294,12.543229999833791,-11.821333903045517,1.6683129465663584,16.623282491735498,-15.600570983329533,2.7402229221619456,77.25151721988081
4690,81.65829523024607,-15.804591054687545,-1.0324219895445594,7.27147802845977,-1.9855326938771203,-14.081694687851288,-10.146163076862864,38.36064847714981
2136,82.11996378111569,-5.3647438415327215,-12.20255544555033,2.0400492668904544,12.994866186827936,1.2667905914027338,-2.7008647755258206,38.89326274477589
1443,51.51565933018391,-3.7776003336305912,4.491311337948341,2.0249811863223948,10.320956202267295,-20.307634065222256,-5.803936070988373,77.20607843315898
5290,41.66648023508286,-3.952449814208345,-5.34192839061547,0.6139657491205739,-12.460916313552667,-15.101480386988705,-3.7062276687830464,41.96616194515639
1728,76.22263246813822,1.4416055758522759,12.364146381668654,4.5540934629306165,-0.8152999960188158,-4.707690896228652,-13.946366597463484,76.21702124739798
1999,48.199400893434145,7.758248315074118,9.17209765709072,-4.475377175576385,-0.4313185091797425,3.241079419241445,4.9178582656002225,75.14800898567206
2108,69.6855849331072,6.4409766552993535,19.81038268669211,-15.917433385005346,22.101204157662103,5.88853534032023,13.790117038305791,79.08947807865937
4332,39.499025120201836,4.642980002063532,-19.486268974540465,-12.082024201312535,22.473466754623935,-6.492295693573503,5.166836787640531,63.526674597936506
1747,38.449878106377575,2.8027725155007657,11.144392738951796,6.28742609742871,-1.3383201681280057,-19.38587743210811,9.381198290861793,59.7213890973188
11559,79.17546751106703,6.348422423928644,5.906339416471851,-2.821698392566723,-8.948589131186104,12.170134496639998,-0.25633177962622816,35.938146711339556
7368,83.41745310971399,-10.030925808305204,-0.27250708666612966,-12.372206648897526,-8.166009873250008,-1.522421025882831,-5.477917063521726,40.573371547286925
1753,83.71358351447331,7.497794070919386,16.687626716867744,-10.91156949792467,5.774636526533366,14.25954408321806,-8.822129662497623,41.00187662617094
12775,87.86951558578369,5.799886639259327,23.646002700551403,0.12462398206478807,10.12812621319487,-15.919125699285592,0.02515643273886478,57.550920329697156
3754,38.85176215863356,-18.91759192836585,1.783280721588016,-13.776180963683842,-1.3930162551156122,-13.410720307364981,-0.20557433140519227,48.529867918133505
391,73.89945238828356,24.674583131745564,-8.596286593687777,-11.506271905777268,-3.027164599002789,6.60139070235128,6.415169720060794,77.49893192210554
3702,39.00908802639329,9.640521672261677,-21.39475946100848,-7.203431124896504,-13.18168968731224,4.049481058075339,-7.729408170018665,47.96891596731668
9004,87.19964777114328,12.654842147190863,5.4576519345093235,-9.968031533140046,6.970992635487051,-3.250815196506765,10.217001954799883,61.275113365717004
9547,67.46031901700272,-11.086958866199346,6.14127880185655,-0.12988460066711147,16.55415128392082,6.354758777435071,7.465064870242282,79.59889335451015
900,78.39288765180305,-7.867912562232393,10.325814692930635,4.035449555726555,3.797553784141005,-4.437780204942589,7.778691793189147,74.69921342944863
4272,39.30570697035696,1.6823918194183087,1.57729608593948,-4.4118540588144395,-4.591911371305232,15.27642944766734,12.20451247806964,47.026263245791895
4760,59.80762493639754,16.808119729475834,1.146553358349939,5.0211086467534285,-5.155602380718673,-1.462554456954728,19.908718773833378,79.79533709093887
1430,40.15376255817634,-2.6642536216846793,27.47346787107876,2.035146019923996,-0.9361318028940308,-14.387725778643398,26.39498870443243,65.15132674835239
6402,64.47081136557073,-12.045725705764525,16.576758645115607,-16.174855632388017,-12.20232257631628,10.535480422083053,5.979509363563916,30.043303224847485
4375,72.23299494101664,-5.729759476569951,1.2867288611011942,-2.760118827132348,-3.6820187683871164,0.22733025416126731,10.544983785527043,31.76744085514553
4263,83.09226887673479,11.548423449918513,2.406814953809365,8.780437023396932,-22.505874079898437,19.545238629793936,-3.2519235607869303,40.123820000248905
2803,72.6940872650738,2.7712745955602864,6.869633899447569,-18.943836043807604,-14.68880123857161,-0.7679246669131257,18.07628861003177,31.956027423702874
11818,55.44792149349054,12.660348815063161,0.5139306759437423,5.750947547973867,7.389066137270534,-2.8824379141985013,7.780681744913251,78.83203957347163
288,38.96032854520458,1.015489850985601,14.243322650772726,-2.6869101865635745,-14.520237137052458,-13.885443967155837,9.716978373727764,61.862521136251196
6735,77.67348128678229,10.576783851454778,7.164949716125121,-1.2511485574539891,-6.44724695469149,-12.513497811537484,5.350196756725298,75.24077436578082
1571,86.92117739102027,2.3495513740463183,-2.325270067006971,6.998024584835306,7.908756635531093,9.519370453822567,-1.8988543582607562,62.264796778117116
8986,59.08913449238431,-7.5525113142471065,-0.7908498852168369,3.9733149281751245,-18.897798580595367,12.648671693337633,-17.34363069330329,30.307792099908482
1038,56.82716131684608,11.296337761193174,-4.417043743930583,-1.7147194792469813,0.7995882083798456,-5.3878113302483825,-3.8482961198043992,79.22593780623896
3376,38.194257015571694,0.4412616563904362,1.3591736757216675,-0.8550854609203157,-17.06944849756271,0.6904954743623553,11.995823953333531,51.889515312610285
8737,74.2250640343541,5.2619820070949705,-4.166739150386103,5.764795785870405,0.4910704847443893,13.820956436595544,1.6932106141633365,32.66173826313583
1215,87.8880267807996,15.192339590644972,-6.3093653461634345,-9.449065768957245,13.912399457162877,10.59410601261617,3.599997923422535,57.36349803431304
4514,72.49294127843056,-19.12323391172797,14.547587311163127,1.5583737325756997,-5.024234643356767,13.657484094349353,0.4237008392984618,31.87243925779744
11787,87.22223504443588,-3.2449516404403096,-11.021676362495857,-10.062613085252545,2.2792849094145025,-12.281745357272435,9.472361469944651,48.812647621793104
7153,41.73159462204305,-10.589515270554612,1.9543000075486396,7.324238287687962,8.73626232968451,4.310156420803308,-2.022141279945413,68.13982239906201
11774,67.08893137728568,22.61676991813653,7.227328846389339,5.559170985101637,1.9336353769575612,-5.098692918336799,-0.7063965071167768,79.66334608669004
8060,84.22409185345225,9.9178126785288,8.479903364210106,18.00181822188119,-4.08378044195901,0.31482511946085845,6.357869694942137,68.2112802179131
5892,54.66813672099611,-4.100977887060033,-4.157481289383528,-5.374519858317034,-11.859945272798743,8.299452265725964,3.899824218759622,31.429254269328123
11720,81.6068192314262,0.054792246351514126,10.227638749284473,-7.5816681252791955,14.435588773486277,13.032286558527025,-1.3899853436847556,71.69689426477356
3961,87.77275273221082,-3.2368604852489713,14.244510200988653,-6.188351037413227,-9.421890795345153,4.00597046481122,-1.5064448953053258,51.63685830379668
12445,38.03776255240439,-15.701637535144815,-14.800697184689867,-6.627524883915521,10.431800987459285,-16.87552305282556,0.7781557812969366,53.62642742825312
1300,38.000003452058316,0.7829466337994712,0.5823461887263639,21.719480096155273,-12.140204133650847,-7.02489136661651,20.51975873748072,55.01313784243439
11323,79.97356861299298,14.565929410306692,-16.094463941882623,0.6734925369602272,-2.3697478763868536,-8.761104002047942,6.789055016217105,73.35478053641665
647,75.35200298909982,12.383788391950517,2.391860003436837,-7.73155846410379,1.6394080409527994,-15.738924545519124,-9.07905419984492,76.73540940854966
9866,47.19192359843867,-27.760735570444552,-4.3085020566697665,3.0562154879998022,19.256345923184483,17.776760126047332,-6.442089282916634,35.632379586474755
606,57.12695775236345,-3.006767774617317,4.454456727274963,-6.130910533843826,10.79800242713337,-17.41712209191092,-8.53028360906195,79.30035750266806
8415,38.547300551934754,11.466362070192663,2.690278575064786,-7.318613862344973,-3.6984746743736636,-24.991564861946806,6.440575950210126,60.20245035561029
12709,80.87195294117885,-19.683809350602452,-2.99450164313754,5.377540521276629,-8.157253863768725,20.752951707020358,-3.956269245693833,37.51877298161571
8337,76.85745231600073,8.892055181467732,-1.9394385753251129,5.252258181175007,-7.2263395737344585,0.8338275760816929,-14.453750123919999,34.1920444226309
8063,42.175337086762525,-0.5888954661255977,-6.5046257249090464,-5.369204871090436,17.258574243481508,-9.270669673058869,-1.8524783854511102,68.83233221658703
6209,69.46200720854429,-3.5657837054692196,-5.824439311757049,-3.770974732481033,7.587835378617912,19.33509425568761,14.406075020713152,30.849586694287783
11698,80.44068111943108,-2.239468510914681,9.519706613976268,-0.5282449412998709,19.155527761989816,-16.944454124304894,4.745943726725946,72.91152260669986
1311,87.83661504471641,6.608074031140461,0.9025151359561169,-8.427998594162784,12.496882828965417,24.687761899075625,10.402187066889383,52.14648407739391
6533,42.24411993243481,9.907760414797716,4.2998592525734,3.607668355696247,2.448119256316586,-0.6997597273166655,-3.6239716460391564,68.93533073238127
3650,55.15812036474122,-1.2339599392658427,-13.820927439111475,-0.3826936146715916,5.373222725793145,0.549134256510609,-19.789229543503605,31.261741348908643
4575,51.00926785782923,-2.6582486019343343,-13.583377989961338,14.668183439117435,-2.472412771088451,-2.8993900268734074,-7.468096696357792,33.0632194090675
938,81.4800462991518,2.4650671230886485,-1.6120067344175883,2.380137588595981,-4.724524883974536,-2.328210992887688,18.70893786609392,71.83709858559978
11418,87.77939705073983,25.195008642005007,-2.145181175829033,-6.452484715595288,5.574546070586649,-1.8063038219692489,7.972943117318834,58.3138318909966
2549,59.69766364518833,-6.831642353547258,-14.555375407056381,-10.568092272909821,21.141941384896818,-4.983064589909217,13.161224726522002,79.78093167335904
12113,38.21917675347032,0.8667867788775796,-13.127776084368373,-4.547792996951369,-15.29263657891693,-18.039564779196645,7.9257000919775855,51.69685010569391
1465,66.4514532597491,-13.814688233403007,12.169956909170299,9.224735625774937,-4.510185637777627,-13.563863810618235,24.91146376052407,79.76060319127478
7799,78.4551035563946,-11.049273589470182,-7.570834172526282,16.590445664018002,-3.1035563386684535,13.088514066674875,-4.126128439206077,35.349560461375965
4519,50.707365596848675,-1.6206294411293327,3.9889928159642105,10.861985257427424,-2.0238147495587615,9.525616813102388,-2.2101044768221856,33.23095915226257
9665,81.99818504330784,-0.0642338152754561,7.971316513340941,1.8835041001260917,15.37350981673118,12.748304725183239,15.577976179879085,71.25019892371273
9935,87.92763776042162,-21.274493970720826,-34.52330168291101,6.1278039788787435,-7.999358868160899,-6.403399578742702,-13.537870798695389,53.09924339138271
4769,43.04181165701607,-21.850208955841545,6.7282044505770315,1.6815902683179065,-1.3731572922043704,1.9722834714659667,-1.6829954786235046,39.94441239718687
5519,82.44196905432011,2.836917654160821,-10.583186939912048,-7.556504132105766,-0.24318227417172542,-2.4544071564118104,12.323051931322341,39.283453328073016
7138,69.76612657177272,4.166165327848141,-10.592188694370035,-0.570110244911875,-1.987722791569949,19.678967356771956,8.481169154695555,30.933019898318125
11899,47.224046015270424,-5.631417112025351,10.25934166917124,-8.934940067236036,-3.4906800614565747,9.437593520001839,22.16847602371466,74.39379477749765
4128,85.77142524837899,1.612579053767211,9.356530498915415,-18.502867077383097,-2.9911004746810654,7.420463253304465,4.519617672882804,44.681948238282196
991,68.11535108470805,23.905218323328974,-9.524281282814357,-2.8870001692565865,-26.458457574405717,10.563531980988515,-3.6892076367473337,30.528931709461965
4279,44.22813402056605,0.06922990959523345,-2.996639908481848,0.27314731896915867,-12.310507178497893,1.688594171499691,-3.856452233575378,38.4888810903025
1057,86.17905065183845,0.19542114496481408,10.839400842862501,-11.05844484170493,-0.6533223304767939,-14.713243156001965,0.19678357215666703,64.36651540753056
890,59.30003359513649,-10.427629703458026,10.989203782018055,7.590693246807911,-24.86531944414212,-2.3020119721424823,3.184513324541051,30.2753109503298
2414,78.86106915133135,11.509200089764146,2.6187435624072,-8.313388256081215,0.5258899048860918,-7.202545916907361,2.9065306168930496,74.3242460493724
9633,86.2303311749707,2.369244648869129,13.885868210705848,-8.374335850569164,-5.1565211992458035,-20.77110978466169,9.550865354607282,64.23859910923645
2618,66.87142177148527,-18.212502388301523,2.1938429865402593,-8.025922973651006,-2.793271871438629,12.714813866680338,-12.508573727696879,30.301577105667864
3477,41.81081954357068,3.3125177797356415,13.037479760384274,-9.394698068060162,-17.294027474457593,-0.32276552988013907,-0.48490447305558837,41.73279865288561
12722,81.31234155861304,4.796187513852767,-11.797431598230627,5.8062066566784365,-10.002630674127177,11.59704350226095,-14.46182135080456,37.98065375401588
3792,38.18775604541314,-3.1843919715306463,-4.4508313685691885,7.635693285907088,10.482944589479157,3.8434423662711223,-9.472698933420029,51.9418060986805
8819,55.354243429051564,23.565745949040302,-4.75061110323725,-10.460528800009385,0.7833508085903095,6.142032777105053,-4.19447622094229,31.197848701056476
230,71.25348201110235,9.0581534840038,15.015494992497036,14.76736148343798,3.017305920220209,1.0990538177092595,-7.078683924343797,78.59830575893977
2524,38.00226591603747,-2.3138279832450963,-3.202759696363759,4.600820422521913,13.864147525251633,-17.861459124040667,-11.466697754550033,55.33658679043922
12756,39.49498138735665,-16.603969312261412,-12.298453193717675,-7.660052887398402,1.2952575486278493,-16.51240685453354,13.811021256387445,46.484478875647724
64,87.97043397237802,0.2227492075189636,11.091104375526166,-2.980451478438228,6.046704125313775,-12.741903691703003,-9.956938697170727,56.21549464462407
1600,56.20519068746107,0.25647069730816746,7.238483798766549,11.944205337211972,3.396954595768003,-2.5480384307811654,-15.665223935724912,79.05889786349812
8610,40.080323187187346,5.069890719492434,-4.843777718387367,-2.1425072744430427,-3.394469830662887,-0.8453253998239805,5.620129257605155,64.98440858520013
12654,48.633770012038795,1.5705476126454385,-2.5326454499746847,-2.70646767336091,-8.787357922951472,-11.795832823085373,12.164675566972363,75.45999599054224
12235,55.454546197941866,14.667929478416077,1.323578191341666,2.8026319713174184,-22.052431431317686,-9.091119094145752,-10.833124372842306,31.165862152764863
3996,48.21348679314051,-6.232703618751997,19.792533493090872,17.229049834369473,-7.249061197522561,-2.2833867228735856,10.409879576345652,75.15834882085757
4788,86.91591671201196,-10.861246797589741,-11.602659323873086,-5.505428497797224,9.117123574641267,10.082901811883856,-4.542955855380771,47.71790361062785
2920,55.28878438137531,17.151231629202627,-18.288721121824885,-3.7563677229184584,-10.121357768952496,4.988867555557503,-4.03917408534844,31.21897492362706
1518,55.382591641582806,8.852456302202427,-2.4988564136171956,-19.3267229872939,-14.872564854739034,-12.304027356357805,-12.872614060239528,31.188761269074725
7091,76.0643736080077,-17.540246702381765,0.9013127139022638,-16.34506207634017,-0.44525001806229014,-10.146616292502957,2.5235656840874245,33.68516614584125
2389,87.48167409132927,-8.043021795059968,-7.505735296008042,-1.17216021788305,1.5183148603478291,-2.703967812522532,-8.420314068948791,49.935650714461204
9404,45.59161174826974,-0.4701425441138095,20.65569229431382,-21.538941696342484,-2.073554821734394,-2.33115860868915,-1.6445183616709405,37.05709002204436
846,41.941907330773226,10.324727701051515,12.383055800090595,-8.165530029857495,-21.132295452885455,-4.315192641474811,-6.160170483391344,41.52570101510815
4540,47.992826008478175,-10.408835953587904,8.040720077231944,-19.402532171688346,5.0744457624509565,-20.221168373245835,1.3278800329353004,74.99461749542088
1663,75.05522284620179,11.400136071363127,7.529804320330639,11.47459623404817,0.09069193721032492,-8.779040564061338,-11.829282053139089,76.90140639612932
727,39.307315993911544,-1.275320038302874,-3.553787915638079,0.18176146640777607,3.3024034165589056,-15.089895238563617,9.450105612194564,62.97851644026885
2179,38.002738752539116,-17.42007424665142,8.994850918473686,12.29595894171778,-9.806475493104816,-5.587171121136285,-4.599480293794575,54.62995929117143
4297,51.88974629534994,-12.096432971872062,-6.07400280512016,0.9268281257526946,-7.902656091400554,-11.081012774338886,8.92663939905445,32.60441421578106
746,79.24849952769128,1.1224291002314732,7.984842107936798,-0.6043109890744278,10.746903538792225,1.9933222603249514,14.88530940613095,73.99963849915613
7674,60.63305495973984,13.022477466792456,9.672058762473096,-18.055311851530007,9.222902065196747,-9.883059634545992,23.525900872253832,79.88769919410768
5143,75.34901331366345,-15.876623904515013,8.138819441619953,-3.1520044122016353,-5.237846944364897,0.3820346889158912,1.595504182022506,33.262891862555335
11879,87.99434292465449,-12.540605117196236,9.9994460441934,-9.441952294640569,2.6330117997951517,-2.106496038434805,-3.8195017020576065,54.468190104666995
1582,70.29777965518475,11.754087483405108,11.26443951842618,7.086612795777365,13.790719991996479,-13.623999000937836,-4.652239586228497,78.91113573430529
1652,61.639858046156064,-1.0724633397273045,2.6364541645908597,6.718435253542697,0.40471791401453816,-5.3963052027212255,1.0376982100418874,79.96297285712168
1967,51.64627821803013,-5.171571643806838,-0.7336785975553906,-25.939949837328008,-6.6036776889582,-19.198964019034083,0.7064997721958655,32.726854696796345
129,56.45078416681715,2.88526112673933,-2.175656971488926,-1.1990138252631986,-12.420734642241793,-2.8801147102002185,20.954068094871523,79.12690970618465
10331,75.75136842837217,-5.364463399179588,-3.157587103679225,-0.022577317066340807,-8.76699789046337,12.522949516057604,18.878597207712016,33.49645138113448
9475,38.69258218635571,-6.5732076427951185,-4.59975428284369,-10.282612788044325,-10.702786092901249,-5.196447975419748,-14.181340634050564,49.15624784638088
3518,48.27724002240865,-17.17227727010642,-15.139928179623887,-4.379753717532325,8.756458038810115,-9.023275670255687,-7.980722383371347,34.79504173124245
3325,80.46596099962497,0.47757456422821587,-0.5065749985417198,7.891980524134866,12.132314106128085,0.4569178044224774,0.24433183940022776,72.88687245886155
3411,51.923657980127345,-14.88113163705612,2.9942347468277757,-2.7064515148948405,7.701853984893168,-10.143014701681587,1.453038195817362,77.41237710415393
5485,81.9287689183906,-11.034222242114549,8.700837376153634,6.370321428231697,5.316662061404028,-14.374298428661792,-2.5836356924439476,71.33100447719521
2963,85.91757364438642,9.979844849375167,4.121008262850198,-3.8547790718609742,-8.28862953884558,-1.1280230207699353,-5.1744869456942695,45.01076488142736
2408,64.22893599835342,-12.612700224729636,-3.714173923473335,19.166564349860305,-11.039057691088505,9.620114729990489,-1.6785132340936544,30.03022394349619
8956,38.21689412654264,17.726901524727587,10.139315700199026,-11.351443580108821,9.335556491463477,5.0317047189697135,-5.87028364336088,58.28597980289037
11489,43.99451049304183,2.205622315527692,-9.117102968652082,-3.101202609223244,19.047899723445333,7.796105399980123,-0.2382891802658915,71.24165535285437
2814,78.95493732669588,12.066287878326653,-12.51416493255684,-4.158666157446112,1.002865759431064,-9.01053355374952,-2.0167407798184005,74.24681726679002
12710,59.885086716280604,4.613908323522542,3.9265127227314296,-8.111796715464688,-3.5005859809327915,-11.436058239517134,12.068636400919326,79.80518726466116
4839,63.44024529247071,-2.4943517000765487,11.313918995681435,0.8831668244449292,-3.5697347613508015,-1.7794316045900604,7.184009536636385,79.99612338108567
5879,77.61708365635867,-7.17278005603292,-1.711406792796397,9.807754862978014,-5.379047481403702,-14.719371579223573,-7.919130061655334,75.28154001507312
577,65.37888063480256,5.587164324829889,-4.094793047526123,-1.6521987636640079,1.4743489389862678,-6.417987100413703,5.807011716270914,79.88656117114941
6430,83.03020880700629,12.984380906469536,-0.05701022160443896,-24.574445433869663,10.149240620206484,-18.58942848653103,-0.3196265529347541,69.95963686550337
5681,38.921966946503076,13.954989619028495,6.456684811064436,9.020518773361008,-20.518275774320195,-9.63306606004468,8.360724611078014,61.72668746670377
12474,79.9756353220749,-1.1366296162007437,1.6822470811352617,-6.474715672544845,-3.1329391286144483,10.48516190539689,27.88670212538377,73.35286913297
10830,43.181704450985144,5.3690926428331345,-16.5879990386997,5.366726342088738,24.06587699117346,-1.880029614030931,12.624072032185616,70.23926381200542
4243,87.99939491721071,8.748136037243949,15.777074206687708,15.485522534318317,-10.374043323403539,-12.308470650932335,9.438783677826619,55.173936118559034
1554,51.42854497724767,-14.885617370385573,-13.969752995089825,15.019901324016022,5.05919569105364,-12.543498482079855,11.305068808489045,77.16080839356768
10029,62.53999850561984,5.272702330624158,13.672238053671311,-5.8225781772233285,2.2909658339308265,2.5967798608482404,8.641969744820303,79.99576761424157
5748,69.35243906488205,9.025788572437193,-12.02209901998681,-7.229546761297647,-2.777421708521805,6.410514552115158,11.839525039755983,30.82053520180894
2886,80.91810631691402,0.27123466811365937,12.253096597888149,17.242720463833205,-4.862521090104246,6.525674513077835,5.112260621964567,72.4339171162354
4315,40.23543661994067,14.11724562663439,-8.506348178282138,0.9083529170684694,-0.7295094607967906,-5.0375744052050475,-19.091710553811826,44.666817812732525
1255,47.424682230669816,-5.0035474221677205,2.1311159410440013,0.924549586888946,5.505235722420001,8.565154214430622,17.636340008915404,74.55529279720423
2563,83.21696844589127,15.22506174703822,-7.990809467912673,3.333639370737425,-3.8066041956943746,5.172119246726514,21.263040549940683,69.7062635246971
8671,56.413806518016514,-21.545763436752907,-8.940984179214011,-5.731447192334695,-13.173530134118685,-3.5442037057002067,1.4312534086674162,30.883158261955643
1581,38.20038642272066,-4.165545171587604,-4.16034950072127,-11.496743371107724,2.9081273675547314,4.982487210526944,-12.786849095749758,51.84101813591431
7708,41.59361565715061,0.1690008520265835,-15.836468198538444,-2.776858845159718,9.83700990030917,5.80732393015626,0.6287262922917103,42.08618145681873
6093,49.562665961975185,10.735865957502025,-3.571363124261468,10.612288562520892,-2.1088992630744205,-8.460864531985695,8.687859645874685,76.08169950337353
11328,84.17364028099128,6.240551651891618,-13.392319717979042,-3.598223818646899,-1.5166628356923857,11.887049182014579,-6.951451905700439,41.70801153885606
12124,84.66202095376984,-4.753629737053032,-8.331720207780256,5.873530162438103,2.7879707632435915,-5.226133205045715,-2.5939784723186947,42.51974166139032
2626,87.90356501504776,-0.5627680324375668,-19.152715367374523,-9.030082769251083,-24.9063439911156,-8.584141104147758,19.750993726803706,52.806270403789654
6320,68.25775323530323,-1.640855978514816,-10.844292562464656,8.687645495775174,-4.384310613844447,-8.91452009946372,-2.954824472016189,30.55913195247234
9859,54.86649233946033,14.179999881709309,12.077657838048934,8.542842847116,-0.6638458923374623,6.365474888434638,4.01676460748554,78.63992498160565
9812,87.44271104329063,6.167728351996975,-11.875083253356529,7.989389911344285,1.4300298381767542,12.084882222690306,20.32611189350999,60.24917868377504
4010,85.30119939469665,-8.421716138659349,-8.291323179653556,-4.002644400899564,1.6179665081603931,17.36165056007037,0.7182525609460335,43.701482152159
6289,38.42472189134314,-9.369894635297308,-1.3375231742828815,8.0399654195761,6.335371407518904,10.911803324606941,6.784216262583477,50.411350320391534
1360,54.053698452049616,5.731057424903461,16.14349820627791,-2.7497106175904773,17.32555836376142,-0.766217678600708,2.113057096789641,78.344457342443
9256,62.28919440374662,6.1868653231242385,-2.3296469906649064,-7.5278908861227665,-14.463253439135071,13.149609057365687,9.056834044666845,30.01010693491597
8334,71.66564571021591,-1.1070565267875874,6.432609444377753,-2.993778138352223,23.356189573726667,-1.3137231884876854,3.8291686358516426,78.45008708779173
9921,38.15908496706841,1.0803082255565002,9.238693689123705,-3.2310940869901437,8.351857495290762,-7.439047479511599,-5.039882501291143,57.81583741126389
8545,74.07850532180818,5.901864680842007,2.1756325381225063,-11.122546660499085,-0.6714415204220012,-1.5377409361828611,10.851744480995254,77.41130785640739
11200,82.85750020116961,3.9844473855558804,6.196213648784864,-15.165962162296275,3.6467249888937485,17.98503825925484,18.266961735881257,39.81185706675932
10648,62.87681524616676,-14.92874616113969,-11.475684919356894,6.696940453461472,-3.346017272016495,10.538218117673434,1.1103277509216092,30.00030349151368
8589,87.86264223779993,6.271874307571989,0.9949746833374213,3.8762618825154496,-6.299104537981538,3.731769718742358,-13.934263573559795,52.382936577924255
9131,87.15357830879822,-16.35910653128058,2.605318496015578,6.1697063075604905,-11.039190013863019,-7.6319191932039505,-3.2857122297212333,48.549832957143494
4888,69.31336675701408,-7.1730607800342625,-0.641604043702733,2.8094384744793217,0.7820638821892902,-2.9396423347737652,-0.6948294446870005,30.81030384251531
3829,48.709167363138974,7.150149561518297,13.344298283519775,3.595570205702199,-8.981734040177102,9.313195119545831,2.979726947732254,75.51273025575162
8931,48.55866448993364,-1.967274871472713,-10.968518495506864,1.1090113506057289,14.678291473809033,-4.900548993434201,8.345496026503993,75.40705340527379
11721,87.77090919094152,22.019418390348775,9.798127318275471,7.901775518817696,-9.756413626532884,16.353478449163102,21.517829505606866,58.3766933313715
3671,87.15921793903863,-6.183026650148876,15.617740985646888,4.05851579652107,-9.504922953275226,5.58116405088795,-9.615710823885674,48.57098852279495
1547,87.50024420186816,-9.058725445259556,-8.891720171636418,18.51540228762154,-14.513081665320504,7.70040908876965,0.7527930642716124,50.026265583203525
12181,81.60382405930609,-19.35402087625231,-19.15372260434407,10.23977489134973,10.347720798544183,6.180657202171598,6.194030764178423,38.29976855338873
10098,51.88303583939443,15.32757726043055,3.6197596214250565,1.5048829064909428,-0.6723180667734032,10.354340214701434,3.517435555578804,77.39225553292502
11441,81.53762411708055,12.952250102123795,-3.264903552475642,1.0853376744517387,0.9058422775827351,-0.43172768756246693,2.0751738635881876,71.77368451157447
2721,51.084275613890455,16.204014312507915,2.7616913647091677,0.8748384052636782,1.0959227847145172,1.0594840758451272,5.521329199444711,76.97761389128206
8356,87.3981334245214,10.646732687539854,10.451335511343672,5.174771024020858,6.657774307695819,-5.07962435021374,14.371578819992596,60.45262188302577
8524,65.2631683164235,1.5816644288275026,-7.292871875228789,-7.1838962741463455,-3.8804623722866225,-5.932829962069222,10.926189947995342,79.89735064563169
3889,61.132760341747364,-7.06929939493107,-2.639464079469854,12.051585265572797,10.712025852610982,-9.313537233317904,-1.1090916244647528,79.93017079882624
1467,79.77582228446593,-8.5574826882231,7.686934664893696,0.3596643728860053,-9.137578902936442,-5.389989921186076,11.879774365750023,73.53568953883335
9217,50.20213966156107,-7.105920454915312,2.0554210551421965,5.453091887363042,2.4026018903289077,-19.44758180664502,1.048947938364634,76.4759114069185
9562,86.83780917195415,7.512258764039964,-7.162095126489522,1.944519211606481,25.869895576905062,-5.465920506544997,-6.213675633488236,62.533847216495616
4482,70.44413862209854,14.728692139492516,-1.730762451169567,1.2185676397792555,-5.51781482083891,-9.861238392840857,-18.320603102121275,78.86597578510003
8042,87.5272322869377,7.500310677969435,-2.9009463217075186,-8.712129611427612,10.718091587885702,1.8182386284097227,10.587952242138073,59.8388920573413
6586,41.728375105554484,2.376109220432263,-5.601551582323014,4.525600037588428,8.644578225412307,10.489727267495732,-31.747541061796454,41.86539020945023
10387,38.37598553592932,-3.32330515909955,12.81234708705105,-0.5237643384621525,-7.7477497066062995,-7.965564895587667,5.554377873147498,59.319480486498094
11092,76.4925314624311,-1.7037003367343235,-14.684180852294277,3.3220489178900654,-1.7046259104425325,-0.6204376313537767,10.439576518854537,33.95358475332897
761,78.19198463429427,-2.0482209999570316,8.488067185153987,-0.09896811273034155,-2.553394366578812,9.023045127958913,-9.788086808133142,35.14543873888505
10191,44.45145481599885,-19.341188534817753,-8.606238615511685,-18.945933225164232,-12.172726134740241,7.354891564202757,0.2944454130004775,38.238392930358145
9813,39.59450599094302,9.538404849756663,-13.016598637273898,-0.9611396003711479,-0.4028461843835537,0.37369514459387465,-14.965978578523929,46.21462293398867
11955,83.28288854107566,3.574977310744507,-3.3192193312558427,1.8265814697936922,-8.66977528332133,-6.322437520463548,0.6819364053042138,69.61521236350336
11464,83.32584045116492,1.4217667275974477,-1.06120907516574,21.835771703454633,-4.523491531910831,-4.24026011880575,6.969670425429087,69.55541857707252
11590,74.56972822706439,-13.602348440431628,19.407279203256717,11.880802823070695,1.3197174818791038,7.652479750605324,-5.827316206675766,77.16170996904052
5815,52.14261152659644,-11.569359819666296,16.894991768811746,-3.1991412648504136,-11.458149744649456,13.13123702065722,12.937398179184914,32.480739009958526
584,87.68565963229433,-8.393709993269455,16.83189679185349,-4.045513733102997,10.8123031355065,3.4285402366512785,5.455738920217942,58.951987919834025
248,39.50623568520011,3.035460764262784,-12.398196144513276,-2.592991994027134,-11.457209394215406,15.091041199431805,-14.560257970649719,46.453477998587076
9212,55.976560995871075,-7.004490117142542,9.260576253978583,2.633670184440523,-4.9844885602050155,-11.95110800590866,3.516616701310677,78.99315120102568
5086,79.19945108140497,22.15806578161419,9.006039634530532,-6.498735694924366,-5.1124630275280385,11.980483622563785,1.9501366368735815,74.04147538036817
8945,39.22580727704164,-7.529611066999374,5.981327531858103,-1.4357490533120234,4.946103586825724,-1.295954650308935,2.428944097154699,62.732254546484725
6204,46.135484889340404,7.982249083535944,9.083476498962579,-2.765131467190045,17.337475504173597,-12.968529605556945,0.04689379577634377,73.45502993989265
11072,67.01830552899023,-19.63695787061391,-4.498426130696587,6.839852910382227,8.931349162721926,-13.661091717977614,-10.714261723847798,30.325048719892344
4620,65.20105461039553,-7.137713695436093,-1.7553153428182842,-15.795117307208722,-0.49630280893979684,-2.2999787095183972,9.129165131302218,30.09708132362681
6207,52.52837389893934,-3.6500581991720393,3.3088350011146184,-14.684229403902231,1.9645936645248065,5.116004977680799,0.06732008028164807,32.29878754780738
139,39.677505594293756,11.162134638567684,-7.23736637578463,-9.728387984274544,10.716620731229312,-5.95795712790792,10.657860930449427,64.00340239552808
11162,56.674656332230605,1.5368958331332827,-17.91785557564953,14.888402083189487,16.37165537360775,-1.8474010938928773,-3.4809694374621367,79.18656708763378
8920,46.0360900549403,-8.399646459129134,9.057285150568186,-30.76215867006784,-11.922164390318988,10.192257054983067,0.7757290072798396,36.63629233036246
11509,84.30376098934543,18.612041946128365,-3.082648540602859,9.032231934571673,-4.324122764786363,-5.512936330013743,2.8155616730236237,68.08242208877407
4836,64.44440937417062,5.181686171015619,-0.1659025510503098,3.05730219967482,-17.053329932870742,8.344545917491265,-8.644570253711635,30.041761248841937
3030,77.7807832211593,-18.180890191911388,1.0973901982988175,-21.533182073140964,4.442397611766516,-5.849389960576374,21.05974446969799,34.837449383346964
375,81.85236870112584,-9.30896185676257,-7.8708770795209135,-0.8034686939020285,-21.573626373594045,20.9665417493931,23.295638818649785,38.5808589031944
8905,87.98426272176657,-5.143638591886981,14.46298593002467,8.892194515408121,12.116227007975302,-28.87744771645249,8.4597176592792,55.88691389082892
1292,86.59553160411406,-9.265129294845769,-9.251414027538331,-16.133865251008352,-9.418839913573652,2.61883333564827,0.6917858371143882,46.73859041571871
1321,38.38205515835933,4.988211278430146,-4.349740473902931,-8.672313841679411,-0.7748008537104141,4.511255445986131,0.6216456889541272,50.64606020092865
182,74.95202360904628,5.364235680303537,-9.646177661671757,-13.158593578246085,-6.46652338296756,4.67360656746701,-2.3913615891469426,33.042105482337334
4662,85.8031756949039,0.6672503599918369,-10.589917586433547,-1.7001862408726331,7.346516632636002,22.857420127728933,3.5859211917042244,44.75230863914491
806,87.13555417142207,7.740043053487732,-4.490507182469789,-29.545384561428897,1.7623321184078924,10.154202671161066,3.2322224241163093,48.48271338375006
8597,87.58693922545817,-7.993892982903859,21.02960679415662,-3.9078232146778378,1.633922021220403,16.76696057059692,10.33241562998869,59.52575071381826
6660,81.22834754158669,-4.441783283340311,-16.7260905732247,-25.32567944073682,-2.9641276525768196,-1.832264332108505,4.774329934184583,37.890723396264505
6606,38.095901785507984,-12.528727261188415,14.237273365191447,-7.377735923584645,-21.656328934195443,23.911214944759344,2.53306485460225,52.8123318069379
5266,55.15826431794605,8.258085290236558,3.936271217588843,-2.6887977934154828,-8.969345796241976,3.168977216060214,-12.702465927583217,31.261693794779674
3830,56.062066661487634,-3.0909649605565144,2.983923043884306,5.974898132440885,15.198682230192098,-1.4791379903772464,9.349747463669345,79.01801575880819
12650,51.635622027696186,9.341516704404908,7.532859866838237,-0.7626704593833995,10.974426593753178,6.93081082582153,-13.455281510773426,77.26771010460249
9177,83.12525147961014,-17.39088000244688,-12.565164833072922,5.109229994459271,-10.104166577259585,-9.399585491951893,-0.8065994951375753,40.16847098635984
4798,67.7141527952962,1.9348091421326028,0.42768448601244724,8.076230523137225,-8.965889481068483,11.727368195868337,-2.6332761430934792,30.4484875532565
489,78.35388671909467,3.11644640787139,-5.868446458496564,12.362120008891008,2.9109023779980654,-10.047615274213923,9.609166368904937,74.72962651996252
2930,40.1416830730145,12.095726274019382,22.79670947312671,16.299827665020658,-7.071995452324394,-0.6497248897806249,-3.411047288415523,65.12409735559118
12085,59.3979183782945,0.1597933840966249,8.761398301334927,1.342246289487554,15.521741422454527,-13.42521127653079,17.02181501871539,79.73913919259462
6766,54.672687015349396,-7.469880287035538,5.169461337060811,-9.370418304056308,0.19472931974792027,-5.832983162324091,-13.079782185295274,31.427646310653035
6483,72.46400867794397,-8.154574049969701,-7.170559426195472,-2.040867500034254,0.9704045150012718,16.408441729388453,-6.538192980059804,31.860584714738334
8082,38.6769455705809,20.76403986352075,-2.8592467057889497,5.777711468399862,-2.691799628165697,-7.272785902882698,22.65223615017679,60.7783235651455
11170,63.102845722963,-21.175379029974557,-1.5327287211685825,-9.162151401366401,-13.918728239223359,-11.036452796656164,-15.825220445585773,30.000211545749668
1622,56.16804660399506,2.8716085482483122,-12.531849543361107,-7.447286809377132,-5.071132964350721,10.790125775781352,-9.17461624169946,30.951623489415827
5369,73.29441670381145,-1.0428108270786454,-14.526215990887925,-5.709753849209625,4.478343840007432,7.001003110123029,36.468319318103404,77.78211984711449
7150,51.10283681817265,4.757736394457447,-3.127504819302814,17.88732154424421,-9.73281503056378,-1.7548492640267852,-2.149606322686499,76.98766718469633
6862,76.37212423534173,12.99199912067059,0.4083376184617435,5.633848780982291,7.6008387334277,1.799477070132594,10.587600325763935,76.12312224635805
2890,76.14216823352248,-8.374629316075362,1.229512291572993,0.9811231223031297,-3.6306040259243333,-7.794262454415193,5.680712581463857,76.26695592043657
12631,85.54612518977538,-7.06559880785191,-12.52056147061902,-0.16724820230117338,1.3867975033289248,6.992390473699675,18.213432657427994,44.19850756020373
10143,59.76620520708865,6.6018699461306065,3.351610249841298,4.557833222467637,6.68840620553378,-6.002406329585748,-5.30147007385078,79.78996916571982
6871,42.45130468800292,-0.08213946324174981,3.4050677127550086,-14.143895987319578,3.1232608175286902,1.0571294700431308,8.060907408389678,40.76092977141031
10317,86.6340505667201,12.446698596877345,3.988752603157382,1.8821347548366876,-13.57854341262604,4.682499221929276,-1.4149104912159836,46.84943843592866
10308,79.48393561156034,-2.783072366522825,12.79588482892457,1.286524133157347,15.78715875040665,4.344894467461497,3.048106997016618,73.79574065457206
8378,78.48846226361353,-2.870362015077333,-16.715911969656737,-11.56728133176502,-11.916817828412665,17.33798134911413,-6.59597403922063,35.3758430319002
10867,77.39149817932655,-8.791742707112931,20.283093643658244,4.2626042133791495,20.459713445847555,-13.5395647186583,-9.210105023002122,75.4422303126259
5409,38.670104663960906,6.337839143412941,-5.319973888772122,1.3799427067465886,-12.918551879509648,9.310527024644431,-2.6129741723897437,49.25054846638541
1572,85.62284739630748,-5.463943889549158,1.6304465036574123,12.592776860201981,-12.988752537210658,-16.64216657163643,-18.107547135333103,44.360132722473274
1756,80.58942300211865,-24.509074076023367,13.494041850942104,18.137432812471836,-3.4326132538623586,-11.475939350367097,-9.647980431451632,72.76547771529208
1205,87.09383703728855,-21.62998682605537,13.88852053381946,-4.110657749230513,11.479944347558561,-6.285807060705139,-5.807883978752509,61.66985883063371
1352,39.22792136003774,-0.5377059756999798,3.048903409445607,9.370995862438315,3.522961589327151,14.531245255357826,-1.148229851863469,47.26124834773398
622,54.109820578817185,-5.141290393018409,-0.7512790211162202,6.2489955563968245,-0.9303618349126737,10.963315188017313,-0.3064901571243921,31.634112260408816
4883,50.90490366523618,-1.1040509588125302,2.847116834344951,-7.254362832496915,10.43725079923951,-0.04334380056630363,2.790602766594654,76.87941143296096
1222,59.91979878103955,5.150698527368069,-1.86649737090725,-3.5777449374616097,2.828277578939095,-1.7738981847039803,-4.6558274824318655,30.19047843164414
7172,53.44088408902965,-1.5196528504430393,0.26083126142724034,14.446377236720354,5.657022286299078,5.7857880827490895,14.566110692260947,78.10028794194206
12514,87.86688233158627,0.9127150761404479,-14.627779448288162,-10.581197330879261,-6.074219256778993,4.046541752906914,-7.325848812999004,52.423536705667495
760,42.34123379367891,5.579940174659006,-6.711880280678473,1.8169138043477693,5.691282920815314,-12.564437374298032,-2.6466150844801986,69.07889835294529
9795,38.85996527833895,-4.196930746451974,-6.282211411478448,1.1092123588957414,0.11927932810687164,-4.8579836449713145,-12.442362422192693,48.4993289856355
9838,83.444214952343,-0.13028785545954763,-1.3918797041759177,-16.154701068011473,-13.101596853953353,6.319996607109021,11.42009246510467,40.611321291293116
3901,70.06310844917871,-10.567933638429745,-7.549516927334628,-1.3971627186434767,0.7092134785207345,5.47046019234363,-4.950683496684675,31.018496731123374
555,87.67901269203318,7.819953121725433,-17.41712101143852,2.220239380574297,10.088982691711394,-2.510731832443891,-20.491731508834512,51.00671406652803
6385,82.99818125076901,11.077406581751593,1.0608755390089264,-2.209881582836137,3.16738623054313,0.28454436512594794,3.4988298108699607,70.00242469274187
3049,87.76454366649901,6.06473308984876,-5.439551780361641,-3.063371884261153,1.2016166388128389,-1.3690445912990596,3.1267082650777622,58.42306543759593
1271,81.94414501119854,-12.431816266820409,-18.735878235009483,-10.445410179194054,-7.733184149251953,-2.610914313216148,-0.6529799796472169,38.68683446431437
3476,87.83021991036507,-2.851946932634749,24.273330321712162,-1.6076960929782913,15.740723567863022,-0.36968635560852786,-3.7593422607198517,57.90863871990144
2710,86.85411160906708,7.4562431895291255,3.9191411444015314,6.866877485331285,-7.553273596774181,-7.235579720967836,-2.8299436094353507,62.48206918854479
9243,83.55704601146365,-7.382910800096042,1.3416887001127065,-2.475434136621157,-6.747494800168815,1.9973135779344569,-5.6371309325746495,40.7729883924077
2778,87.57461707546611,1.7427503571243987,3.982164437524594,2.076821761757575,-2.2276084878408215,9.150704369146936,2.6698613176125487,50.40781145920492
1398,39.31715918806735,-2.61857814287608,6.045532512249928,15.769737322410515,-1.4608896030694465,-5.075334872302437,9.866083156617204,63.00768699916881
10377,70.4155759536416,14.561901252210689,2.1556932797163273,-26.501780628305745,-0.9500396630361913,23.945404610930705,-4.73693443127749,31.125133858474257
4036,76.64655968336392,-0.7148547775067748,-21.76275101835662,2.7169559659300346,-10.004320093010872,1.2581694561749333,-15.789609684658213,34.05312890170977
9233,38.14184969889314,-6.371885874681707,-15.206346326082357,-1.3934675497266795,-0.8882727113682422,16.828223214800094,-1.0406038542344733,52.34060841402006
3738,77.2291806689959,10.525151126590917,-3.869619195104308,3.040189174285997,-1.3831512500927776,0.28248518171641973,9.437728408668256,75.5555446896713
3798,53.27039674553366,-21.626652358778834,-9.963122938178527,-3.0311923886695857,7.427544165259024,6.079751166832632,8.50802643661078,31.97100044485914
7829,38.50321024680187,-9.128831487082355,21.50857064228964,-15.540848117982868,-9.250124113694486,10.887398390547665,-4.117237307322506,50.00927943202515
3567,87.82018363959406,1.8193850884125546,-0.5830936944961217,-0.8374884561741952,-16.4015393152265,-8.348523273558543,-21.394966325965417,52.00692731514465
4360,61.86315358220569,10.36674712419305,1.0325166498314233,-4.554324016432194,-9.611224694937494,-9.136266546807256,-10.15135249054339,30.02586177217824
11563,79.08066733505058,3.5733155136021533,3.3282616698570604,-2.6654530143623774,14.342407556543591,-2.8800137882319277,26.115984389638697,74.14189483983854
3730,77.62542568284269,-17.93914611502714,8.232663016832173,6.500422392374443,10.041693259550845,-4.554555519733922,-11.072214093132718,75.27552523599932
11854,43.913962268365104,-10.073229238969484,-4.233543418964198,2.566574161149435,-0.42585098667641375,3.1907806301153534,-6.019325284762797,38.85307571992087
3028,45.182966980947654,17.74404481404025,-8.63122242787136,2.165101897839062,-9.445377229736323,-3.9553009596048616,11.856192811338687,72.53719859036781
8444,56.56046504900968,17.20450008492537,9.214838435068852,-17.609760830649236,4.619094205662048,-4.444862147584875,-1.1405069832155987,79.1564150820227
904,44.94575963833712,-7.910254433044034,-13.319602756745006,11.81615606963958,-6.775856269017783,0.6565042362424672,9.957600353511044,37.707099579211615
11506,80.44207639781555,3.5431932780885806,-10.195251811310484,18.305823764512187,-8.88647716597048,6.928448602134245,0.6141013277146741,37.08983609977939
9214,46.841224542893535,-10.817928023981091,7.484959648313322,9.996072380560033,-4.19636334003757,9.98896257474043,-11.01836806243504,35.92399476497205
11994,87.9940557159179,9.000554825504972,-0.26352093607947213,15.424508504798416,6.340548644418832,9.64769742719486,7.96187262645034,55.54514114648595
1157,66.05636971156146,2.275543500614376,-3.4149967603010856,-15.427224520075647,-9.363877136829629,7.1725751586579625,3.9338856070180723,30.187531275863545
7775,81.09048050213435,-1.083107840399062,0.9582820683751898,7.866720257567474,-5.428569276212748,3.897386063321797,7.298506534746641,72.25498522751894
586,85.70104203758089,-16.611055950974926,1.3017363259549353,-21.314397089939888,-4.347736782703555,-0.896443590025706,-13.432952437021026,44.52800446868004
348,48.84059517025964,-7.508854509398827,-17.0099892585944,5.674870650907326,-7.378802869164261,-6.375482812168581,2.0655129123121023,34.39632909242808
9137,41.10992902974688,4.844308632770071,5.215060696937639,-1.2023728109501233,8.757517011320322,-1.3738523568008372,11.030649645058554,67.07579367649521
7247,60.804808658523456,-11.574457988208916,-2.6980962816883625,0.4755041770180856,-1.6596436894039748,-12.40789912962202,0.5869358863424201,30.09656379183173
6162,84.69432975278278,-2.090266047596518,-3.270948425152085,-26.457248257303007,1.6754027256732984,-4.654323272718581,2.2579646908907822,42.57598870825031
5908,44.96065386802232,-15.22358984170548,-8.168251000993527,9.842412997251467,13.510654782226554,-10.342161735712667,-2.3832128000529833,72.3084369927126
5452,63.76479041767355,-0.9714918898088915,-0.5974248879002737,11.534387327478266,1.2620416020325864,3.4483503522386343,9.015495283959048,79.98829917415418
5612,85.86168820012381,8.200485615170269,4.660154277925449,11.3147879557148,6.484672471886999,-16.09470584703158,12.450688831879686,65.11648222656076
8497,63.155559087640015,12.079624066227444,0.9178471178531066,-19.20635187244369,1.773129162551166,-8.760781224490126,-1.45666143963049,79.99951602272037
3855,40.46683174754419,-11.918615677017483,10.731015889013474,9.823032936914396,14.86629559257742,1.1512616507344546,-0.6932277904337715,65.82849613319031
3669,85.82851123830451,18.428044614402296,-1.0516211902557286,-2.9742830009050305,-8.857366627228425,6.521260533171182,1.3577622586626776,65.19112725082974
1991,42.55116286693192,-16.41001672849949,11.766824394690653,-1.7491174601233128,-2.892093670443003,-1.658557386519526,4.654085450978842,40.61789097853671
7581,43.7840192599972,5.625584351608055,-13.776365187402394,10.360319274190836,-10.348501977477024,-14.77487199189432,-10.664319571207754,39.007936837298274
3079,66.24548968293739,3.8318863904938794,11.501916420518006,-4.331084897677444,-8.133122360517829,-7.602074244821754,9.347819573367712,79.78844078835833
10797,50.345627752851556,20.74050465390105,2.240276388220263,-20.240448368467074,-18.193258854987096,-11.209739505287589,-0.7321006528082713,33.43922860770981
9126,39.53162520534839,-9.751576120065897,14.93972327073071,10.252199854072686,9.918143065624328,18.36207195765528,-5.308137077036853,63.615995850611874
486,83.97692105236256,3.004350632975567,1.8271888461358585,2.633223010483693,9.820139665678644,18.77182562804551,5.508273684301822,68.60032290656912
993,45.720351209850364,1.9152976128748234,4.3914467478883,22.872577024277014,1.3557787991768646,7.930872337724725,7.963138487761143,73.06692385795324
1127,83.30989857833187,-2.759199860953896,13.908643569635961,0.148974643128246,21.365573193344943,21.187850073959062,1.3333249704949401,69.57765480925767
12746,38.060254047971576,-12.387549648183429,-18.895682859766662,8.627718455390376,3.3884708886707693,2.8142295217183473,-9.22538929782202,53.26533235221216
10551,38.93056492454322,4.370506608094954,-10.989898682733834,-5.938812776630256,9.51880209835663,2.6833343690412286,-22.981250564435804,48.242611810146556
3534,81.41558872296208,8.923859209044828,-3.242394217899904,12.075665975333262,11.276119655456077,-9.6977287669966,5.211208762538449,71.90757498835097
2677,83.97317457290333,2.7867520809112207,-15.52258966611371,3.485523858944519,-8.37246434809598,-6.865096412555109,5.077558825466887,41.39390032615808
10813,77.01231815879854,-7.957639126773394,-15.530993962382851,4.0239061772107485,22.14335663023157,6.543556430671128,7.911254402810751,75.70398367021681
315,54.4685163313803,16.570527934242207,2.923203139125734,-8.351001340283911,2.242894587780288,-1.4274620438130423,0.36751562134850824,78.49922948549751
10852,87.71302113446967,27.59703048463471,5.5440688034548735,3.9288511502832457,-19.461647091570114,1.153880132237474,-0.6202142079090296,58.77711350203504
1036,41.7485490882427,-8.58980466179041,-1.7498929636554856,10.340423286741366,1.3757999109962347,-11.167081488743932,-2.68694398899403,68.16722575735564
9226,85.75379125836074,-4.688586507964978,-8.89799608462159,-14.102583426006222,9.4864790600619,0.5400752144885882,-8.556560067169594,44.64311903269394
7485,66.76214496400932,0.663405909397454,-12.193355229235149,6.198262592134406,6.119596976412097,-1.852646007302118,-1.427761327957884,79.71530427224758
10520,77.59777937925327,-8.166233804351219,-5.505845464764945,-7.410314406459067,6.651434323476574,1.831423134747122,3.741006167170175,34.704561172651424
12561,85.80400835913431,14.133230019359502,1.4842263681639474,1.0101316349832221,-10.103713454971823,3.937525638588451,-12.648062667707693,44.754161686004785
11830,44.85464738413026,-0.2042555950418741,9.530710266194134,-5.378633506745142,-7.447328049642148,-15.393075853759697,-8.655877154257743,72.19727241296565
9786,84.78510418461839,2.888631647669471,1.1970374098491945,-3.4099063845054287,13.795655507551846,2.263638007135516,8.659178167367136,67.26414431035946
11073,58.42079458092921,-1.2197408077747742,-9.63007806579754,12.25712241450654,-12.603242338966519,-5.358073093385487,-3.668521846073954,30.422960354632767
8386,73.16515470682627,1.7339381882022264,-2.2783834702451093,-21.901168530229253,-13.972617775857469,7.126841823769174,-3.576025225750425,32.15991178243202
889,84.43014298414522,-15.459847249268933,5.3364047604124245,-14.279417760852892,3.51341622898026,14.1628108328222,-15.289820738848931,42.12564674715303
5869,39.11753364135948,-1.2547974564406672,-6.857374807323803,-7.763889450689626,-0.15730561147893046,-5.228670552665928,3.6343340797013917,47.60893778754341
3509,84.67295488603409,-3.6981752626120934,1.221194223175169,-5.597558089316661,0.9886754393691106,4.721780038498381,-13.194617655713623,42.538738967988394
11840,87.36198715296263,19.227835738070095,11.143178978112722,1.4583538265921976,-11.359431642498649,0.16239427631360523,-1.257564285343169,60.61191428648763
6115,77.09041745112471,-1.2077004596584069,-0.067207403094766,-10.437710522940131,-7.423740624728794,1.0049764919482664,4.5770781997125844,34.349088735529364
10859,84.9110357320991,1.9097510557208581,-13.213671820208571,4.7259697640713245,-12.276009339273157,-1.8780708379742617,-5.6807066710347245,42.96228787739644
10275,38.16465340793633,11.164600915339818,18.559526274116084,10.855459999290968,-1.443961563980766,-3.4257819765448487,-5.561292069481608,57.86453480552625
3626,78.63865484793158,-3.427446198339351,-3.8835517193680227,5.220030946875303,-1.220337280134357,2.1120003508182097,5.876770860532095e-05,35.4953217266404
6005,81.00800796769515,12.77625509270667,1.140821762143107,10.615227867121977,-13.93327195760813,-0.6452954417653706,23.97991545182041,72.34103944506869
9893,86.82152612652779,-16.00379727084034,1.9492559929825373,15.264035256049675,-3.7028262660433104,-9.623152371726535,24.0118133857202,62.58517587160338
4952,70.20184778177763,15.014123202557766,6.089553258557472,8.891424217231384,15.27805383605844,-4.283176402230083,-0.12465874289729943,78.94020443789285
6094,52.33014417330703,-11.841624423407142,13.902091674691846,0.6217376195108721,-3.2249906644113553,-6.886253191457721,10.003621941599746,77.60871904017532
4507,48.062371357455916,-19.60589802596442,-2.3309646687495427,-3.908162500343782,3.1264177571769816,11.238038774332118,-2.978764840549277,34.953373088286234
7995,87.76085309355254,-9.79275860596588,6.689889588282872,-21.925434950686036,-7.89193658488197,13.97694102418429,7.1718658738929655,51.550340005231014
10503,44.64142895234354,3.735818781519431,-1.7781489018744514,9.278280865524877,10.47687755040264,-1.7347496986103232,-9.177960661392907,71.96946873323233
7595,57.1733657510853,12.423463853098326,-5.964646978232064,4.869533119407132,-3.248788842259047,10.8637090294482,-13.844849638117605,30.688473241497682
8283,69.74207814230509,5.461372331456973,-9.91456350165511,1.0306100002530934,8.764197672286468,11.531718553343616,15.46283841341721,79.07372805202908
2447,39.45853899498697,1.3716000474756163,-0.6458150062348751,-11.121777937487483,23.107006812919334,-8.122358488778685,-16.160689790210473,63.41425063505068
8560,43.984448593219696,2.946024615877458,-0.08040034869114326,-2.401313934864529,8.859546998357768,-0.33857911803221463,8.449776609592632,71.22987383487917
8882,40.635219919799376,13.43342223409575,-9.43426481026679,-14.278777191534369,6.247380216318642,-9.549237761547442,-0.5636695416681895,66.17213551494348
2628,81.70865728708054,-16.497731925758472,-2.1567212227329495,-1.6377425643497783,-3.059508094182628,-0.20314758831926039,7.61801776293083,38.4172938723932
4909,87.52758217918382,-9.920312385260164,-4.430819076854979,8.25084173363435,-9.43062903667349,-4.250524340860438,-6.779236415854362,50.16288180386461
4174,84.87570863546009,-4.972199327665545,5.812147684359211,-7.063104071580252,-17.008096070896784,-1.5392557935212823,-7.116751862056895,42.898207913847756
9036,46.94641812677797,-9.336886453892474,10.147310695015745,6.160917620845423,-12.021360956284703,-6.463409758877764,-8.082596762232772,35.835383931845726
11686,42.56333118490514,10.724091188140664,16.702722207936024,-1.163162956238653,-10.023248075504958,5.788021209303647,-8.573077485747135,69.3993947005466
3825,71.08249801181906,2.830479301893032,-23.0545582002022,13.77609793274043,13.738054949223539,-1.0022106122154553,17.688396717522984,78.65741376162958
5859,38.27126140539575,-3.4060732461217427,-11.5686978696003,13.402797421652972,-4.750473625217417,-0.6281143808901741,-12.112339010116138,51.327196231796464
3850,62.987054788842194,4.3346765952378306,-1.536759681852872,13.913030530968602,-14.605336819250041,2.4943216052903954,-13.238838051182917,30.00000335157006
6130,62.131600618661665,-7.541590714389211,2.7920880686138974,-11.497471353721965,-6.492247853310994,-0.9245956957117507,16.518626951372475,30.015086902002416
6877,84.35184494983065,6.944218893363901,-2.3177542592524016,11.503512159539781,-5.606510190746273,-2.8205199873752127,-19.803425543235647,41.996203737431465
3644,47.490316865911566,4.216330040402807,-9.506266062234005,7.252360357219747,8.827611905345503,0.6527851196104151,1.8715683806197159,74.60738965492789
383,51.786720996761446,21.043387345054327,5.94484862291766,3.3265762566311285,-2.493266336257443,15.143459958567282,-8.323773307083778,77.34417986849215
9736,77.86141858105194,18.267285518348494,1.4519644843799087,-6.399098031951014,10.448530759032357,-2.6085710760287757,20.62068272852757,75.10318974090342
10982,56.675837051970305,0.8533969553345948,2.869196499390264,15.512688588775989,9.803610292650758,-10.226367871869881,-8.433608252734697,79.18687584221593
8765,79.8776472640403,-2.2734152663896716,-6.233163976557554,17.55684900728944,3.541031600412067,28.069138040138984,12.581402687920868,36.55697902103257
8074,39.30038595070374,-16.54417887652478,-7.645687724491919,3.099773686990774,-5.164698481817579,22.24210574134126,4.351370978352605,47.042092365803725
11187,86.8474057302025,8.392765101632582,-5.173787874904894,-6.50188383049218,0.6839903931325666,-1.2322602610677993,-1.0484669752683096,47.496584781640756
3132,73.5714717874956,7.538816253368873,9.3073474007481,-2.4754716227302938,9.013554059492233,20.069679880258768,-6.247871156210804,32.34511125063324
7280,39.379850477869326,14.567134299514075,3.612864656787691,-23.804535491175326,-0.5989449862457483,16.8081194520704,14.717303248924239,46.809240782919446
11144,38.22316606703784,-9.75402406432329,9.83919022536298,-4.629320578211537,0.2478198995614277,4.850920960145972,-4.346615686071314,51.66705831757968
7188,78.83895663513569,12.4922506327355,11.471216335816706,-15.857333884011044,12.831046907263994,-7.479224772493551,-5.459210795797095,74.34237453650124
3685,66.72726892437429,13.551954805084003,0.5841958256709125,8.548124184739244,-11.654516036175162,-9.530680249471931,4.241402150102484,79.72058790493045
12370,38.287546754657384,3.04266125731273,1.0165686497468762,4.183172543091198,-4.159154189111565,-18.285869080496834,-2.4674075710457415,58.78082723709444
7870,83.18185290220185,1.7116518976573556,13.395078770113926,0.8083142603894851,6.812369271290138,-11.624385403342936,-9.716420611759812,69.75441674326323
11696,44.89573697351966,-16.939801875127706,-10.028256506241622,-7.085453630591729,5.6566123322831485,-4.2879145140556965,-18.45486797619002,37.759476218281044
874,70.64029926276841,11.942694986900829,-4.7104408342727195,-12.648661373522586,-1.9579074878004856,17.81489459035821,11.459080036407816,31.196096387874938
11642,87.58663317960458,8.606923763422676,-0.42790801247748966,-4.998895828150347,13.965048840424206,15.295195649068113,4.971535907232202,59.527413046273495
1943,86.9573077759832,-5.628044069424475,-10.353410184093159,0.13073649376884683,17.944801980473727,0.22454575977587665,-21.786090328751115,47.855253389600506
10199,38.00861176799887,-4.250762400280658,-0.8531589003383587,-1.0647330733739393,6.562505684807855,-10.573236319784648,-3.746810364368454,55.656135837609504
11781,83.41213368759674,-10.19971761800223,-16.78188481202401,23.963166908123018,17.42867129226032,-14.061518127874441,-5.070784714935747,69.43415388305385
167,84.70578548432262,12.85769641685102,-23.98169445895052,9.786206200463845,-2.126420420656081,5.048249587702633,3.566198080935847,42.59601368476369
1312,50.16295589888272,11.351793427233767,0.6840355870315341,-10.459854202728124,-2.1539177277827832,7.792542484457435,-14.492107421320133,33.54748735588369
7489,57.96456722951962,-1.0441624997000525,-0.16776079052254267,-4.426053182762267,0.9495294496732525,-7.101888351096381,-7.911548634372453,30.512361959266624
12178,38.45538750906279,-4.669564001077102,7.135817687484224,-14.944923146727717,18.17059605198469,7.132320877188186,9.559563439600447,59.749947122835046
6381,47.71786999955817,0.48053124597329533,-11.895021042618726,-1.3150735675515262,11.511269432391035,-9.720009086416216,8.339472414957228,74.78525973166882
11771,49.934876674121014,1.7595630302626606,-11.825772006504657,-3.24098983462306,-5.550559617632689,24.85728388477017,1.251123890114218,33.68562568407009
9597,61.403021541912864,2.78661904846291,5.836660879630038,-20.818600810842177,-9.070610428786242,0.30278500845287726,-2.814158670765747,30.0510589442276
1354,85.70950470150385,6.039351222650092,-7.793191878439002,-9.325983434692176,4.268942477700212,-11.527862605928911,5.168160004506842,65.45363076698114
6040,81.10375320629393,-2.696259761722688,-2.9958980108084052,-9.45129002806821,-8.115269922112525,-3.1010727531185593,-8.02748057348572,37.75894087227811
3482,42.246338266594776,-17.669640341760243,-6.043784410536471,-5.699810343583599,-10.189714413373618,5.766366449004195,3.207640897074345,41.0613657535829
6455,44.68550167298788,-7.9092710624929055,4.012630518426731,-0.9177964789147315,-7.2664183064461625,5.705728626445612,-8.13432663342978,37.98297467152763
2509,85.93641299615155,-18.869848856967806,9.885133964718726,-1.5275313136266373,-6.769883071917741,12.825363408376928,-11.669581540224993,45.05409838828221
6384,58.25366682246964,0.1326260836080587,12.903812625515025,-22.877887055958674,-4.459809556678064,-1.1039940616929174,-11.91858370454689,30.454688403528575
12742,47.39310162439377,-12.48597317137479,-7.143397818214271,13.309083954980029,4.893841459505695,11.98640473934814,-1.3784195864066056,35.469902122787516
70,57.116094999571835,1.5655374786902003,-3.7031966013157454,-4.907058962005479,-15.754278214361314,-7.163293721001825,-2.6144605393757345,30.702270436398045
5095,38.14316284726068,7.257381946676407,-3.8347895375237,-1.5644183056469385,1.9305745658632325,6.355949927529361,-7.980027926863764,52.32836253166744
4858,87.95158301073265,-3.205398875705079,1.1939267537375617,3.409047800599539,-9.136471678480614,-17.06562480604608,-10.363341679328627,53.444845583706254
9388,55.62760249432043,12.72382064556491,3.9389344655293197,5.644210523057989,-4.965098985445609,22.177251260696423,-2.154043647582217,31.111765343201903
4320,40.6163023587338,-4.000918469355085,-7.697951267979754,-12.212077088403943,13.44471529617266,0.9987403184988506,-1.9109279922965157,43.865814807343384
1161,64.71610017336451,-25.650842069265863,-3.4005067886040505,20.36020845195545,3.076708084587034,-3.8289978501367106,-6.674871590385445,30.0589695442434
6292,38.01228856814616,-14.04746089397908,-4.3064495534695375,-3.075777548398536,-4.790774319407555,-7.375031986365333,-0.2601534137638534,54.21624149229435
7922,85.19073172681283,-7.430093987999107,-4.051396180142302,-21.432974994729133,8.011186392324811,-29.619223429038076,-0.14162278062779451,66.5139665375848
7021,60.840954639414676,-3.91831221195702,7.66078675565339,-17.982287717823638,7.601674406918148,-6.10962870826871,-6.018553300039816,30.093404023613846
1386,87.92551148786721,-6.113260519258078,-0.06329384430994646,1.9490348142967997,-6.151517196187669,-12.074623180964135,15.00260611667586,56.928439023718305
3967,38.05180988420251,13.750829121785182,-4.645656940635706,-19.823442931673053,15.053475964249433,5.684418169416743,-6.0066945781209675,53.39133286661766
1680,55.987412833616396,9.555664970881848,8.98948113353075,-22.069253255834703,-2.130157476279221,-21.626197484278798,-0.4475353789277835,78.9963251610298
2727,74.09403330687364,-5.919045205451451,-4.418291680933928,-0.1259707808817913,-17.427951109305933,4.834610834396698,10.726132963432892,32.596374735637575
10743,67.4408170311221,-10.93447236702714,-22.28477924376973,-13.403198121236354,-7.540058031743024,-7.39196171076273,7.857919209984292,30.39757849121156
6711,79.8222729746071,-8.218861482286378,0.9204471094815108,5.617863048134422,4.3451799003397635,3.024659076563415,-13.548025237519166,36.506457019602664
3998,38.00192637663519,-3.1994788490590107,-4.77997738507578,3.9657532528618296,4.498342109693233,-12.56944159562652,18.12489175404216,55.31034677512827
9804,87.98333989186429,-13.661214867028232,0.20179149816268752,-0.6701387354449745,36.350087698157154,19.37253030090163,-7.687142482455389,54.087460769291305
771,57.55210734006947,12.76816885495146,-7.021395755860521,-0.07351887354620162,4.826124896786606,9.024127257667335,-9.408551271484528,30.600810145296318
9009,48.93691761458375,-7.9958011440810095,-9.126006705275662,1.8766057386919592,17.482220590896034,10.012148726762343,13.967215403882868,75.66953588789538
11470,45.07614840386822,-13.42683395116924,-12.387552312792192,-8.20962133059744,0.8099494071813518,-14.109491507236172,7.440465451455221,37.57198967294762
9040,78.61613326279678,7.534604288157247,4.2501930931314655,9.721215432493675,0.591169843987256,13.294218186346107,-9.271004656198215,35.477285487961154
3863,39.537921378050356,-11.088899528217617,10.113135938235134,-2.5029821654174085,14.505131387144479,2.0557375307944707,-7.870951241671962,63.63312612773922
6417,87.29220047510884,-3.282896925792156,-16.359192060496362,15.673390253815176,10.771062158478077,-4.339498053243388,10.84212556460053,60.90669078902238
6370,87.41935451623064,1.5013601052331786,12.069140241483963,12.588715269966375,-0.9616253528111506,-6.744176346990666,0.176428588990349,60.35678308415099
9600,72.56482667329983,3.0788910816117596,1.6304565218552312,13.776906652412668,11.759555252208731,2.1089342903028423,-8.111474816281438,78.09792394804633
86,38.1318231125022,-5.757807493191565,-12.34067570448579,5.789942598528469,0.6755273762612903,2.5767869710650517,3.3997825040815317,52.43606195626335
11758,79.63594799755396,-9.974342468636525,-8.318802646287498,-8.537677611475832,-8.486690420142683,-14.465010894688993,-0.7581448334156954,36.33867008429783
4960,87.83693917068634,19.517840205641082,8.153076998739564,1.4306670656930278,9.352723333587914,9.248885108464712,-8.170634260879348,57.85069335980332
10638,42.738053739129796,-5.027490630067301,6.410213932815161,24.685026509263835,-5.744904447136209,18.743368513152255,3.9026710135267106,69.64423209736884
8654,69.24340628890208,-3.280260004942818,-7.176014678349302,-10.99113928756326,22.529116242915734,-1.7785840925568746,9.915706794673532,79.2078474448204
10151,53.221079646255724,-6.788472654476378,4.416839887512671,5.157827140734478,19.228168605333977,-5.7828149013402435,9.145997032204914,78.00810111058985
2585,85.8314581798854,4.2234160747853,2.866095409553662,21.075926509879533,-2.6553234417644127,-1.5333957992276472,11.9669328363381,65.1845234243014
5988,64.31981029563035,7.309973179961238,11.353475109690434,8.175624344720152,-2.199240193973333,4.382682980077181,-11.457331272290538,79.965137708083
7992,76.36941139088123,-8.612605928444149,1.6003164145091888,7.282193641128694,3.3241869450891928,-4.035297230503824,2.3282356742944716,76.12483938545748
5919,69.2753095400671,3.3469251411502805,15.873119566682451,3.039305293379373,5.38269351353318,-0.4420929405657721,-5.141271592469977,79.19959690111268
785,84.25228755378026,-13.23401069899576,-3.3809144805078883,0.19908254246791174,-10.816429785912696,-21.835578525216874,-10.015250861664239,41.83412465001143
11127,38.08792430368591,16.510640841126808,-5.293035029036215,10.925707884653397,3.4422280852626836,3.5868024048001064,-4.221115631528481,57.09487099868151
6465,42.29946512456216,-5.140699451677814,-5.126133302205487,-1.1679673953730165,-1.7221637966840877,-21.088983405437226,11.088181565858967,69.01741259543935
1242,38.004998574527384,11.313177578276115,4.083736984532161,-8.953280435266555,13.107936168799615,8.264458658794325,15.211874964052397,55.49990373135425
6721,80.54895567421697,8.73276200841962,4.008352736806936,3.281236173234723,6.062615706953781,-15.284445911750753,-7.742329793640568,72.80545294971088
11916,51.98512635614117,15.221474918234607,-1.4171154425870844,14.879627809118235,-14.077965702545278,6.516547259991028,-13.941259044314778,32.55734956361383
10336,49.95999981101241,3.3746713450944825,-5.822005349686592,15.937305370434663,1.8325285041447958,-14.00742412581768,2.4539928344991577,76.32975375083369
12070,87.97692787202368,-7.236393075176236,-6.965669664388624,10.395647948754643,5.758150953346018,-16.92624605427032,22.905823447951978,56.073812868113734
2868,43.76878893827415,-11.9212686777139,3.534657250731878,2.2572575623841407,2.994567359735943,-14.828984456759976,5.361663418168745,70.97374474252526
6168,46.441190474178974,15.239530078882005,-5.941113531172736,-6.449686965257929,-9.492163921482433,5.5340857142212805,8.040946032886865,36.270188813349485
4723,41.62426931323303,8.522572330558315,5.89140501506841,0.6064079812385793,-8.2490912870913,6.283698053378978,-0.07184804905375637,67.96449527003689
3957,38.02836423552193,13.187697954552364,8.015705442898192,-4.5006487575481975,9.943927175834986,-0.4183858492111156,-1.895451305341804,56.190549136423854
11462,77.47962079307435,-1.8521106960527418,-1.736499855570912,11.386899743241672,-6.809446471953922,-7.841104622982082,16.491974859265166,75.37990632188404
5112,58.85996320112933,-1.0386947490764147,21.254569744094773,-4.435554927567312,0.3865430843278325,13.480006248234632,9.03845898975725,79.6548189063314
3027,72.9334264222415,9.561014853545961,-3.8372659971355887,1.5677948457345467,27.244724562052006,5.06953883110514,7.339874045531718,77.94181857468833
5437,55.351337398366766,-15.24911451803224,-1.4367721778570854,-4.81139447626168,-13.23693952842331,-4.640089075355285,-8.079600470713265,31.198782375551094
6205,64.85969366198373,4.217422329527531,-1.682156911025635,-11.605785022219436,9.53533584962766,29.327282959982274,10.895216481674995,30.06926516358618
3395,39.61388239627014,2.082531446653146,16.288851938315123,-3.7163187083219498,-14.298129718952646,-8.31350512089343,-16.831686221590108,46.16317345284426
5944,39.25711216122934,-4.791218312036726,-1.4098645272909585,8.045911178188367,13.560872922029748,-0.2986521385781652,-2.7146945534124143,62.82785264779276
6524,63.2976202948836,10.534277658286724,-5.98839136348301,-4.460390404309375,20.887341821477975,-6.031986470614275,-1.438893472295616,79.99822838042874
6822,59.73853083068784,5.63307575515811,5.541911798661221,8.429796901308885,10.700952485844574,4.120320715975512,-10.537842872406681,79.7863433942489
319,76.47806928825523,18.726329833543264,11.43217531004542,8.818223421245968,6.491690855693664,1.0332700308645029,7.953336284104897,76.05567971500781
10089,70.70701218840844,12.34144732991284,0.8402645196795943,-16.820426570095357,7.544779162363192,-19.613183342721964,9.022739825357478,78.78238766666887
11027,72.4676992678305,-11.875340729716921,-0.7244347238870337,-2.1273905195064726,-12.978388240485257,18.08235749627954,2.6101082595062026,31.862094507628356
5043,86.07581247365836,3.748117945285277,-3.942777123575193,-0.34653020923336597,-4.769843750977058,2.4960270923841503,18.72648029567942,64.6180496297614
3687,85.8935060693298,-2.0174016165446513,-0.46645686260752806,-3.409506872445403,-8.255867097794804,-27.84815391569772,-7.736647206825603,65.04427099662088
11938,86.2854269624169,-4.153236893644241,1.1670125068323838,-8.41554840621132,1.1543080840571949,-0.08875210195098238,-0.6553891653675885,45.901159899308716
2149,78.84883212427322,-3.5411562110762214,-3.9482571966672664,-2.886400710918063,-1.57237447082719,-4.224338762524176,-2.62690220206877,35.66571645246182
2315,85.96601182869517,-18.121114422431205,4.364291985067532,-0.9918638122703499,7.038696174750092,5.254136129336633,6.5200363130159324,45.12263695694881
2322,84.76971165153915,-3.684536816127974,-13.179863504935064,-2.862398881577067,1.6827455900558739,11.397173357672013,-1.6595901017574435,42.708553599806066
10806,78.03494345144948,3.698744398106065,11.71146997555979,8.41799843073227,4.206620027790699,-1.843751950048214,6.166406332774274,74.97374465171006
11531,80.19737677589254,-8.27510910278419,-3.025826361598119,5.672862826763297,15.118532509284371,-15.143862024397281,-4.355404274749718,73.14525370525284
6619,86.54604302311606,-7.745936309003621,0.9717707970188059,-3.5502998619126624,-4.26413503809732,-2.1330565946035436,-23.282914569490313,46.598580003739386
3586,40.512466628317455,-10.143497796428294,-4.626856974377011,-13.659630618085025,9.822132531846707,8.280467007481485,-15.593246089621271,44.077049718255424
9276,73.02668149576824,11.115141271589987,5.716702574690177,5.675183425060717,6.3235054151455685,22.27506323678027,-10.267979653019452,32.09878478808562
8051,82.095749269474,-7.494109952234567,2.6228891000292203,-1.2935487122198217,6.031796269122898,-0.5843400514161575,0.13020798458843966,71.13543801194697
4205,60.62048279893747,2.298678235716804,-10.521894261433637,-7.231512112068801,9.16776017849611,-4.551455789735722,-6.640132335849386,30.113499685776475
2170,86.486738246073,13.564911028041928,-2.4988901051498336,-9.007367843660713,-9.697556288833,28.274035370553634,-1.8961557484551164,46.43418850543326
8193,87.45528780831953,-0.2988130405532096,-13.57888224758562,8.907533909972843,-7.550002933366699,4.4721384345722495,-1.740152142685991,49.80973042971192
5286,43.9839850723566,-12.368449333704314,-15.063020660163266,10.01353483503812,7.752727609396217,7.3624757395946,-7.083009170440321,38.77066925989727
10258,41.93599547436794,3.100392589831214,20.93539317686306,-1.2490683687036528,2.9527084244627293,-3.8020361714204824,-6.2144136541255035,68.46505526702926
5327,86.65393291129472,2.2959825300662393,4.6594487647995795,-4.500955635732222,9.682935978536753,12.05143819537794,9.029637081045438,63.092679273761476
3087,60.55388052431344,-8.324041938430337,-13.01177299592813,3.023868413212175,-3.809556867506503,-19.429799519040717,3.936330654317235,79.8800421927027
9692,38.00033151189437,-8.299986158143037,3.6899789053662024,-9.171769518375239,0.8035264291546924,15.604072844989867,1.7884590373208407,54.871254185238776
4804,83.77563322187086,13.051568855380328,-0.28051941542580067,4.7610512221805825,-10.653014607854816,-11.45553603469252,17.668134949591586,68.90586438270904
11358,69.96016655299435,-3.443170557477653,-4.398440242611185,4.006879972833943,-2.1800145215772435,-10.616528871204824,-20.007144965813307,30.988417762367707
5781,87.746085584166,-16.325736394154738,3.928424006784457,5.193985055148557,-2.9205979771592814,7.463057739412434,-1.5336511700597928,51.44595325563494
8445,58.173174224538094,1.1542457324026931,-7.707458307441277,3.930591551992275,9.589886749431576,7.501891589659232,3.203872609517008,79.52960971832485
9344,53.9635668154354,1.8062463424981492,13.83817619688498,3.101191885861672,-9.893455745979459,2.9814466575266447,12.763453319227311,78.30971632819455
6929,50.11550477461895,-12.897568755051163,5.156640409055444,-2.331923392492427,18.35127553630427,-2.646213552988177,2.3532363457496546,76.42404683497338
88,87.6887891860392,-0.47437769054686835,-0.00999306463155677,5.9212647645864545,10.641146216162113,-2.452033686943657,-3.1301300510605317,58.93238967134665
7340,47.341344619473375,-8.553571971036181,-8.112810915666916,-3.6075855433551713,1.1229179849450346,-7.116782978342867,13.704490304428209,74.48862518685976
9689,87.8123225569689,-7.426654856409201,0.05337519713831532,-0.8053622575893238,0.47278392372803113,-0.6940938685976255,18.957523769386178,58.05755610397138
1552,41.23191741384561,-3.41226821097961,-8.031637910264307,15.300801363807086,9.46673574216792,-0.7317857981961474,5.276206833833949,67.29433123526294
5294,78.88721765147399,-2.3254836801864687,2.8524459350564815,-1.9636758928786828,7.351431935747906,-3.228872503718673,-2.413859136881407,74.30275408574366
9391,85.04777822953312,6.896296685406648,0.15899755246412223,-3.040101966150497,3.433149906514604,-0.7322759106543865,2.865776024142392,66.78539244748876
3735,61.87482090920741,0.6703224794150235,17.824517955945044,-22.354836894339364,-16.50729045061422,-13.519574359426898,-9.04946641050417,30.02533339534553
1423,53.591563959052,17.754947562298508,16.867948413555954,-2.0202518016969115,5.767150286080564,11.23289025553545,-2.1431043201133515,78.16206664491298
11825,87.3671033870931,9.191930948504359,0.06999133689989902,-11.110348005704411,10.032369777803027,-4.746381486445478,0.7134247470732079,60.589657639132845
5981,72.73442114846972,-9.209606491444726,3.355107160451824,18.2594872048817,-7.579059917915511,2.733121509752565,21.249455143994666,78.02696343212074
5792,87.08738509251728,4.015320519941609,-5.530329546795696,-7.068390209706797,12.568746001833835,-10.681582137656566,13.0612553183977,61.69312179814295
6549,39.924872141887086,7.394107858048802,-6.4452038911272975,3.1429601078357945,14.521597906332408,5.85606849567465,-9.841451546015024,64.61969200815398
3941,72.56640989565963,21.527591375611465,-5.437795062246775,1.4582817535483152,-7.597552184910513,12.121294059823878,-2.9473775897313037,31.902731726279285
4822,54.66214513572587,-9.065056221376574,-14.772741936798976,9.309857458463153,-7.673075754444827,6.79746939986088,18.172212781577986,31.431373050975154
958,46.066802122106736,9.858658505594873,4.449892527298542,-7.028527914219573,-9.359202471479353,6.069912745056209,13.329017136547707,73.39203114471348
11154,59.70578337921117,6.581404234328405,8.917215230211497,12.088087724101213,-13.359368420530185,2.0653575179995824,15.782426307509272,79.78201236492546
7878,38.212936744736545,7.817715852750792,-6.071462946176727,2.6457905610237775,3.202975493084069,-2.507232295492039,6.792818035795518,58.25599373150015
8973,38.101078177128855,1.5038207038739484,9.906629771349154,-6.418199265984239,-2.0871168433800618,-2.2929484687427624,-6.574939247640865,52.754183431677674
9474,87.91185638038748,-17.28797137982568,-25.628594340246696,-10.776906671536139,-2.469607867801803,8.98568092412625,6.95724171527107,52.90252254292263
9337,70.91788866764682,-2.7338022062499254,15.906328813982029,2.8028471777814974,-0.33643442360033926,-11.164120239600148,10.355316161854395,78.7130141282535
6501,86.81654064732524,12.600530475369624,2.3415909280392175,1.3609737936487245,-10.200428756821145,-18.848117266936573,-1.0328341106842025,62.600815192747724
645,38.20450487040057,-3.2240290859548204,9.965041044478646,-25.211337510185782,4.555936216766672,14.525994546450729,-0.5488814190220144,51.80885267058839
1536,38.43753734119907,-13.174418904856644,6.986508202483533,-6.026863931378722,11.718244732387664,4.121111649197075,-1.5719394136404343,50.34323844984416
3029,83.74056147054964,3.3941296636690432,9.10126165647549,-6.611336238241721,18.13906867159156,26.835946872694308,5.056937447955026,68.95811985499307
3539,84.03712717439491,-11.692003347724459,5.551770231285092,9.269552913477341,6.588764551896839,-1.2371554029188734,-17.336886804444546,41.49299143968824
781,38.641918037523446,-8.650017161064099,-0.6184939415544689,-13.504808573251612,16.30187040733692,-18.84758394909794,4.864573235369384,60.62884029878929
6088,75.3737322495665,-5.724996789249572,1.596901947272108,-9.568650350497212,9.782434957056992,3.508845178457229,-2.7462369633664627,33.27695347756126
3704,71.91590562371263,4.591000304203011,-8.382087463865505,19.83854112769606,3.4123652024886315,-12.362668590000858,5.390567515680774,78.35608329555814
9437,50.651177816291835,-5.639237256339834,-16.97802073551349,-6.796799420583902,-8.061957435089214,9.42378551034341,-5.479499860988778,33.2627832813132
1767,82.94988725799061,-5.394989203855298,-4.011814754025764,13.47099521340116,9.174983095595655,4.472609171515758,-8.244000846543743,70.06658549218979
10289,60.12608711382662,-10.823957728272841,6.548904066714881,-1.354738382231355,8.012019339663958,-23.776648494924828,4.593539800090282,79.83426312018713
10127,41.187033567050634,-7.0006661830148085,-12.66546043946043,4.173803257995051,11.80612877453585,-9.44329146559375,-4.323701641481397,67.21451985937328
10250,66.60395117072117,14.637491891982627,-14.502028030381624,8.785152437822916,-11.569794248671275,-14.508278899324091,0.2701529663952702,79.73886690936061
9996,71.31386703029492,3.404600301681909,-7.3451588700367365,-0.29876395824792196,-3.0849646703314666,7.065688397482896,-3.7320035272659062,31.422900623643816
5337,87.76863653850697,9.727239468125127,-6.68855039863563,12.12263879497037,-3.905146742665827,1.9376463630512033,-0.9227640116602936,58.39332344808708
10524,55.16528377032099,10.85351777964776,13.701763805130218,-12.041085602739084,-14.52220516901923,-3.2594919854992805,7.374074733099008,78.74062386712708
6893,86.58147369940535,-16.65076194472472,-3.8170509085062894,4.97566048535344,11.340327012019596,4.401703260175006,-11.985712359806115,46.698548430289215
1174,44.709141160185965,-5.46493946205394,3.256428335981142,-2.6385740387243155,-21.09035712958792,-15.119539260364432,-2.45109282297906,37.957568163492724
3905,49.13488561718247,-0.8098876202372505,0.3843858401573918,8.409023473384336,-8.257801449374526,-20.539914062083927,-0.9377569358416784,75.80285084192516
10619,81.98271282996123,-6.690161617730742,3.2249765569647493,-3.738418550384825,-1.8812029028860147,9.805861441337623,11.247170345678521,38.73172985178739
7948,38.71135717666016,15.220033041015874,13.959597309363028,5.319766220166949,-2.8904810302510686,-4.091483645027769,-5.23109255742816,60.92130304917946
9251,81.05307309812234,13.967484200074558,3.4464187557789376,-0.9297089092763656,7.28138470979125,-13.483324847670286,-13.089018903661394,72.29411899212711
5951,38.254573255589065,-6.873725833904352,-18.734135954530522,-16.178361884356978,7.519367307803021,6.292682365230547,-10.501462470965068,51.44136890968001
10933,79.9973380160137,-5.121959982233753,15.900835465992525,5.685453989157794,-14.034194814500276,-15.160216185530835,11.169834609622862,73.33277121357749
7435,38.3933246224118,9.983442038251113,0.25238272715704063,7.5593047061434495,-0.23632495503069506,6.1244713114466105,0.8330329904629502,59.41718540045518
12639,85.233388717546,2.901099030445783,-0.8898972820466888,-8.440470566243741,1.0359671026667316,14.033495600219856,-17.570223526691656,43.568620987190656
9221,69.21672916283194,-0.4722214950640838,-14.146984271907911,12.009926966879043,-1.1971315955947255,-15.293240878790941,9.031700521523664,79.21471202628672
10153,47.766293405976235,12.733781411408982,-28.13662202551545,-22.04366662006864,4.412578911414926,-3.70951998657959,-0.43517818474068765,35.17743247187194
11623,45.970927844045704,-1.7628722006657216,-3.5334359257487074,10.269503684886175,-4.162560557493099,-23.619713830656398,-12.171966725661035,73.30329755828993
11497,57.39528694067788,-5.269559845337451,13.490969273634905,-3.6575468788785024,-8.20848162820096,-4.950788209644819,-21.65567833907728,30.63635512648684
11591,54.81306394835951,-4.811909063154241,-3.9168424873745096,-7.755234317758006,-2.1231902696284237,-0.11086356572720356,-8.848514392995723,31.37852506539125
279,74.86462971915046,-8.217973344292727,-1.6082603871649206,0.34279804685249426,-5.179800049143242,17.351563854409044,-17.81406868978438,32.99476058690904
5538,87.94314800742391,-0.1450060208721048,-7.361954563811866,-7.216137195461983,12.948391074103657,-5.219024521384807,1.6977491988489328,56.685042278325504
4009,66.4131849512665,-2.0651142140032395,11.220608723467382,7.182702562604755,18.80901374752668,8.247990559194173,2.4526576678045937,79.76590738269947
5788,60.170393678061814,-7.004962847172026,9.768899474153942,7.480636239725026,-3.258557061455592,-9.674059389161386,0.4460230955475331,79.83935039534745
6775,58.33330230400434,5.068783209181989,0.9098734797008813,0.8616434681185682,3.6404325922695686,-5.4976921602934965,-6.270674935773871,79.56057679726169
8475,40.36916404857364,13.653103244829767,1.213913928552516,1.378187521327387,-3.3155801047716764,-2.8573633181756355,8.837420366078478,65.62286515680341
1708,83.30437436434087,7.553502460806461,5.30886789165129,0.5124905891288112,16.87123044666224,-5.478808490828423,3.912433334346872,69.58534818482909
5927,45.68875069062179,-23.34328900921873,-10.317725765873751,7.5223535768401515,1.9890506482192643,-5.714973070754406,-4.693601284942307,36.96335265775393
7994,52.32400940301267,14.977499992320588,2.9662207720352463,27.431025483893944,0.316205735792828,-13.477602889057902,9.616383979134985,77.60582280681325
1376,50.78498645201591,4.600327435550779,-9.061068142106588,1.6166730256092272,-14.829120479788891,-2.9904772992967588,-7.968993802247494,33.18731002323269
7788,66.73569211757635,-6.985932012611189,3.5809836376448656,1.9049278295365377,1.2134317088829225,8.374522049283636,-8.584714151471863,30.280683577358417
6969,85.34834600459615,5.651487690996913,-7.517443047719502,16.28646347714642,2.4196449197517524,-0.7360466833228734,-6.240755780828504,66.20497348764606
716,73.00266885781515,14.396045570316012,-5.254502541430823,-18.571998404506033,-11.410395112760579,-6.330206572605526,11.788247268292789,32.08828649531216
6858,49.502733195312956,0.49593847895699217,-15.604368257950988,-25.17932173032434,0.2994771797685743,-11.122576221986032,30.112240202308588,76.0433787401903
2898,46.64418857455807,0.5723343720318594,-2.596889623090213,6.4133628385681485,12.046869490112028,25.7677371868838,5.394517427677918,36.09266193734868
3058,87.37612267511989,-11.918325255541728,8.385323466228012,13.815921073907072,-3.2421593755627587,11.055225186207442,-3.87651754612615,49.449806910790755
1802,60.563185409887645,8.875347574870826,7.304579771521532,2.5934250946425457,-0.3124567083302917,0.32078263648869665,4.743300314821629,79.88095526006619
2187,79.73795256300184,-0.8749549813113542,4.8627530266931105,4.121874453529664,-4.8314675147171275,-4.819517194813393,1.5205746709322907,73.56989348377368
10190,45.731334370865554,5.744548638020675,-9.494126277779669,-8.569161990469619,20.000622997267175,-4.37754222629551,7.009174538987153,73.07742203382857
1626,45.59800595985324,8.00176337596912,-18.62226493860848,-2.8724768495633723,-13.362251142597636,13.399884596871122,-7.358465791556242,37.050888505926075
6627,60.59999544249621,-13.57386296184558,-12.487656013537805,6.376754999989023,6.185767421429446,5.2049340117252605,-9.421663652671283,30.11546709050055
5445,86.1794374840696,-6.993657377698095,-11.366929352054608,0.8810553122996234,-15.7842954515404,9.655049411252524,-19.849206265815518,45.63444193215859
5854,80.96639182371582,-1.1034033143947064,12.518739165421891,-6.535837323959676,-20.089428839996764,-9.07729568153454,-10.695714766112907,37.61584730748383
10886,54.2014690116342,11.176353672774052,9.820653516709504,5.137448109179571,10.921863114553476,-4.927676867118242,0.5374661441449761,78.40055239618857
10815,85.9158762427744,8.34558164286727,-14.54561233112603,3.161147257218755,7.51102954714001,-7.914918538079553,-14.52330462846785,45.006871559624194
8035,46.729310939670626,4.190346340645007,12.969850978877645,1.0319297703769226,-2.562033150730347,24.95676469744669,-0.4682662057486938,36.01936045592568
2289,47.997920502963076,-21.252780140914634,4.278105425936422,-9.280776088096111,5.700130509462779,2.042672259673777,-10.568063118771507,35.00155979170914
9734,47.012854069727354,-17.75947475352713,5.4673384562008875,-16.304077929046457,22.30972250309318,10.119483667141317,8.634948215689391,35.779928069745246
5023,67.92153285862302,2.994854552848773,-17.825061092525665,9.410362944157205,3.0579142608933223,2.949271388290364,7.41318537764185,79.51078363336215
1837,41.10850570989483,18.93847108337549,-0.4004293105963244,6.140248808108673,13.88713165863247,-15.202770689634388,-3.337368454755408,67.07321323203946
8888,87.26064102567446,11.722473284611496,6.456930413783083,29.279526574837583,-6.105701454811778,-22.515927568008852,1.056717941889251,61.03500596713551
7529,82.35227328731042,-18.03007314768514,-7.104881661047111,3.9732717620774145,-6.608445782610608,-2.0891434740433787,5.690804127177315,39.17313933171675
11050,78.25005439811011,-11.52887328538264,-4.366465060403521,-2.7125730892793043,10.492403802934685,-8.86925463581035,3.7644839358104214,74.80999345922866
8277,86.09656276218288,16.77712092934768,-3.872548403264331,-4.863395804531782,9.758691573616977,-3.50363010667421,13.195017346989959,64.56811311453554
10099,48.87768966682579,13.490019609821505,-21.38968292744279,4.195144963584924,-3.83531818510118,-16.167910812017205,-6.979927244798144,75.62911415581195
8131,75.80482120521356,-9.991816775125802,2.1241688522365907,4.302656506809811,-5.315444310487354,-8.04335007926072,-16.24595535627398,33.528238220804674
2559,79.9033297703509,-5.848131952702489,-8.354198694256162,8.435715462674553,-4.815971278043321,5.954157777227137,-0.7383610899120284,36.58051459256342
10051,41.2911732657424,8.004326352146293,-0.4831117519699495,3.671338462708505,-8.820424128556871,-8.704314096867172,-0.8124318578374696,67.39866290460316
525,45.13232803733722,-0.8202414555176538,7.291297266288682,5.5864150235241175,-8.888179531517421,-18.576590193993574,-6.818012388409407,72.4856026099953
11266,79.89613444527275,4.425343086560046,-17.368338335952973,0.8493034806497219,2.244878297132669,3.55833342178418,-10.03250267140505,36.573914121353184
5030,47.10363173489763,16.152110649372688,7.897879038539667,0.8436355126261731,4.42583109828829,1.048116258333336,-6.7008069350205,74.29521899280354
12074,38.20291946170322,-4.480676994808314,26.096955962956375,14.0569702270084,1.2463000477820012,21.43950879674844,-9.659949571991525,58.178804299925204
1299,87.3793747798784,-9.851650665684495,10.284303469497935,-8.420876754735101,-1.2235208849241443,-1.8093834436968528,-11.385264958025317,49.46410934517048
9121,87.95655397415123,13.853879467011422,-12.814228201769097,6.086631839002834,3.425119876024274,-9.95285046260305,4.902465541148957,56.47323241047578
12022,59.82654103867827,11.976203853589713,-6.627165150353066,-15.463638866130072,6.501209670544691,12.038229536402863,-11.292831223928996,30.202234813983605
4426,68.46386640555785,0.5932398313194158,15.298671648426328,-3.395059884204241,-5.027750354000894,-11.309039901493556,12.388673139826667,79.39561771921785
9260,41.00814974211073,4.160448751630588,0.5135400526651697,10.352968015832666,-31.375189818622886,-9.259216444344801,1.2625866096140748,43.11057098786591
4676,43.42556046164397,2.562023063331492,-0.044002590368428254,-4.885060382781475,12.018045123640636,-5.762890594330593,-6.4841880449160545,70.55124807722017
6563,85.72601394948691,-0.13606527745040717,7.836563923185857,0.7894209390045561,0.9552339173613168,4.035932040028347,-19.457739495534707,44.58230879860003
6520,80.45634097185024,-4.377221907974559,0.0029885811935302996,-3.246275833342432,-2.5248953006232893,-7.48012592419588,7.6460921763514955,72.89626105851451
9815,49.095562291413785,18.16759864527112,1.1345226715273902,4.71749804142373,-5.706849783493321,6.557015387337683,0.021201123906548366,75.77658807427355
11809,45.740365372952326,5.526399084609368,-14.898704036997884,5.102725937459674,25.727530072034224,18.788692589381828,8.64171576058905,73.08604469033561
4745,62.808382206037635,0.8111018316860934,0.5991147197932642,-5.707562642415548,20.34608274243943,6.394708792116724,6.376565391360899,79.99926564163509
6167,81.11447110749569,13.742546845978032,16.38519937249711,-8.066947390820845,11.79466766480745,26.591573601336968,8.826316741375292,72.22979792382093
10546,79.03237536406061,8.751596575193515,-2.1411994957802034,10.155386429375923,8.293116393801164,10.3231375986293,-5.878927832557736,74.18236013075196
4257,60.20592658149174,-16.493711219370716,11.66556327908999,16.075526072309962,12.738738465932597,11.219257482914644,2.7859495099029363,79.84337243073061
1428,80.23249764755715,-8.296802791101523,15.315483071000237,2.8382630015124626,-1.2921052238339816,5.550994229354672,-11.690672054205205,36.888097150576996
7950,58.43722727772265,8.688713354630636,2.8224485937143684,2.064896614610573,-25.479711590416088,14.762300323250471,-1.4883468061985958,30.41990429056791
1013,87.7207260373923,3.189258750646144,0.5768785864197473,0.9072288763255358,10.174610796934154,-9.72056539312501,-15.291088729330859,58.726352665032465
10197,67.65036783691119,11.708908658630977,-6.061751864396556,-2.958836552734139,-13.566593385569842,-11.524828716357717,-4.261882392959407,30.43632602843333
1714,51.564578761507505,-15.558543196093513,0.6318717351305165,-2.1104406543209207,-1.4278953587000225,4.230186548716146,-16.828859144866435,32.76869007237237
208,75.26381045093416,0.02408878264602818,-9.486262479806438,10.918709876154256,5.053225598182988,14.30694111219407,10.124330122475778,76.78529213078306
10185,72.85174379935539,2.064387451877188,-6.267699256331451,6.666654627233733,-8.15029375403747,15.021641858343111,-15.137531419081414,32.0229866146215
4732,72.0802075785273,2.6594150111418617,17.23889635273772,11.969229923619533,-10.061810429657962,0.7114744959321035,-10.368938286843381,78.29269907784101
10081,38.57810864455826,-9.765324438042214,2.3703685607895157,10.419043874593086,4.208761563001165,9.027443609402537,-19.815890778479442,49.65479442649769
420,38.503821768275444,1.3464383632688701,-16.63965219208052,7.278426703763698,7.265931227105758,-3.731683811097155,14.857120852421774,59.99372126170294
6746,86.88942198575478,-2.045668649709677,19.387539783570286,-18.900033007300088,-1.6630609150033058,8.162420054201702,4.073704961095278,47.631450808569156
3120,85.20078760992973,0.7363393853774646,-3.7133660229290237,0.7949256876742848,5.393925378916913,-2.351343429896364,-5.258255263586379,66.49456521573524
5848,50.28957363075011,-2.3521226544633604,-2.5566546351577912,-1.5117063460305982,-1.8189463881170091,-4.139123584094371,3.536093916885604,33.47222581148071
989,87.98176064348779,-4.614815874658789,-28.137502317250835,-1.1094502109752933,11.228393619435884,-4.884578798760395,-13.694575739190649,54.04520413098685
11374,80.45205269434173,3.942998408978151,10.89607796105706,-6.438847122570922,16.353965888420035,12.027444130538376,-1.881322175722784,72.90044292060729
10130,51.32032312285834,-5.089044298974915,-7.982194492350926,0.2962479395233076,-5.831789108255634,3.165911022806178,14.229618356410649,32.89603772972903
7292,58.240246623028774,-22.202854353211986,7.2909789804674165,-5.060365922071024,6.2490393626319065,5.980695106956141,-17.242869161216333,30.457287277270854
465,76.00923077174528,0.227588593979076,-15.96831929340161,-11.740692130651986,8.335474426364183,2.9193082617730988,11.524140677105683,33.651465747563
4483,38.19923419093584,8.442440949819884,12.150298713993879,9.512081687530445,0.6626199264730159,10.709257775738292,9.780841247500119,58.149923060005456
559,77.62717648570393,-23.0745790036543,-6.913622272920127,20.95468172834286,16.331637884526973,-10.276804773687463,1.1574151960206325,75.274262207441
11931,81.30963049283744,1.3531141523627301,-25.0916933025471,-2.1819174455481214,11.483819400136035,-15.209087195210543,9.11695105221796,72.02226281126447
9750,84.80755086195487,-8.51002591741119,-7.487457587763446,-10.784010779710265,-11.351939569179857,8.393034037027412,19.516713476222485,42.775813916532044
9430,65.24234966566503,-5.309644294334566,12.845718907224928,3.6492334167022733,-22.401815055575184,2.4330520699589044,-14.679384055833316,30.100765715048748
11631,86.71212674375491,-4.482304797556949,-3.615803263322601,-1.4766476441340193,12.405292605708638,1.2774984527172966,2.769095966131615,62.920545769585786
3156,76.82273350021482,-16.85529726698727,0.9141820371767467,-22.204412751438525,-4.50739616754512,-1.9961424286469054,6.789059970184425,34.16896453408907
3457,60.14954675304984,-0.814970491479638,4.196146446747963,3.9204076531746015,-2.637344721316,5.653638383559235,14.87259026226398,79.83696672878858
8109,87.80291289480355,5.0175094309009936,0.5353164906079316,5.242279306458196,-13.233623513940087,-7.539172382254423,-13.049384706700135,51.8670282585399
10875,58.15320588923394,7.525374065937905,3.1595380385337632,-14.11935662563974,18.419611803614725,-2.5691524903266783,-1.37404819167593,79.52567199584638
1001,43.946528292264375,9.99907666555327,19.159180472237807,-13.931951987481883,-15.802654923122386,15.09707282113368,4.243342191275295,38.81466046440427
8288,39.193220787337616,22.11488093565635,-5.793338715460624,2.3915497488433775,-1.867601106029642,-15.0907183534037,1.8848673162927474,62.631334321044136
10306,50.22624917580387,-4.118834900052073,-16.2080429523737,-8.560542007607651,23.68486946190478,8.7274210582507,6.238723127581457,33.50973965068481
2418,43.587707989592644,11.547410072596733,-2.3950676889976092,14.363745337087455,-3.7800612279868027,-8.338965323449457,-2.182149743398187,70.75318757911155
2309,74.6558956093695,-9.885098481405276,-2.4414498646442127,-15.312477909292602,-12.268644190779458,-1.9261203334657708,-2.6215236290287303,32.883488124401694
853,67.88437303161537,10.193256817057318,-9.087372350404548,6.660733058468625,-27.214055972320757,-6.205459172748423,-3.509097521078532,30.481784320876276
12281,85.6561760404193,-24.292653646860003,3.6987770016696278,27.272342088961846,12.602249753773393,-1.8912098111418794,-15.164116069444976,65.56871265696681
6474,42.481720543742746,-13.240559547280599,-9.27283819668422,16.60555785062353,-6.123517243228464,10.052444092131797,-3.4583576721302793,40.71713585603603
5963,63.67882465214448,-11.540003607723746,3.3706643083450185,-3.6011538289564013,5.654669554398366,-3.629088573586683,-9.840423386221287,30.00921775750825
6894,57.45291998496459,0.3363576748054336,-1.2108058307338014,-4.79168278084537,7.438880598405274,-5.857391826668396,-7.7104964530863604,30.62316871890863
9072,69.81876011571157,-12.844194029635329,-6.909906742875646,4.223695760671119,-0.6655266846924885,8.96876574263592,5.4340094271552175,30.94787929340988
2696,47.61284187688223,-9.01335006320283,17.22190493901115,7.848136500778558,-1.290049300024323,12.462584385692049,-13.101039632063829,35.29631088110222
3275,53.455262486391746,3.8555077305521457,-12.595849868114533,3.247673074218902,-9.307259662809827,4.416904638019768,12.200140272776434,31.89376738201748
5559,87.99209979932024,-12.239471823340537,1.0721754709476354,-7.732794129869419,3.0676217059012636,-9.339849992629238,2.9710145478350363,54.37155141752319
6934,83.95304272036674,-4.6008235167283775,0.6880312080376505,10.69876472585763,-11.278643629302383,10.874762153120583,15.597139530737923,68.6370818270804
10314,71.97403951000595,6.263578956520042,-6.906531903283785,-19.53390226759979,7.838705166859877,12.630126186101817,-10.374106601558044,31.666191590894297
6412,38.1932076166718,-2.8257789893493266,-3.437119243679439,-7.491519182133446,3.0793599341342484,-3.172426222454718,-2.7266043377973532,51.89789560935645
8151,87.42821715551511,-3.5949545677756345,17.192773709302244,12.242683697057606,-0.9985571974496134,-1.4941689032754224,4.390403779947988,60.31622108296835
2346,74.55875132644844,-2.2916821787566692,3.807303702718123,3.6127851289069213,0.017772184773685317,5.670039325493744,9.654125131368895,77.16743710430518
12192,48.26500091836315,3.0880765255927445,10.24003749792779,17.57734739082389,-15.631709495514825,-1.3544929275124218,-4.145482430708308,75.1960343152848
8332,39.33881002119223,13.357973841156683,16.98436017752966,-6.612132774766267,6.3666717293984565,14.910961485023158,1.3723683311885857,63.071436599934785
10353,51.42065424341796,1.492812941587651,9.374202538215338,-6.161088037059008,-21.21585587520709,13.878160154664382,5.279611342860888,32.843313608539624
2201,86.0128754696868,-2.995221961365453,-8.569628263044368,-8.698226935676669,-9.690379641601577,0.033848314256084276,3.863988784892869,45.23232051013716
873,87.59507051533251,-3.147079574992092,-13.541745795740706,9.729280257342891,7.313515197081227,19.61025727529475,2.9025368035189603,50.51864904902311
5374,77.70030867181987,-5.60267917602347,5.939934309193008,-7.996761944041351,-14.756602334711044,2.7397190876533513,-4.906699408583078,34.778701205085326
7736,41.33698493308454,2.1405633144637632,9.326377937975717,9.708384974663794,-2.3959272790503356,16.166614022590263,8.073477513930808,67.47853269461572
1814,38.52104786989517,0.18035998888542454,-2.099829646742244,3.195546101015723,-12.497787332916882,14.573229136210719,-1.6003343621936847,49.92251020561969
7880,44.7699958178015,-10.56761464349929,0.8656847805343538,8.403996582621359,-0.14460214774057673,-0.17878320595640207,-13.6985990966732,37.89248856446312
8864,71.94533786183861,-3.709937000085202,-10.472269205000517,-0.7311283628836952,-16.01858074721895,16.38072858367924,-6.388479411664506,31.655173366727336
8300,77.06871118501377,0.9147045067854876,-15.499766392985787,5.1108262526663655,6.159597448863641,-1.244562257656365,1.8371839430915269,34.33429494082846
6552,75.72266222245213,-6.945465408166019,-10.523419856428092,-13.923741071270623,-3.753352206670643,1.672444657578657,-10.095353755420982,33.47945479376999
9924,44.70237218572903,-7.9975787644575655,3.7937594742933656,-0.8911716730385166,17.044838133286294,7.116198702963024,-3.1014522178437254,72.03516411339842
12161,40.05417972010857,12.831457154217095,-12.563896963062325,-15.650403204631226,-7.44158684791021,3.5894415667003585,4.820243019795597,45.0758208559638
2114,42.21608928694351,7.269340423655716,8.276299899491594,-7.961669011940651,-7.723556803870371,1.5876453488750486,10.85215974358194,68.89348967940364
11479,48.656300004234296,-6.151034226097693,5.31128498118563,-7.16309477668431,8.290629988068675,-9.450539259236264,6.2045475586980094,75.47579718671463
3432,87.21131286649744,-3.9535722582069366,-14.686373185849481,-4.513019167847834,-16.544918235908813,-4.230768207643975,2.0576714135640377,48.770045804295535
12306,41.01135502953218,-8.881491295331521,3.7059401170928434,21.02008675615808,-12.620418500250864,-5.2619394329889,1.1258735795126305,66.8953559157648
10222,71.93675251441023,4.720663284426475,-1.7180869982989813,9.654063544161557,12.480018364931775,-2.655850155735689,16.167954255017722,78.34811458118583
9649,87.31492320878792,-0.3863487320140935,0.006841729973570814,-1.3391076791460954,5.132642533977104,-5.899308517066091,-25.92613202359579,49.187555647513975
7657,38.48704124110169,-9.354909415350596,-12.911092129187233,1.8275256928449566,11.43531917689469,-7.986732933363401,12.280542833689012,59.910687618302624
9931,79.5862151637294,1.6022155708604002,0.6125535488416655,-6.161253674592864,8.660569625710092,-4.136864821862634,-0.5464647820751751,73.70554641122447
9359,40.100593057864515,16.530886999591644,-19.55661307410964,-15.766913109132156,11.193185562797757,-3.9065650353050585,-10.653777506683376,44.96918937979202
941,58.3513275088587,9.951581272012493,15.298830892112587,20.342977806456062,-8.256419494884069,-26.688703908288435,2.626904748441012,79.56399487196873
12349,87.40789669439111,-2.7695581265847267,-7.746054064018546,5.812563616256598,-3.7877003472568243,-25.845103243714806,8.065037357619758,60.408750221255495
5779,69.08114295344578,2.313107063509155,-8.649699414455833,-19.198460252998586,7.701456141867615,12.801850623218582,0.3011289249590975,30.750882482453992
8327,40.79480574435699,15.68058160386795,5.998101276697097,10.761130622249231,0.6744424574691563,-11.738333148399445,10.898960075997785,66.48605015090735
7378,64.20710019161295,4.630594995883908,-9.313713126955848,-2.922276949516951,2.5289690033512686,-5.233619782543513,6.229898635500888,79.97084117780993
8569,38.66980026517152,-3.953171594445023,12.526845635272377,14.91401459616867,3.037159601303354,13.454854825738867,1.3045006321640509,60.74816325997723
9136,87.87923946477463,8.545087664002203,1.2217774396000287,-0.22555824490962306,7.608414044583773,11.803289431110791,11.950377960311723,57.454270493323975
1322,85.90848809391962,-10.020436566351353,-8.189088215736115,-6.351408563526907,-5.70421836921299,-26.91681010669667,-5.514240179577453,44.98994639121532
2936,83.26766792232667,-14.28361007169483,7.52414936900577,8.204571938457372,-16.30777754754682,5.486120735948436,9.469431163221069,40.36368772571825
3191,87.99802505914319,-18.745247031134905,-4.106878248603812,2.013641294760893,0.662820520497027,-7.653727459634916,-8.10374084954667,54.68576578408906
3241,38.00479071662788,-12.338140985173752,0.6742402501123285,11.54748605052383,-7.104929486854534,-10.925018334839658,3.0186900559716494,55.48940053170002
863,87.99502885676044,-6.461767840131365,-15.55439587515745,18.76660173488618,17.00355292713578,-2.8517466092339836,-5.227055101568193,55.49853028966432
2125,58.82987621693323,9.186205362161216,-5.58318789246218,3.11543601525716,2.0356148562895244,-8.334300094527155,3.8780511300907805,79.64974782089871
8184,46.7457353693912,2.133440076440215,-17.82026843559915,10.706181267661467,-0.27235719428779664,-13.333509610137725,-4.946369830579868,73.99470666575664
7278,62.44806161388928,3.692039391647346,-1.4444201730426038,16.451229906021403,21.77467500207015,-27.410387374429877,-8.497755695210946,79.9939065377531
3018,52.649969562034684,-5.728307460571118,12.187879890078843,-12.638711834128975,7.4720140831476005,1.1039488088544975,-4.602430202603386,32.24309181955529
1628,71.82835022678802,-15.01906154146463,3.430129595462954,19.073875527047043,-25.97837544231997,-6.0166793327261665,19.588962547497328,78.38931876462357
458,42.12705163745353,-3.5693652642881157,-4.605722251389231,5.7006523373299265,-10.79181605799067,-7.733093092790088,1.3600461535876796,41.24063858115251
5728,52.064895570718626,-13.855832498119904,1.5622249151911196,3.278574693588527,-4.533438430394272,-2.7287607724457086,13.659437864268043,77.48162563340807
12652,46.32967867335741,-9.324489079607153,-10.050462877690105,-2.7247880011684016,1.59568313592569,-20.059611590689173,8.474375186174402,73.6306303400203
11063,59.07849431825685,10.171661167753566,-15.5125700248236,-1.5592025069965318,12.43428750436744,15.371541926128957,-10.78630829900627,30.309479689806935
11406,70.8586577810061,14.806871080652424,-6.859447076127772,4.318048225220484,-5.5216794357800545,4.8796508724059295,17.40919835613896,78.73270945090408
10786,42.435853634309105,19.07983025752265,10.88076510624976,12.91093687172918,6.15764188430913,-15.425754761746262,-1.725341657437117,69.2167466127255
2987,87.46149618301503,-2.8546610878912433,-9.31235238971373,-4.844329148742743,7.720336138283806,10.146500265320253,6.9168941084837785,49.83906941643843
3789,41.74576442807326,-13.47486893019449,12.29126725516948,-6.3677721177643365,-17.788457405652732,13.409682185209267,-6.322966838819787,41.83726965052296
12207,75.7263536877398,8.73756225772801,-1.769060068991795,-3.139362926091494,4.011061477881669,-16.866414075551475,-17.04477766102704,76.51836243338585
6985,80.17447024219314,-2.322000131999194,-14.231621069648362,2.9213903733563256,17.872234982133527,11.087630606583307,5.117523815957639,36.83306377233568
7366,39.79874529903494,-12.844856745506291,17.1569395929945,-13.488613842698037,-8.90147094895857,-5.8168569210903,3.234597834801678,45.68862092378649
111,50.8826239036098,-7.415979372670436,-4.256501118908809,7.299258557708514,13.078820874229454,-1.2035704847668336,15.776751236477951,76.86708020149538
12448,41.50939011209776,8.202146731459358,7.21876284318565,4.280408410707325,3.4999825463502168,-0.44848098657088437,1.1615277224246974,67.77316275031359
470,87.3632899296139,-4.607207038642263,6.310413453469668,-6.079505406173171,5.86311815911175,4.605608101827526,-3.2281401513664214,49.39374422581578
4724,81.3158181669762,8.051014106314211,2.810724266334273,-6.985231959156168,10.628450760135056,11.909759142256435,-20.545964964089407,37.98439525393633
1069,54.63738040800933,17.078106722330432,8.738861789803071,3.7011268393878733,9.907514011486064,-12.547694744057914,-6.156159346161772,78.55985130597503
5979,39.93297003983335,3.7125864884161337,7.422976559299271,-11.785893090516215,-1.9665739477506181,9.253879100071119,-5.067528497255763,45.36090622429815
11272,49.646282740788344,17.255972495509006,-7.241353236137163,-2.415051565175836,-8.141359262918447,3.030230028486857,-12.708572131292055,33.865236330608454
4100,40.49173050173346,-6.942636275346642,29.792215058190756,-10.326583642385154,-21.227683169153664,7.126641635398466,9.507737442384272,44.119843558413145
4182,38.002262094949074,-13.50001371853841,10.922033650976653,-9.239929043107844,16.223951926808734,-4.164707803587965,-5.695551719312437,55.336302884882265
478,38.086626320944376,-10.255428674620905,8.291400168627746,0.5787857504396738,-3.77290999802969,-12.339075445303356,4.401150626585218,57.07937777417632
1826,58.432877765789826,5.497722129295259,8.789294955066843,7.628636598888196,6.606279091458408,-10.734707722255381,-7.553571481316777,79.57928791681694
1749,77.3115733955306,1.5121920910259925,-1.3845454969278492,2.531834131735551,7.449536678683357,-12.764974884821642,-3.283126653771081,75.49826497400062
2896,86.59604656224123,-3.7738260011689606,10.25088453691049,2.749437566828063,19.868215080095023,-12.562278147200699,-1.914069876754835,63.259938657916535
2979,38.48657830233887,0.06506498763984567,-14.86262607558073,-4.9143112550912225,6.354333670024613,11.853812778250287,11.054531813377066,50.091623825272094
6423,75.74259895661038,10.930570240716118,-4.620541179461099,-9.079743667143548,4.572310839211574,-6.729630874990113,12.882557059302007,76.5087464030564
6247,42.78858218130904,5.6230031864498375,-2.357121914537997,9.451090638649637,-11.657943761181562,-9.648869202256645,-12.177827905334349,40.28610895247958
1096,81.05208169234592,4.427429233439279,-8.806240995614642,4.845846263100803,8.153593806617934,-4.806561551841713,17.325415421406323,72.2951538464643
5264,81.8534214356431,-0.035328640591635554,2.012846205698131,-5.256026982051308,-0.766104190656882,10.22680362215031,-11.887769808482428,38.582067725501076
8668,38.43158636099517,-1.3866788642820513,5.221711789573229,-11.974724515856337,-12.108188365462437,10.592504939553848,-14.0672980135228,50.37473770876057
2986,78.7751987117841,-19.62257349292382,4.180229179339275,-3.6834963469053394,-10.915624882858763,5.178486862249732,-7.7203466368246945,35.60559086737301
12666,38.27005810181828,0.3420856668998102,-5.645224187674996,-8.008336156693831,-2.866096658732622,-6.607596676217014,13.827347932655643,58.664692853781375
3832,45.930075910708595,1.2300579039305168,8.4089329755777,3.5970562457462885,9.821876522710545,-3.393810722443579,-3.5789134758244674,73.26520439485496
7356,38.79952602093667,-6.018272844691355,-11.656172939922877,-1.6394941030916823,-19.24173588794207,-5.329300236716196,-17.607698875038395,48.728073725825645
7754,39.91443970496729,-8.12345868461551,-20.49837304932322,-7.945420466990215,-4.164716237310443,1.844714166996178,-4.5398661493155075,45.40537098870366
9409,69.94271340535869,-14.847621901400963,-8.098084437202187,-11.794192357336764,10.289649820250728,0.6256621936389448,2.8118124175411796,30.98336554445955
456,39.519775476995605,11.086552207481557,-3.249601785334846,17.74751278930365,7.830212343198496,-6.438737296052109,-17.602462776227558,63.583650525813766
11884,41.32483799800464,-5.110215472157758,-2.696799311531602,5.231371512615922,-3.6363781975783587,5.71182213482754,-5.815549657334592,42.5425784294158
4107,51.443493714452835,-10.515112019344674,22.85036410865245,-11.15236969459884,6.382502539387201,-4.163508324334076,-7.464711641072189,77.16860758983543
7838,57.63779103287953,-3.829059494513741,-0.2524682893106815,-6.140488491999617,8.060887945455548,12.62530992172483,11.895237678608892,30.581836371403096
12533,87.84536730954191,17.314615904018183,-7.504898077747794,2.515620577666181,-5.945395634956681,-0.21287067522570843,15.815011816386574,57.77627867008088
3667,38.0381575168431,-6.60181859255054,-7.276120788060849,16.419810093610984,-4.6021868155395715,-4.73628620738851,-3.872282730867132,53.619268365661384
94,38.12894067659805,0.9128463108192697,-8.912220240697438,-0.7435657301598524,2.042000342466248,7.846613774938975,6.01583338214761,52.46417505891655
9022,83.50449563753801,1.3366541176747258,-7.222499304254977,-3.260843120923729,0.03123641798597703,-13.812983698667676,1.8298614394572545,69.30264516270276
127,40.49882867481119,3.4144158540973644,6.034780997411878,-8.479208147033049,-10.504798851107736,14.885894273003155,17.697652559635483,44.10517145639726
1940,52.498744136292615,16.69038155044062,3.5316430743889775,1.7927592054334276,2.572760946522108,-6.115666490656456,3.410010064058495,77.68752135613212
231,69.0061278418006,0.29138089591816024,-6.636782794921191,11.086807669979283,-3.780441232900802,9.156513335143599,4.823985880166295,30.73219358186761
6459,72.68473610909136,8.605007333076696,0.16578954481660022,1.067322648839479,-1.9300244438149643,-7.175972768034386,-7.385196523950719,78.04790416713116
4972,73.53174071303322,-2.2195365533852613,-6.731675342326978,-15.968094747417274,-2.4336119276524,5.089383415840018,-15.273565374929126,32.32661389308076
8400,38.011438120063886,1.3144283432497446,-6.048963379998627,19.161486507610125,-8.047809112639696,-5.684170372633109,-5.378355534385813,55.75615816639357
4569,87.2792233730431,13.784804573158805,-4.615729726513656,-0.5628602630305661,3.3407917447202076,17.706206575988173,1.6878180279384625,49.04019191568404
9586,84.21197993896433,-13.847663051794513,-17.25728363191225,-2.1943536158639065,3.4306699488002357,7.608372772874716,-3.3342073185799457,41.769281687339316
11038,54.747289759886776,-16.835775877389587,-9.043968835812677,24.838608001069204,-3.4718942153711096,-1.6045866746895228,7.599112196084895,78.59857567084782
10651,57.97997465919526,17.392426490274953,18.67425575872724,-7.308407091000579,-3.0057206129748275,-4.407962331215255,-6.135029486456815,79.49080124409322
9054,45.825296581992866,-3.1614346184536686,7.553083536961093,3.9464879514419726,11.200334022696305,-14.138901914896906,12.866143805489292,73.16671578749153
10608,52.35762079755338,4.889784126928695,-9.689905138092897,-3.6534569573070934,-0.47033393019770947,2.3995809433245627,-8.818262719584201,32.37833417028419
4880,49.487872805171214,-4.227699756539367,-7.19851855298204,6.466121581417475,3.584143317951829,-16.027493538294724,-6.2584514633971065,76.03383984608536
9872,50.039456763196405,-7.205782192130632,-12.010266985744568,7.3408993621185665,12.17037553066511,-6.701001976405591,14.823875018622346,76.37812711644649
5484,38.66819773212933,-3.793584455610881,3.0736523431951452,-10.352952157926172,-13.186686326059025,-12.484046091546816,16.442865874920717,60.74137600207856
11701,85.16122426169831,-6.685264326033215,-15.063538255414198,-7.795458815846002,-5.434679189777219,9.189538415426185,12.846688889553988,43.42934145250521
2113,81.64444290983293,-5.886951396320532,2.530684407961186,-11.163866676144776,11.565292380020002,3.9594814852829625,0.18543734565417447,38.345128382903084
946,38.33906442315465,-8.913003313004701,-8.81503158357987,-6.809837248449492,14.543129777128156,-2.248389566610637,19.358042560122914,59.103444464676414
4069,57.94957168394325,-8.87407681644595,-0.7216492355739246,-3.1791933675168336,-10.82233912764864,-1.356289563327152,-0.7838889161886381,30.51545030382686
4392,46.00423862891785,3.9907365298872293,-9.075562170892198,10.205477575369619,3.7850452517195143,1.2815094276774506,24.222582951163428,73.33423288324963
4047,54.93736762823575,-1.4166526841602312,10.507586321663691,-14.89471078295878,-0.8629572481663403,18.87544120430578,5.708094077357304,31.335808502343056
738,44.8998571319066,1.7658169120138425,-9.16682381682425,-8.526074996311468,-4.386413358294704,-5.723330942379623,-10.960120476232104,37.755150677532505
8767,86.41542207804662,4.779803970945516,12.934238169990264,-6.118407436812934,-6.300190357133777,1.3762868975516698,2.086039994808427,63.75888171554605
5160,87.17177647946542,2.932169264338315,-1.7019386028754386,-21.222877539371808,7.425243488008522,-0.6004025800287422,-6.663641586473178,48.61836840402376
9574,71.49616275266713,-25.677394443610563,-2.784023596672794,-7.420899164673022,10.349478571582221,3.7905203281489537,4.181535933324492,31.487977150398315
11640,57.81501261240703,-9.350797023733675,-1.918474618383309,5.354609515184663,4.114891585022372,-3.486158451838166,4.427220181883043,79.4564082765745
5577,87.80386926748655,-9.86472004176613,-2.3252629479619342,-2.8721549611575172,-2.0094542205546473,22.518381886865267,-3.3074616372887955,51.87460892664033
12705,40.829697542884304,-4.193357460277422,-25.660011794981983,13.101747671752031,-9.058369864845059,2.0164234639404626,-7.70296340013656,43.44674552517734
2594,73.56681508673769,-0.19086851166066165,18.291941110638547,11.104072833397797,-10.368372829996034,-1.9347364920245136,10.222986866962627,77.6570611272224
4539,38.812995312352776,5.530264300752706,-11.220429532346968,-10.632815150787746,2.2469504162296947,16.296333830017865,12.024779438494965,48.676329844170304
2133,38.19587176177295,-3.8493817410212996,-8.283250797562546,-8.467649520615998,29.212835672739438,-12.241599439939039,1.635478500759699,58.12333513116788
12558,71.21935493922912,-19.0284853157227,3.602914013383148,10.943639798655887,-8.017606742628336,5.944492519402083,2.236820424305673,31.389786015731033
1072,50.289593943526526,10.388074154451674,14.640129539184578,7.4888125352040555,10.298125450081713,-19.1930181272056,-0.8412904650354224,76.52778618157386
6898,63.36031142904187,2.790960123950425,-20.249516141184515,-2.1794905574045353,-0.6830759791045757,7.236097776716406,-21.58190338752749,30.002596621366813
4851,50.11935914928726,-15.678062955042023,-4.425961565727584,-3.2805143825535064,9.270988817330627,-9.077730231327592,9.895486244669772,76.42636439704484
1112,38.054206484183496,11.516453263224228,-10.613816404546315,-7.459126497778317,2.954206466679818,-2.0658484306462896,-5.050368792519501,53.35458641483448
2826,65.6655474584873,0.8230437302954975,-22.272202399173374,-4.765925281531709,-1.699901485555958,-15.76059844655471,-5.775103904687127,30.14250904160776
5671,40.192404884655346,-11.501851460121177,-4.434291773756683,-3.700192839683611,8.020791349486851,-13.895467519105004,-5.018062395011908,44.76214841607349
9907,87.69524792780506,-12.198560703243013,-6.1978856925082635,-17.37001385883374,-6.444962620705963,5.407383672065307,12.878567007995604,51.108376973004695
3182,72.27570175151214,4.645632348296896,-26.55387395000207,2.849297946219008,16.22477775296755,4.280800051501899,0.22945209061480928,31.784458717983885
1330,57.412562381939026,15.989819431270977,9.670140972186292,-12.717410391193948,22.622651199140122,-11.648492446442907,-16.811401959954082,79.36761253927592
10516,83.0877653776406,-1.7686128524715432,-8.47540933350072,-20.098135376472182,11.514731098021276,1.2578665225256898,2.8940886689332457,40.1177393473685
1740,59.99490736283605,-10.5100056991533,9.11617919108743,6.698297251348917,5.721778514713149,-0.6130325874514903,13.66489667088003,79.81873119726436
6053,38.019767541147644,-2.243172565052474,-3.543917769759712,-4.075906024300795,6.341407344060737,9.22237746098639,0.3943109905683462,54.00602499945967
12574,44.73486642807582,-21.709836249475277,-8.56409483250639,15.11712807586359,3.933292394276134,-1.1493458235958873,2.6561637737687875,37.93000012888787
8135,62.72662008853713,-3.0019247045859436,-3.222570158139927,-9.042738149074946,-2.661943933180173,-0.8545727561308293,-13.414009628141132,30.001494776206947
2575,87.61649417065769,6.594017721555855,-8.731939233907834,11.854577545636209,-3.271766050421212,-1.393531376760374,-26.82332148364074,50.63786580376348
1017,39.25515484623668,-1.8780456963396035,-10.480660808170686,24.331220129914758,-13.015984432443126,-10.792028026590115,-2.573723350529939,62.82191336079622
807,83.28448464995702,23.0944381075359,10.002448791675038,9.618741303181817,-21.82181433752767,22.927824712169844,-7.5342861097696145,40.387002960184454
2489,77.9317265676415,-1.1226513272074674,3.6349148873418087,-2.614037182598636,-19.690277137730913,-4.248564666506888,13.32019762907224,34.948976542101676
4600,54.89814362542937,-7.666805507199457,-10.214243738566717,17.046003220506933,-15.707854145156881,9.801808661959972,3.1456574483387185,31.349208823258593
6537,82.95941556596662,4.780914875747461,-3.8631039013564905,-0.9427784614646082,2.299588098087316,-7.214611905083105,2.8917022768050615,70.05396061722792
8310,74.77265196763864,8.369310020144773,-4.358411574556706,2.8598411133040473,-8.965445182924705,-12.50516533441922,-4.059155200572905,77.05458377863555
6665,59.120307290106545,-8.123361954386565,11.827887521137537,-13.142746185115781,-5.483603516556265,6.389580249892161,-6.086447351657887,30.302874975479444
9438,65.12691605994411,10.979670727018618,-19.860200583322577,4.339499367041654,2.5792419581752997,0.8537210587978514,-2.95271467444077,30.090639749805863
8072,47.188176873560934,-20.32156610305012,20.0504213443306,-7.4634576528983185,14.81691326593972,-5.080253814429698,-3.049202017375346,74.36456168928713
8247,68.50462100952274,-0.27992943464784437,1.2692547064511213,-6.770597305656786,7.02161845952003,25.87292321016159,-3.0935963075099693,30.613545818600013
5677,85.7439161713441,-15.150643043656771,-20.106034116199694,5.231536087115685,7.474587637259697,10.093113773070552,4.447094830766103,44.62145110379719
10403,48.26173340311552,-3.956121887018157,8.391179002857628,0.46694735382710306,6.050185607637781,-9.500439857671031,3.7252874015269906,75.1936499355406
5292,68.39871140751352,15.540604016635935,-10.934836322507302,-1.1989773747082342,-5.899459590794194,-18.76707557678781,7.448348662205366,79.41011911356402
12481,74.82239397434809,-3.9049733820153367,-7.060643740170292,-1.5817477748648068,-7.4918894165888315,-5.1919366752764,-3.7792311188149723,32.97204047771791
11635,82.08583483509332,-0.338204552276214,-6.821795927144669,17.987243506288852,-4.930781851143405,-3.7238096988023006,-10.389154227809318,38.85283589457461
3522,44.3808729307671,9.507580216787558,-0.20520767579074048,20.650024148056872,8.079768405200628,6.595959008667328,4.95447210387522,71.68316837953027
6618,85.75662421948508,0.5363834612111921,16.772949864185094,-0.4765608005599933,-13.914014473321679,7.057354492364575,0.8135030693842122,44.64934523167035
8602,39.39309649727679,-9.941874901061588,11.81200020951918,14.613996908388307,-2.4134108972935926,-9.387014101609784,-6.911215311293577,63.2288581840444
3536,81.97482003577034,-16.54403407509065,12.617337103238931,-11.928431203483793,5.674868202825994,5.911891144765554,-0.6006437815923018,38.72252462418915
5080,77.03815212219743,-3.4280352713773854,-1.8789015226584715,3.8745315726761262,-4.084705343849939,15.884789263313957,-4.483731243407227,34.31352410404219
2811,75.40294396178706,2.822189712992609,8.851876600979091,7.860553020488467,1.6005394001343878,-3.2711787481214216,-5.7126378390393695,76.70638111433524
8772,43.014629280842115,1.0954377225578218,8.779756484823096,-4.2136586109656164,7.691671086172379,20.70087185934941,9.361194503972584,70.01948591722855
4861,38.069582682574065,-1.2561140913300795,20.91372123799722,2.5402131806385713,-0.09666773931810056,5.250353070140323,2.737085601247391,56.86394537982985
6083,84.61446870391146,26.383803918130884,13.082801616526814,-6.938924972798755,1.1515278394995438,1.981744576326197,-8.267175000063121,67.56243378679594
4643,84.21168646737257,-3.295182849180538,-13.820588949786556,10.99333049168169,3.9729342778390944,10.508880751603645,-2.575101841538156,41.76881119438305
3204,72.4211709581184,-1.01182591013371,-11.807053791277403,3.812632568611085,-14.397312089257547,-25.854618167729406,-3.251743203485644,31.843110360458457
12517,68.72701836914491,3.3848284410313854,-2.7361017486444257,7.56501870420689,14.172249550017321,-15.918514513972497,2.164219806646236,79.33518564957902
7178,75.90038638160378,0.3088575663009408,-6.336851449623303,-5.83721924213604,-0.4532278054290185,-6.892931870757445,8.525257762941287,76.41448181033881
642,43.642659705656406,7.97323811395907,-10.754018375396512,-12.933437569858219,15.825591243690525,-8.638708035704427,-6.503986592186007,70.82066296742907
663,87.7831786512516,1.5448090408341029,7.463985487331066,-6.137255549298538,4.2974078258627895,-2.933331857177341,-5.5588346508121536,58.28543086065539
8559,83.86169124446516,-1.8946337067604888,5.498728745300394,-5.079343077807923,-4.281282133837393,6.250492215778712,-2.4703606312901414,41.22357671887926
3231,51.59583288628854,4.278769276619923,-5.646677738460008,0.7752722945853101,-9.763205942165321,3.242498149694573,19.304811140888628,77.24735877452741
235,39.95607867797166,-3.498463629134258,-2.6153236296284104,8.546297101148607,4.430399264752584,5.5395606517767675,-0.1352369866183903,64.694209101529
9607,81.57752734249115,-4.80253783968666,-15.73674137238844,-2.9963606222002936,8.466707640287364,-19.154335241917583,-12.502837361574901,38.270520694325434
6033,80.71222199139974,-4.6098412440175744,5.104425236316093,10.730369432156783,10.577493411129154,4.483059820580463,1.1528363566011859,72.6430493999018
1481,77.46266934652726,-9.954388189635747,-20.950522886764453,3.3644890637539735,-17.295946338370005,4.866000452380707,-5.476659685258114,34.60806052939003
8128,38.15087218274057,4.813589378454401,2.382216877467545,-9.231229407402296,1.4055244752694331,-0.577827546355991,-0.5427426795902768,52.25758378040393
9722,87.12171335848167,-0.3603846592821801,10.307698187067803,1.5273944648266338,10.568534055186836,-15.027177642575706,16.355641489821352,61.568328908576895
6011,86.85917818512169,-3.797476067333283,38.95014207792821,-2.562723088556545,7.1059110621037425,15.845669510357208,4.8903797114785705,62.465896887220794
10997,81.11933753427772,2.6581814521407914,-15.508662387143959,-10.50708496947166,-3.701509046594314,12.341204670109862,0.08046212585775488,37.7753198195463
2060,38.035357953810845,-2.4749390965111853,4.021236572184542,0.694120768399218,-0.9678563784323536,-0.3188166281272494,8.137729019685079,56.329152927862154
9780,81.5792877612705,9.592225326611779,-10.577243232738953,2.0512231173793536,18.26266853349202,-1.2768134273752187,14.747446049142345,71.72752421262345
8849,47.55562406029916,2.8144666764497717,10.723929004433476,-12.295369476871464,8.816705249262041,2.1141646974611197,-13.72791462344519,35.3411279104525
10558,57.203287772576076,-0.9031084242283278,-4.746804074878673,-1.9068326536852684,8.850145076167486,0.8144913451747149,-13.041931053604777,30.68132143079246
10791,70.72133647278672,-8.31337729754649,-9.543147118173792,7.3946354190930865,-10.028715463991677,10.330212245682429,-8.269559218832715,31.22225908388239
4194,38.25217239632205,-1.0613564250643361,-3.319305197206197,-15.391010810074498,-2.835024535280906,10.271214775198905,15.630999807439656,51.4581037707697
1374,51.27074665764757,-7.200162773523754,5.38245176540776,6.0840329504253186,17.862466420351467,-2.7325380678359923,-12.528690011280865,77.0776949890815
1570,78.42671162708585,-15.482659868304765,5.9587037684590936,-18.724653402962115,6.777526243736473,6.922200193228378,20.81866144657082,35.32726332269112
8229,76.15596183408893,-12.207989120636247,1.458826387309292,-11.110406351789603,13.158850774396512,-11.688973944688215,0.5983844484566189,76.25842581707299
3042,81.98929892081217,-18.18121206071665,-4.087501534658876,-0.960102573526084,10.28704990511195,-12.803168915698128,-5.937964388123388,38.7394180148421
5071,87.82454770046742,-6.7844891412039265,-18.42110006897627,13.58482924867068,-9.076380847458644,4.569840206142911,1.2159754637175966,52.04334116489276
11137,68.33002057212991,7.140015310897669,9.608935195250792,2.7332512568205933,-8.077098180572172,-4.894857353661266,-0.7981567101939713,79.42520994179317
10839,77.09313029469071,-10.877908106759467,-6.661543829378057,7.450513738381767,9.218949704659614,2.9728179567233175,8.671251620840057,75.64905999063568
3707,40.20038558908048,12.805385734634651,-1.7246097683705637,-3.360862472832066,-11.272077068892179,-4.0578202257110245,-1.6036706451830451,44.744387745561404
7654,71.83515868950538,9.447224621450443,-14.816845977767235,-3.947286552913825,1.3029464818068368,1.870846342357268,16.60167996630776,78.38674776302292
12214,83.82942877923799,9.669758767670208,15.358850202075873,18.644544891829725,-11.961223578151412,-6.021217433194562,3.6306905534073204,68.82515449210794
12275,87.6454682068136,6.5405987864166075,-0.05281263385414174,3.286645293211241,-4.080698345296512,10.503564885098013,16.754154913510767,59.195342282453225
7014,38.65081507391347,-5.057528337485865,-5.7972442336101455,1.4460362927293087,9.062286302997219,5.77799219113737,0.9612902620222046,49.332796683086045
8642,44.218049885391764,6.883333933650889,18.857333040758768,2.980298017135701,22.08883279909554,-12.946832145367416,2.409809292961911,71.49964696265856
10889,69.42205928320094,-11.94450429905437,2.9169711476227955,-5.801493697424782,4.021490651704435,14.57723466787899,0.12174319114499149,30.83893308309725
11308,77.34636154883007,8.235714216383744,5.031576022880991,0.7706113149284808,4.9609188343044455,11.709592028650455,-10.819271167542052,34.52606754162137
8265,80.54758337648556,-10.5677441908734,-14.87485261799712,11.312194216900153,0.47161305795755554,3.108103641433499,-4.79245526049591,37.193194625500965
11681,86.72446738696837,7.5822097973800275,3.3927594702213106,-10.074779905635145,11.276701326203156,-16.150849062356972,-1.0399964595179516,62.88350475389431
9727,85.18358313637435,-1.6923086630881647,-2.9799822730477126,-15.119116183261054,11.993088534717224,3.199028808238203,10.919606988707649,43.472266518019794
5334,40.30312584394691,5.579202690317496,17.913248589953646,3.636935947605506,-9.705095197722203,0.7945487617368188,2.304832507928662,65.48102588224498
4063,53.646155920175524,6.064405140990962,6.992239646077074,-15.931220085282973,-4.909501174539404,-2.511928951568238,9.181087494840932,78.18416703119465
5528,53.15748731475604,3.983774048655142,-21.57383035158698,-12.426379385850531,-1.8618688694617864,-2.7305093302762846,24.265542051012282,32.01903082894867
4562,70.61502638547358,-13.123756784979202,13.90049727197647,9.60418647040499,10.82430958581752,-5.565121035938407,4.601110024935183,78.8120006120557
6032,86.78894160707469,10.48397929647513,-14.482948103213133,-23.30170488929319,-3.719251487667428,16.402795921907995,4.575233386585332,47.313241436392666
9063,82.68774284483585,-2.096286368641046,10.540994313948948,4.904064408843065,12.806252489350353,-5.005997287442694,-10.58698679396537,70.40755599294108
3845,68.6492524701345,-2.632761870012954,-9.56189684380017,4.32393683100805,-9.989953206317931,6.018797370740506,17.685026274132547,30.646644039708217
4923,86.8022564539873,-13.711899514099954,-6.132823063842628,11.514432237068071,-5.661452437224643,-7.47933779514741,-8.163133623747425,47.35457079696502
1060,87.32104860023401,15.063155804657956,2.5151738404449944,-4.946550920281731,-7.77847937806123,1.1804326456863246,-7.020757742168011,49.213239681388615
12216,40.54213868429446,21.332232793408878,-7.8239179086788315,-7.7841935016973185,8.082232151311363,8.753062264091877,-6.248469281433582,44.016172564878104
2103,55.67913219477158,-4.071705225286349,3.0390809398816847,-11.147070405223406,5.911374557412482,-7.631775443737653,9.743200186928364,78.90407694470485
10384,42.07581003752741,21.421326909596953,14.000244556503548,5.311481248115008,6.25108479689537,-7.7199390930992005,3.8650958548957055,68.68131113652348
7373,87.99989464647112,-9.123863838118238,-24.730683068455615,-7.161559208429631,-6.840037930256963,-2.2548266666385435,3.7225279939187272,54.92742131618303
7082,38.31348042775514,1.0001611709780367,0.21933006538428912,5.815989062261803,-15.185962866966351,-15.799353921338838,0.30752831847080997,58.94661265000398
4266,60.01110048116991,8.371157102541163,3.1974743037677995,-5.0395401698002065,-12.504998914695694,-0.6951782592113315,-8.215401634460695,30.179313473106003
5465,43.693916204913876,1.5862579291868668,3.5961003532238296,-5.059482619613581,3.7380677504546327,-13.82079235544274,-2.1001526429800563,70.88317123552828
5625,66.77792508912633,18.66884803783031,19.60994868530361,13.174375172019072,-0.9824491808771432,-3.3471236856784388,-20.688589374796166,79.71289707867027
4964,74.55381117499438,6.5245252650571945,8.477475186456202,-7.976458317241885,4.9703482709492475,5.061881667447472,10.734441274820494,77.17001234398788
8965,85.36986892249728,16.14023249842518,-15.880197964208007,-14.97005724724665,12.759764371186284,-11.599497556935418,-7.691505141960173,66.16194267994109
9571,67.5938832343322,-19.772283516453594,16.299539608802885,-2.506385018575581,-12.70031474456825,-15.421167787527398,1.2101014259242668,30.425699667552657
4178,87.95409159890204,3.095039099363586,1.1108797713874883,-5.0784838720915735,-9.598923243873665,-7.151525237831535,-4.527892291206215,53.48563132837256
284,77.04621933980198,8.5396905400928,8.777235590179153,-4.189907780098164,2.82851662659978,-14.949868058015642,0.9956263498495254,75.68099906334733
3361,69.51805986852287,8.352020957883159,-0.5223684280416245,12.667679782931565,-8.950342131013278,-4.868098060988185,-15.85424211407761,79.13534535800869
4198,46.4166609979213,-8.0904798284088,-7.096241732694363,-8.305179307947775,12.929607866727014,5.93007843966542,2.5467447010979116,36.29190369005613
3690,83.96823201449399,-9.137619385986248,4.892637044044127,-5.67356346079452,-3.703336711883487,-3.6800262810194084,2.2731340290002127,41.386284629596915
9703,61.197634205958174,-10.356687969198292,-7.083488676755697,8.381405144502137,-6.296335296626356,-9.684889766779717,-4.823881063077195,30.065055092411615
8279,38.22612438102499,1.705421146154861,0.488546762771613,5.055393024382813,19.610169626851533,-5.295283602556,2.1593504506409578,58.354860178242234
1784,83.38769257958182,-7.12173467812522,-2.135594070091283,-3.8537368862685613,-13.565051334692244,0.6913219717141585,-9.845308014575005,40.53134452409402
10943,84.27931373291796,4.444384463887344,-15.189177876832494,0.2908116719393649,4.85815597591672,11.028968734986153,-3.583036784233058,41.87785051692943
12180,79.36733847488522,-0.31666015119419993,-1.715762017554131,-0.1808920229671101,5.232500309219738,-2.5540821340294872,8.916205909901484,73.89736043072
4912,38.011800028072955,11.116543661170926,-6.6334723054176905,-7.885557847497809,-5.19886776443056,12.274318524108804,10.632753425873693,54.231975154708365
162,86.1657421181235,8.402111658571389,9.075165291286494,1.517119277688349,-1.7572929688484709,4.750959907809971,3.5934192958639195,64.39938253911387
12164,87.63358097811212,1.6954542916065831,-13.341074528644661,-5.006167858220904,12.517827603819132,21.05176245038299,15.290785583548184,50.73541465148221
4554,74.33521602830388,-3.995770559207108,2.1152739889119405,-5.71998249811029,-11.077844684541729,1.3499649630757482,-3.36159366389438,32.71743108185946
4949,55.817648492731976,-4.075078044414427,15.412748578269147,9.397771306312652,-3.676791216679117,1.6811950868833903,-5.9805151334188995,78.9460607788848
1754,38.11877811054727,-5.840062416595929,-2.4750053796894993,-6.690855414534791,17.781197519174455,-11.04653887658241,-4.3555174741666285,57.43409064905526
11439,56.73292392848677,-4.91316576724203,-3.054153426710532,-7.546157690498571,11.921025147014907,9.677727443777487,11.126781380286207,30.798269534724046
2935,73.09193717979362,5.041570066378986,3.5572604406175152,-11.334091015058544,-5.3546352225801686,9.383586492568353,-15.328143870793813,32.127466166620295
10687,65.91486915004006,-19.125976280478017,5.876283544070972,-2.451307991696473,-1.2072867643947043,9.34199545400849,-9.355990588415034,30.170510721359072
11294,87.76503487206388,-14.348049279489745,-7.531334382739427,-4.283527618957869,-1.7439164607250779,1.990687996703435,3.4203394963704725,51.580490124965266
4817,66.09187050959329,8.867307959203108,3.260605407696872,13.028094867079067,0.03252093932295081,-2.033950683975148,-21.558440431986572,79.80806999248243
6126,69.78912464721353,2.5261415644575824,9.561290100282394,6.933633769046383,8.186550286987757,21.86439470072751,-1.3742186148346314,79.06050262410571
6576,73.95810781762918,-7.730471831600511,7.3805756756352245,-7.793620937197589,-8.872171080408002,17.219016843096423,-1.271442549652886,32.529577817557275
10664,50.60904258188999,0.41410116990698187,-2.9313004778620586,-10.430156061038385,-0.3192257694727939,1.0265502143744538,5.669191307333307,33.28677420873203
4085,43.454629051916385,-14.089492866452954,-0.9315925758363365,-3.423909114814262,-25.533214711848387,11.300750587573711,-0.8119320169379195,39.412233177847156
12634,39.53370107185207,-0.6033853755086478,14.757254665679804,15.113993520360172,-1.1525978022331933,2.5282107477754683,3.1230367908436865,63.621648021973726
11890,77.91727959966391,-7.048856649625918,-5.985525666997064,6.5406783371596555,0.5154173935674973,-8.505845177167044,-7.736975090116558,34.93822616652628
7625,51.653507759533426,-7.283649450886046,7.231330984284764,-16.11369484640513,0.7573514612616552,-1.846476163899922,13.865419002482543,77.27682907949495
10028,87.55546347828854,-5.4042588418776605,21.24545931470983,-10.954467825646827,26.495404052099616,2.8972282342016236,2.803029269572135,59.69352888202869
8259,74.50829823790866,-2.8266892349938955,0.4736062935535207,9.55186045982843,6.818842927102356,8.17134257790184,-5.607742974862147,77.19367188338488
9283,81.48947191933854,11.992913022391551,13.15563877863224,12.700102477353541,16.09140935127811,-9.762671747210387,-7.929183357233558,71.82674740239455
12693,38.37767928090325,3.742561877964663,1.411119175818951,-7.58762276351712,5.401486020681546,-5.120572820549308,-5.924560366422501,59.329124900709026
170,62.98555648719459,7.019564093339743,13.44001642721474,13.91776603715324,8.160435121117203,16.49876401741842,-0.7447868351919985,79.9999958276984
12721,85.76801281813883,-0.4098593213557129,28.839479309767874,-0.6826509665831499,-13.56113321814508,-4.190465910109412,-10.094349907941245,65.32557951463578
7197,38.00241600588237,-2.4545346935887964,-6.0403647712072726,-10.4576140581767,-6.981586223418552,19.720537666419368,-5.34028699020913,54.652445030198294
10541,84.30405678132752,1.186594672481327,-5.775649086518531,3.8603895553744287,-16.817984843030686,8.723413714658788,2.14018473235896,41.91805959889845
8890,85.50244410313047,-7.523906570493661,11.775747270262242,22.86647837375135,18.401471547818073,-11.16621804135825,0.8630555434494275,65.89219947418742
3283,39.357891251935314,-11.182181981320129,-4.191350643193486,7.506990656397172,-4.171193062206276,5.529177514607699,3.6461052724454506,46.87284219762633
11121,80.31078478762653,15.56306384444264,12.54633023645636,-6.255354186392696,-15.495596614270147,-2.7274997616826075,-19.199001141112713,36.96290682963361
5430,55.806342373221916,-8.203299540820225,0.791570112823698,-3.9051423430478183,-13.778708666429653,20.952739212121937,-7.67364545887327,31.05733327407539
5595,38.39684984718683,13.068389544913598,-5.212005092839177,-11.995940240767528,-16.438094062515226,-5.047007915475761,0.7411408699669241,50.563221601417396
7699,72.26538159012173,12.606451696880931,-12.415271323848579,-3.9831063511453375,-1.513026713544796,-10.863231819830714,18.425078008217394,78.21966201281649
11768,46.12190380946599,-11.52633501070503,9.16065895750059,-11.505072182014668,-4.766244834885003,-6.514054037471203,-5.348312200782352,36.55738985438663
7749,73.70035478269786,-14.20296813613113,-6.066427840564412,-10.614461246346124,-1.1741579204178207,7.742335292829309,1.979006257178276,32.40569966729673
12298,53.82275777036365,12.951046543394396,-5.810116096128323,2.672887320820582,4.305406859514614,-4.761275493458679,-4.597457576134456,78.25463878581172
9237,78.29987663899969,-2.720218408568183,4.620365703309978,3.2002979474513027,4.740900706079624,-9.174086198345181,6.85672259196985,74.77153951596566
1394,78.13620387461225,-1.538107712768305,0.7238035895516691,9.84651841077904,-3.9895483891506727,-4.434732341607576,10.244787316815895,74.89711869256885
6515,82.02022708825231,5.5775915540863705,-15.571079222609935,-4.732626470420287,-15.691866485355623,-5.153434006034072,-4.124536477199044,38.77560597398741
4352,48.59897389406894,-10.284125619946503,-8.28206977559065,-7.7445968185333,1.575895442284062,0.6894013905719477,-1.849437878556094,34.56448074806289
6224,54.799389576673086,-6.213884594573767,-12.147467204918518,5.934798147789242,-0.10965409197453078,16.14620953091142,-7.723636771550382,31.383268882319424
1853,56.17545701371162,-7.102904047164758,-16.605418585879274,3.315043417351802,-8.340992679541637,0.12098567424352419,-6.143208960972686,30.949519484461394
5126,40.216298073676455,9.45714023318701,1.6598667010922965,9.038830198599575,24.004857994067486,1.3969564542713273,9.747204684990864,65.29091475683482
11940,77.65506933999072,6.74986347887663,16.36786570723323,2.0819360604103854,12.000062802934684,-0.6558983550836995,-3.8587054556809104,75.25410927787405
11508,76.2743842556676,-7.295927606118051,5.202678866844908,-4.574919478085121,-2.1450792320757714,4.161449100414293,0.8886334492348381,33.81531867993091
12308,50.78165585807278,-11.11155090870972,1.320503771792369,11.436807469376626,8.861993999216764,-18.59850336763153,-13.905117596762883,76.81082452429143
8679,85.71611124453884,6.205736473127448,-5.898785855308494,0.8043459474666528,-21.708604445807566,-4.182363171845825,3.6852462591649897,44.56073326685556
3013,50.39207335444017,-5.433351637332247,-18.22259263521183,-7.396798451077748,-16.56055922333693,4.810389208828862,2.619066428410655,33.41203609183621
4467,84.07185975958673,6.595795011446621,12.884831131207326,-8.406021955014063,14.6238107225526,-15.997532270151657,-7.889012882453804,68.45275905798917
10845,87.80660611391988,13.207461779160294,7.898578697023355,1.9046039076985077,8.464371996936325,-5.065853151889198,2.9282055028809895,58.10359357984138
8512,64.599886262655,4.892030564501568,-9.976767493928483,23.103355268374703,7.540598679529365,-9.258243115240248,-17.4965149898186,79.94875475743365
3184,87.60012752731329,-0.5875971035903349,16.75971639637232,11.571753657665301,6.352633473120971,-3.8335982742151415,-8.332486760885189,59.45350711686003
11599,83.96160290860247,11.15633899144786,14.222016718107714,-10.176091515962785,-0.6470641837218716,-3.844670031109316,-7.160450930021337,68.62392026922018
6211,40.12508315475392,0.48297504295520544,0.8680737008745456,-4.045194715894741,-7.4037781136856715,18.137791410709468,1.2454579352983446,44.913465445303956
6687,43.05675824066935,-2.3592855589455217,-22.334854679816512,8.677588065500336,4.150826316047257,9.712808594427138,-1.329491661946086,39.92461913818128
8273,87.9953366183656,18.454983355937358,5.046014581874222,5.819749721644555,0.5618903545138869,-6.924253671566726,3.855406398805875,55.48285332616827
4077,79.88392160388176,-2.670446530189425,14.803396953673806,9.399817188528624,2.1167459995087308,-0.3101809051464176,1.8936374957625395,73.43727721964322
10718,58.79806468953342,0.4026113831180612,-2.0793959434343807,4.069318939799968,8.454994863948103,7.474371728425735,6.752913651321501,79.64434498311233
5413,86.66726070709595,-5.7724959178472615,-2.134491954205112,16.346515151744313,-4.975139428551359,18.397971451100474,-4.386615942073032,46.94638151994073
6534,38.2653082764795,3.9409723929711915,1.5059543063802818,11.173013510685227,4.943735156122654,-5.762388740522297,-4.092785992458206,58.6324957456832
5865,76.77792846024035,-10.770627523224096,-7.031402850245858,4.927414367904788,1.9665911058587895,-5.899344583973408,10.804751686743604,75.86069719219611
4477,80.29191228035319,3.8448415409546115,9.032109678815113,12.126357206784405,-11.1027036285329,5.640780003913205,10.460191778116585,73.05518678077219
2421,81.68119656756512,5.9355833272526635,16.206595394186103,-2.529357239837819,-7.724730496715473,-15.088295473434851,-3.5133821369593567,71.61363580929813
2538,63.51789235118379,-5.065360637937281,17.59333382791876,-3.7085007428089023,1.8589489386526659,8.980806245233726,-5.600383414573328,30.00536482537532
2095,38.03592436944689,-6.500652477693244,12.194414629048334,12.209888361708309,-6.101997280270933,7.307617183393944,2.3475071073330485,56.339749197433704
7917,67.53867697606904,5.4439602143619155,1.7608332038222727,4.565393749355255,-5.157222082586337,2.129507570017653,-18.420263071675688,30.415443642259866
11584,45.17015931340093,-13.928933554800494,25.203805189210815,-2.3412622369105094,11.821732421788369,14.48021188736259,0.12438668052983216,72.52417704460031
5942,57.01021333218147,-6.064339200220951,5.557222028176344,0.5514117037565598,3.4187630259456463,4.200229845576586,14.868937094963357,79.27184491698196
6910,49.75119309066844,-5.953691321175572,-16.002383956388616,-0.12644612837325905,-5.10795826210554,0.4895698810489302,-5.413321557078924,33.799313325289475
10711,87.94398923348211,-15.656636431107483,8.499070057297182,-10.256234741742293,3.140784244951395,6.131447692236667,-1.0215942775599056,53.327456691165104
1781,39.35990691977206,4.964628359141213,-2.756328431084236,10.659807341465633,-3.696240476822793,5.359807158440963,-4.745770984244011,46.86698093214095
1437,87.19225955937837,0.5321748273409258,5.466006459950035,6.441898665317616,9.444529055142223,5.477146155935366,1.9449210468927582,61.30353689698615
1220,62.84557776308497,7.889067959755327,7.275631842250738,-1.7690747179373778,8.380507229248774,7.169926345977398,10.834867218258486,79.9995230709057
9460,85.9098387358288,-5.489737584656664,-0.25299568683300555,8.90136923810595,11.424783029590635,-5.187225629158686,18.155233215936672,65.00696203142184
12176,87.92735985074182,0.9606158629346357,-3.763563844192661,10.03851523255599,-8.095269771711433,-22.85161423411325,0.5233060846291311,56.90439777137673
5775,44.533247827627925,6.36503537865365,-12.934327332640418,9.415663372877747,7.955306866507269,7.535889269381632,-14.808483226967459,38.148321620556864
8724,73.36632509462146,-8.183299240620986,5.853485710019127,10.53566890929732,9.90999735278018,-11.833397998976205,-20.322712143689824,77.74949019280699
8460,38.4128648787397,1.4334314388797644,6.763378601639278,-15.761474639538395,-8.606844661536119,17.107320394058632,-12.574654915177748,50.47531365408737
5816,87.99053388243478,2.44851605771472,1.1541422267847445,8.047647278904838,17.441665417815273,16.765659971491893,-4.165465132820344,55.68790716734124
12266,78.71510197971627,-12.76406323180203,-1.4670576143423828,-2.6285389079337524,-0.30284764743105935,5.6895657559980775,16.034453104369067,35.55686317059107
6725,40.413058849460484,-2.996856412101101,4.227177380985619,-1.37992580455363,4.3064740134125215,1.9894554228163075,6.3433958226006935,65.71588024672097
10032,84.73684360954277,2.6673666228998263,14.806755431233679,0.021420579266555502,18.573551888746568,-4.334502344806888,-3.700506449955621,67.34947893209586
12472,38.20610584355673,8.235093288260375,-8.505758428868287,-3.975071714975757,-5.248788384422155,-6.92640015314422,-7.978426441809656,51.79643752065171
6119,67.8419398074901,2.0796514148930716,4.0576368599281345,-7.634352061014839,-24.977948165143722,13.120586273321788,-7.315004667027452,30.47336918978388
5372,87.62935811837946,3.6997271593680505,2.360459526546799,-10.85634172272467,-8.02830420499302,-22.766908805173554,-2.76715128659201,59.288906466293696
7004,51.447784040969196,-2.4266127114891063,-9.417695826593533,-6.675941231359229,-17.433516898714338,4.568333143972,14.524525607200534,32.82915638871822
8745,39.32175620756881,-25.764208592344758,25.00014462788628,-1.7539632529041937,-10.660663710514397,-2.2451835816894397,-7.326197030745002,46.978730093919424
8861,76.86004273989896,2.514390545439129,24.217898508522474,16.652264749576872,12.496665727549471,-3.5164513640241917,1.7768922446511812,75.8062302027103
10382,86.98082006929418,-0.9815218575981755,-1.7026226665332613,20.92224554624753,-2.3118804525201435,-0.6308969728229236,14.844192345693763,62.06542771558363
4713,85.6712603261744,9.686323321162567,1.6999434663099124,-5.965621882251772,5.4686046580909755,-14.137637394979588,-0.3406036801229959,65.53631601760456
6861,86.3110215851492,7.243056669950029,-3.3574569954894344,5.357444688935864,-0.3009975209556681,-0.6374167021220651,-16.195997908987835,45.96693448176602
4245,80.87583602176399,0.30173840894998716,10.272940780036352,2.4628311009382813,6.456991970544208,-14.136189604724317,-1.8027607292803605,72.47725626415672
8476,44.208293945783296,10.078892404513201,-19.27712765469042,-19.93958813724926,2.037950871131768,6.189795161794439,9.225335523773575,38.51146508716086
2992,60.78367256770311,-3.1830640565504837,10.615254475857894,-5.342171732714281,10.791418356294253,-0.9400839798717298,5.355491109380547,79.9015640615775
5602,44.05025401620085,-11.528870193131533,9.351604361685158,3.2822839182872565,23.141922703233732,2.803530188630843,12.826398765968744,71.30665898182359
2673,44.13563983894778,-3.1090602764288198,15.984048306813207,-10.682249629279024,-1.926301163383629,-9.512348341234821,0.5447219597627414,71.40536240727727
9351,87.72159534031348,-1.4969653930689428,1.0507057635192554,-9.88056924754505,0.19561878990384263,-16.447766398310574,10.758393335149059,58.72058111452909
11901,78.76408823334148,8.456236584101807,-6.490287898043925,11.628561804932364,17.097035832975443,0.28539283150813993,5.680155791519504,74.40344098791306
3442,52.157005270384275,-10.278588289815232,-6.595139467606167,2.8941374529760164,8.153758386619769,3.9849105973966044,20.630788653417493,77.52619509134922
7375,38.22200341284889,10.342459475516467,0.025528033202249775,-1.5091478595898367,-6.150627808316873,11.510036638884149,10.958625742149355,58.32428716075011
4705,46.55662238527158,0.746764948775904,-12.440512339372047,-21.062245626150265,-17.077329893980618,12.529821232350354,24.36963818479,36.16876709773233
8416,48.315629958513256,-7.758872893116838,-7.463775593865465,-16.27039108775349,2.559054572987074,-24.313254822181563,12.812132173519728,75.23287612982115
1320,38.203698134962735,7.268714141642452,-15.96830590116664,6.147033513224445,4.465537665846398,12.994843387062181,10.25174895095174,51.81512734666682
8834,83.54201230376094,4.799145706045268,1.4187163693714302,-3.584587735387203,0.0342391146461513,17.105978415971073,-11.139192241063167,40.751290215878
670,38.4019805147319,-0.7533088340386609,-7.080757030492614,16.934629475311915,-3.0590665207230066,7.477575629637824,-5.620278134617893,50.53486423472129
2653,61.822529996775074,-8.242886976529507,-7.07518266534112,7.432076410676977,-13.20843773837511,-8.356634421922838,-0.6342931288217301,30.02774410687922
8653,38.40017350229019,-7.576661827680397,-5.788481825524893,-0.5498336237699173,-12.8262391976289,-28.081951587415116,-0.8307070217731582,59.45516961322172
11429,61.339394671389734,-10.560831085259297,-10.990661520865778,0.5514330973084015,11.319960755134947,7.3476524880044565,-3.208040367942549,30.055213171033287
6679,38.21481193791472,-0.7848191938970089,-2.6545188612228863,5.251140294406356,1.4662728997328724,-0.3543338920155373,-8.454017467104766,51.72976258857782
8958,58.26724573461347,-8.538394736752013,23.039836198895426,-6.1570916800100886,5.695519821507339,-14.543294965963485,-2.787443956862648,79.54793345810326
7354,84.5110906414852,12.67950606131565,7.868425566271751,12.467551870057648,11.327516038981331,-16.77013383281445,5.721963658222159,67.73864119181508
11213,69.60930933640095,0.7990881160022294,9.67442909139758,-5.649477450978556,-18.813764979555593,6.028572603515761,-16.941866025408466,30.88948299816524
6197,84.64850513164237,-4.303560448077414,-2.8057664321175952,4.407796990646947,0.5140579774136871,2.2311304027526706,6.253745327457886,67.50368847841524
4022,76.10858744143634,0.4179551600614424,2.6580381386824117,0.5605778616569189,-6.607963633883856,7.366358468539403,10.570468012928536,76.28767096913651
2570,39.14534337874154,-0.8110868384880696,1.4006542703742881,-7.088724987682849,-5.20709731114028,-4.317256030966209,-3.3046695438666163,47.51966862486359
12502,87.00333741277366,-12.378082181153431,14.428102984106982,4.96258083249787,10.384507319232014,-12.019709388498383,-15.245655700787905,61.988547277406106
11025,38.12160881911997,4.103593024186965,-6.726519428198692,3.5679330335216566,-10.213318475395557,-11.025455882619354,8.909476191656067,57.462854492476325
9799,79.43355260462913,-3.284647302566785,-5.786498441930938,4.585211348210651,2.0432051706115595,1.03540037661389,1.887624416201403,36.160192442838294
10013,73.48902790598497,12.85181159329322,6.643445638299167,-6.037578660282445,0.7346656321890465,-7.422132405936849,3.7039519715488796,77.69317724752241
7028,85.59103370656074,-7.696525822882274,20.9593862996391,-3.826420769865719,-18.262656298284156,4.174210039914326,-17.403740622477493,44.292750303227415
10591,85.94602702781557,6.86206533281042,0.07582528914590263,-7.511321005821182,8.66605335807412,1.758290688173349,-0.25671197987521815,64.92370110587564
12361,82.0080233146853,7.039675488083295,0.6606646150147315,-8.502098217488221,1.6578249904438165,6.029207257578243,11.21969944272638,71.23868990000055
8815,64.41754819439404,-20.30023548745754,-5.586679951971848,-4.799066114257344,4.908795896086026,19.918078680360377,1.3001429180607027,30.040221212587436
12009,85.53564523535036,1.1590825586506235,1.6823821045568073,3.049955249036434,1.1255466741535145,-9.108739144931196,5.351277142986892,65.82334023425443
6155,45.006594187600385,-5.096416349198956,-0.12952175750424838,-2.4020712960416954,-3.206208481796569,1.84233688601677,-5.829609025427695,37.64380954038866
2426,80.0825481708803,16.497456436026454,-14.326368338266352,-13.598162584778333,9.15976499825085,14.858976919822634,0.171110947340712,36.74660174133172
9798,81.11949541621766,15.825679902892478,18.658887204221518,-0.6765889067140438,-12.8811277415548,22.504151092503946,6.437616430935195,72.22451409653308
7465,81.19413925265073,-13.738938452832322,7.984130844403561,2.941936569205808,-3.6449059432201247,-16.401698249588065,1.8303527309168401,72.14564950228349
8913,60.577714221348856,7.0520139183804185,-4.2018836008083325,2.83262012877743,8.047588705298072,-3.05905884097944,-1.3604679081819413,79.88237391420972
2070,61.57333833841129,-3.2965632498946897,-9.048411553217258,11.549063711650788,3.038261317942348,8.958593610476385,2.2717846856476323,30.040740465643758
10246,73.82198890527702,21.9311529741789,-7.918295447190596,8.110878205560663,8.899680810707054,-15.427486187782948,-13.13173815107142,77.53629419700721
8230,55.52864908495612,-4.69236235613967,8.865446245639237,0.4668934585204237,-3.0025093039416357,0.9499467004663599,1.9295292164828717,78.85747085305299
1951,39.93683430678566,6.828015076028389,-14.484106675943957,7.170367139348136,-18.826295312845595,2.4531014610308874,11.934254111288013,45.35166396691423
5508,86.41026149447632,-10.828302853966358,10.09263777410549,-0.128141770393444,12.882164378237926,-15.099091936035236,-7.988392836322048,63.77266531678028
8326,38.83456707217016,12.22243946527585,3.17961209341311,-19.188336408036065,10.94188506344059,-1.3943042535863714,-16.60723812095541,48.59438906812493
7221,69.14527578510568,-8.700985795490693,-17.721031628073835,-10.410327885380973,6.021753637136401,-4.114927949738228,-3.867720856867063,30.767055780921012
10254,38.039464273606015,2.427219757602689,3.797474168965108,-9.519322297996629,2.3466893782067437,8.330095562995794,14.528167693493332,56.404156775936904
8608,39.750317448910025,14.928397337060208,7.345397739598992,-7.716329188842183,-2.5582614768071044,-11.660959418517551,-17.641620387395648,64.1897911441742
7101,62.98711766524386,-5.961214947757812,8.917638270325234,9.10931126126727,7.102575741302115,8.593357747577446,8.961630335319397,79.99999668090881
6761,81.49893131504703,-1.2945282318351727,7.987109760878722,19.930519755364138,0.2190915636590483,-0.19694904653948173,-17.89335006613994,71.81634740962413
189,55.658203371372885,14.738031812554466,-9.023152093333271,10.039853748796903,19.53397690206261,-5.737893960660692,8.724703931672481,78.89765725471598
6006,77.37037089309086,-3.3321268587215154,3.7570163527926996,-17.588931980301112,-11.356651649521561,1.0834886039248401,-1.8950541095500602,34.542912221066096
753,38.304758366067304,-13.648202457770712,-2.0452983939629905,-2.2092559919646897,3.74571160053112,15.589098085501313,6.253153425833769,51.10833703390477
10730,86.61966456590278,-2.029802358366849,4.382671171682767,-1.502921264268714,2.9099479403372746,-10.381250492462815,-7.0333323831140415,63.19215757869907
2048,86.92667745686855,2.2555977892414463,5.920697111286842,-7.367640718310268,5.558848599981143,-12.474316149567027,4.896158153791371,62.24666170557027
1408,44.74556473211719,0.7780987092538498,-9.200811344422199,-10.800431656102491,0.8905457579097237,3.340761717698083,-16.301254458924003,37.918559983108096
1488,38.53043446528474,-4.552413780495474,-13.835085824763656,-2.630640457265275,-2.7990135448948843,-25.255228526266002,-29.084790763000967,49.877465222931605
5563,75.75096386999273,4.711086122888333,0.8852190968279489,-1.3674639416062262,-15.269078235738593,-19.401095796648896,13.197579886016754,76.50378851240265
8530,39.93518940174404,-17.983147520628304,-7.562343608800768,12.673236378518686,-17.298171128926917,12.515928151264697,9.658182613010238,45.355596852755504
1310,84.12022820974934,1.1200714306931516,5.38092005479036,-22.242507187841323,-8.716428133675798,-2.6227302822922542,10.06570801925394,41.62330532724515
4137,87.38611318839328,-3.469991460206645,6.52074764481386,-15.364563182935369,-7.319836905912295,1.7944673673382958,9.30382502088067,49.493868548348004
10601,38.28966072380793,-17.195781803296736,-9.931755350838031,4.706297138320862,-11.186348717659257,3.5410604572601656,-5.231980139120545,51.20538106584082
12382,83.60105911070542,16.245576596269302,-9.501648440630497,-7.50219904993335,-4.649470478884499,-11.340839843167458,5.354322136176374,69.16320456384152
11276,87.84245334092081,-3.7649720670925904,-2.021405948792672,4.464544731817275,-0.6020800915642955,-5.548200796382825,-5.633559760335424,52.19776660426503
701,86.95419069704013,0.5632883149644861,-5.599679677406256,13.851779241376509,12.242956318147051,-0.013337204077130554,-3.5123486019779704,62.155190287465174
5970,38.04308113380281,-12.072258291793412,7.349199328527688,10.3813278673992,-9.389513333728141,-5.906841680900091,-2.5922395791335435,53.53296192753882
1828,50.701554077913705,15.01192587185103,4.59650901114941,-1.4277944226117238,-10.45788790819391,9.484611256343076,-9.463945903954922,33.23424184868537
7611,40.08545390060496,-12.72667111806703,-7.205579423178827,-21.235012709608906,-6.217041492307272,2.5108637791813755,-11.094455145523767,45.003821877402366
8454,38.04813257470441,7.4894939017768,-8.594767460431292,-9.961799538210522,0.01775092645771068,-12.848985811955838,3.9378061271904787,56.55058440288583
11574,77.96412877060041,-7.832722047458836,-5.475704078282254,3.338446095052958,-8.299148692539552,1.3968700329537658,-2.270624030844432,34.97314677397148
9406,48.14802744020192,-9.608438812968119,11.968091720194662,-8.399613386744685,-28.807688185720654,-8.019477588641939,-11.418781844579254,34.889830655039106
118,75.87883569536007,12.819426742547364,-7.72169549519392,-1.9706521515461872,-7.425257290691486,2.5490802137812847,-11.421315997462322,33.57255052200754
1493,60.84431527662229,-12.358155879883563,-15.69682194881618,-5.093527275235516,-20.423496815358916,-1.8809987683091232,8.742794072800734,30.093112932897537
8889,79.29889257701063,-5.907273207692432,-12.031314027694474,-16.678393273652517,-4.037204012826106,0.19598842875502626,-5.4697993872564385,36.04357362889651
6127,59.324462026822445,5.036483637479742,4.542389566286252,-3.435903405378784,-10.891407529295345,-3.4595670984350284,-11.097240545458762,30.27166765413143
5122,48.09923008342703,-5.969702556064465,-3.8628410890623694,-12.40553246102786,15.360964714139575,4.65442874216173,1.4779999978271843,34.92596064830613
377,40.9384024259419,10.541320017868337,3.515892873778934,-23.768096710810063,-4.5820695767966075,9.848724163548768,6.787033826913889,43.24049692885308
12579,84.33957065725431,-9.32552455834825,5.828969059207011,-5.549355319832307,12.518258566579108,12.229028525237641,10.61880138117904,68.02392890659539
413,87.49539434519998,-0.5347501333354853,8.744108862285598,-5.599461154972039,-9.39458329328427,5.389426935122802,-19.548238474138603,50.002435005610764
4434,87.78842491342789,12.619550886562488,12.1393460869315,14.389520130457372,6.295571373398373,-1.3682268295630244,10.967709640846568,58.2456109303716
5622,72.32004332643181,-0.6126405471004543,-0.30867555493029664,-3.596865561968552,8.444847410151104,-5.805978966026192,-1.4000601479971406,78.19777559149657
6595,39.471638833969834,-2.4134631678567904,-2.696139658186531,-5.720631009955434,13.863815327901285,2.034981024886787,-2.006667180117094,46.549188154925965
2251,57.76478412820931,-6.113568671032158,7.853720709926999,-13.333503520180335,-7.623516031445384,-1.3557491930014163,-5.053164736152374,30.554294553526365
4433,73.89289468005364,-8.80761382159445,-12.728525967648611,-14.49219329646443,-10.39252699723411,-9.084897593514702,9.040037719033018,32.497892421169546
3403,86.81787166895411,-6.473841156359766,-0.3120173315421572,8.389087956539367,-7.848008625202178,3.3583733306181447,15.700185811957308,62.59664328247898
5052,86.45568217845448,6.824904808740968,1.52900028917583,-11.873604713573265,11.765969852054504,5.396624483010095,12.97549252415904,63.65048978632614
7047,40.082649471234845,7.859929225263618,9.118391704501253,5.0503858941277215,-15.297447357272409,14.290341225864374,-6.7128138880513415,45.010253019134694
8236,62.404884540875656,22.472866686130825,-1.284181315730447,10.007598608129742,1.3238723619828896,14.742624855566621,16.27898245549523,79.99291574807371
2337,41.062822830651854,8.11145128162169,12.702639920299553,4.588576083997609,6.419284254359524,6.079857361062401,-2.278505656481465,66.99000658217628
6905,40.8649202613021,10.846594208892649,2.432225872705445,-13.099487289380052,11.659164325311131,9.151850101171362,0.602882233541255,66.62059572317555
7212,38.27084119641815,-18.493859581021855,-4.44232151222973,-4.501738836192627,15.849469917151671,-12.812712924457424,-0.10376991914575633,58.66997341505768
10873,83.73682029027307,3.381745344855286,-9.756793628816537,-6.140005188700645,-16.750220850397195,4.375045662645334,-17.414725557423715,41.0363226817246
1126,73.31156672388984,5.258012858231806,5.374178997967503,17.367961712498353,-0.4302213590955041,9.07919382687885,4.717034410210451,77.774362596981
135,74.76671106090612,0.8055593751521573,6.036940690535744,5.2682349505538415,7.859987493777753,-11.159190278114766,3.5840728434166786,77.05775398378424
3278,87.16055293714452,20.426273615930484,8.817071524272285,4.5768021729900275,-10.261040530688456,-3.178339400553681,-18.72302943680352,61.42399266589226
8630,63.04068287252687,11.70483768354086,2.352382590931074,9.61496577681916,-4.551062283044615,6.001424903219334,1.1915320073559643,79.99996689805575
3164,50.81379412708188,-0.7328518540662189,-4.435681564383043,9.870030027133584,13.48644853884801,2.418466378085589,3.693982480945122,76.82879718222824
5800,85.9875721944764,-24.708992540403464,-5.7366509873340545,3.819360315832671,-4.179402714746251,-7.331456072219938,-3.0856620297119615,45.172918815653574
11554,38.641961156445504,-7.490298774334408,12.212370200730058,1.6167840198850643,13.313649336397201,3.3087416243948153,3.1092270256249757,60.62902688711738
12770,87.72075823427491,-7.245482470111325,-2.601264562076986,3.456439463891024,18.823605114194923,-7.735133387512681,9.293241629645657,58.72613906376684
8388,87.61717970034876,12.578251971493142,-1.7272971469940939,-14.401313997507623,-19.61404295965392,-2.4877936297471557,-1.1508898548412898,50.64173617127909
11660,49.138258539169016,-0.05808926567136065,-3.7218332458417707,6.0408316875532195,-6.587457223426485,20.677149930707873,-2.1724800604876817,34.194901498116394
2374,85.71564631808778,1.5805469253393167,27.175798884117228,18.914859683262744,-3.2729248546474436,-12.22546063521984,-4.82558585418062,65.4402783656158
9828,51.57219752850861,-0.061275134236919195,14.5062101850028,-1.5319651660681384,-8.116055942046243,2.9536169852534897,9.096457028083165,77.2352272458047
9077,39.29885711717584,1.3260100895144649,12.750795359102074,6.716281814943762,-10.499608926157718,3.8584538639813597,-19.830820329296444,47.046646867644206
2856,87.98932999350978,-1.7030599663945543,5.4253455544088265,3.087623368461749,5.329000298204773,-16.018880970302472,7.96823823784249,55.73033312636926
4189,58.327514826583425,-0.687586580185061,-2.8024413723712236,11.719768261299357,7.155329665749745,4.415884763631562,2.0745006610613497,79.55947642569365
10182,43.89267935776025,-4.343918601487806,4.893658809134143,14.25279944888516,2.9328626855821156,-16.823560549626574,22.542627401141416,71.12173371181396
2643,38.00862504508322,-9.915978701010818,-3.3665284994348217,11.308855689510553,-17.098437296322427,-7.937569359302049,-4.508352089613473,54.343358649826015
3607,56.43763633758632,-15.235490271537897,3.2440720325513297,4.19768499095737,-1.2602648276409776,6.160166981200234,3.7041584765474127,30.876663100594218
8398,83.8972990998782,7.920636825136381,-1.8250309285128736,1.8066443363278242,1.8826352941646776,-8.805420238878405,2.1382932518172075,68.72235002943118
769,55.97736417136244,9.250126188245844,-8.62672279401237,2.490382672720118,-2.972842451303159,12.328841181553953,3.228340071884638,31.00661370255678
11621,63.41200660007348,-9.030948430656768,16.390210400301754,-12.838726408771716,-4.723280818106198,-15.231495252682283,-5.130216096846438,30.003395219320367
5041,41.31580215543415,1.178681729938253,-12.869729994792303,12.283309996217355,-0.5308036024852093,-9.318389048779135,10.124573799293962,67.4416865351015
7669,72.1326634495706,-2.5993407690671937,-1.9649889437486332,-18.57842573900623,11.465646849442537,-16.07315397574838,4.944170812481997,78.27218207037916
8549,48.56621774558474,-3.8521685648148445,17.90451383886688,-17.282870546967132,11.354871217745403,-3.8741519654984025,-8.348143626869147,75.4123964744987
5696,40.707140662091355,-14.399432894374865,8.317523012455752,-18.151737331012107,9.92108789383687,1.2232098065526178,10.325712178236312,43.685035460054706
4019,85.6434091864023,9.0042543103849,4.078887737843777,4.225141007104906,-5.608513615255789,-0.054488527827796215,-1.461765795413669,65.59603795846127
4524,46.000280280758645,-1.6314818717187762,4.470687439380577,2.661474671902192,10.443729662261294,9.135240619609474,20.668264220206616,73.33056271550976
10064,49.33269660635384,-13.540242068438573,17.97604725814169,-6.099269934889559,3.273632198772721,-2.6260903429516285,-9.577535054318902,34.06665774545239
9846,39.093178926615124,6.257581008724797,1.1535039665319409,-3.4113434889168657,3.9886553525981387,-15.801179514885197,17.65980376589511,62.31190167912293
6789,74.65013743161659,-2.895302271833859,11.709907243048336,-1.1636128902329068,-7.105256877536825,-4.170770382731995,-4.986581041992746,32.880454393807135
10333,65.60663762398127,2.9148727970550463,7.574885811430399,12.032093704124133,-9.177591663604193,-1.169911837531564,-1.8877547428035715,79.86373745632875
6522,85.38907417231954,0.06588511903306717,3.620241028374389,-3.005704099385935,24.161533248231972,4.7328412485536235,6.0940124329724785,66.12336988984787
9442,73.72922580296033,8.486207296575097,0.6600575206290876,-7.703670327762998,4.02445268875667,17.0789131436386,2.4973141762667583,32.41939518814675
7969,45.1414039857582,-13.001626951654968,8.65381427838967,-10.871565995790476,13.588481107679877,-1.0304041445205645,0.5149307275824373,37.50512793987601
199,87.78712158215791,-0.581299864144456,-6.026857862759924,-21.57228674389391,-7.6691305046979386,1.7371594461627458,-2.5060047567303556,51.74445032731467
5785,40.29966262305464,-1.3280113678737404,-1.0084715127168673,-6.566566982166901,-11.908860084875279,13.062159420616819,-16.18102885303281,44.52647705054038
12636,64.67391667138617,18.422110037696438,14.309948458680584,-0.817470325483918,-3.8212086440007935,13.74199549759852,-7.172829529643529,79.94389710885721
1700,40.16048371491365,9.542669109880116,-15.321906691849488,-10.730264054787423,5.870668258632752,-10.879790099265772,-6.071750603512372,44.83356031526889
4078,44.61748801228731,-4.238773695557649,-6.248010142939235,-6.468915604321234,10.441495243777368,0.37138800529949606,-0.06390622880388103,38.056468696827125
2089,53.020406880511054,3.2448936997089795,6.370328484086444,0.8232909754787282,7.569612906974445,5.697727086698529,-9.210334795079406,77.92177395337126
11749,63.54504955085381,-11.425064066560973,-7.004512939915719,4.57192875346146,1.2393069896475815,-3.8271019701002453,-7.7443770202475095,30.00594228647309
4287,51.95216092659274,13.65807256477085,-0.749790292527822,-10.122297679837043,9.23041439514747,4.081647552590729,7.753513887774846,77.42644090818014
5204,87.7619252850819,4.244459700238588,9.908919569759641,-8.166046168501655,-3.4180080818985408,-0.37316021090902507,4.761575743169042,58.44195528384981
3763,39.15682288524144,-12.136256640251595,-6.402437033819922,-1.9108752049938118,11.13562138860747,-4.822641914552663,0.09284571581077763,47.48315857063264
1515,85.87600600279956,-0.03414415348415867,-15.480821380390337,-7.648944518127551,4.067094454643422,-10.498358353418897,8.04090208595948,44.91593587089616
2674,79.10106448291643,-20.05867365595529,-7.813932930831405,-18.861182178002174,-2.178138023353,-6.236232320177115,8.716362742144444,35.87525889019757
7341,80.10577903351397,6.563665150137696,6.009233092192316,-1.9112845986552909,-21.121101236121472,-9.61354380068039,9.32122012820512,73.23162975865279
11407,85.34627132327702,5.715624353844132,3.227897795054841,18.721021100493328,6.125605774415938,-6.793313199172609,-4.347341947210181,66.20911048863766
2405,39.61277274382198,1.8261181497430918,1.5896122806035107,-7.22970416437737,3.379938321919404,2.2651810329324356,-14.817752391654931,46.16611063755699
10421,87.98775518103001,10.78334249148153,-11.490128431327651,0.8532683404175744,10.984745863298144,7.498640373783569,11.993993844543155,55.78236245622336
10708,43.447712766586704,10.141575809198056,-4.356926051926063,4.373147429644655,-18.369306523537606,-15.019453427448031,-1.5376264827775667,70.57909060061284
1543,57.61316123855177,20.970072840771522,24.311536695757173,0.39358605452900486,1.2307478977070105,11.637957977764042,-11.372381293717126,79.41274192216349
587,44.595104042651414,14.610890411583062,0.8739908723656443,-7.450252833441631,23.572939685327402,6.552811715295953,-1.3133997867634684,71.91921407155704
10068,45.04509456811917,9.622346776523619,5.5825603777357,3.1950773396634595,-11.228698447396969,6.497236574721182,-6.4330787369787465,37.6039840500126
4084,47.52564494608782,-8.21964574882094,-11.256785718887146,0.9580307327202052,-3.4668548620770965,-3.1999105416387135,0.29711429710340465,35.364717071927316
5905,39.46933798824078,-17.665374847371574,2.0425944376215517,-5.3634223348719825,3.597458209173639,5.483136764413815,9.675523936476313,46.55559680685772
8781,62.65360706592658,-10.12286365323548,-18.53634294546762,11.832907155976741,-8.088084663914048,4.415546199987761,25.66413664098333,30.00239987648366
4503,73.1494562796692,-6.270722780233632,15.56403945969463,6.310340680174772,-10.895894256405956,11.105618987818012,12.866554075864851,77.84706846024416
7474,38.14788013168595,-1.2483038960112556,-5.198942019537204,6.191291181559882,-8.304362668351947,-7.084902190433837,-19.246751988503604,52.28483185586045
4966,57.99836645858504,-4.806683202035594,-18.93561753695961,1.3319758897766971,-8.366235277488672,11.591384678647733,3.1549582201019977,30.505436074153252
2705,86.9348508402407,9.096115261604009,-15.47077586328636,5.051850837662906,1.2377784271830783,-2.434734080931525,-4.615798240981186,47.78037983994801
2476,87.96673490864367,-7.168483225800837,-7.156744418629795,12.839399035307554,-5.737731245057426,-2.40198318980769,2.9686311324643406,53.71075681056156
343,85.89236663423092,6.281558969672131,12.051944223458639,-4.645735847684604,-1.3383443564427537,1.0963559415986146,9.89880805479391,65.04686766529503
12320,82.12237781404106,4.226059852393471,0.7851844772481277,-8.687287878618601,11.161547004872963,-24.163541442507395,0.017037246480299504,71.10387117239424
7635,42.1600547309053,-18.093432148516374,8.932106260151889,5.231651709780984,-8.146170606596959,11.770498065119963,12.465147615115676,41.19070308881957
2666,82.28238284225326,4.010179202826444,2.767995902857108,-15.433749423651491,0.8137849063649683,4.813863880742247,4.071298139565056,39.08806385367333
2966,59.545481898289864,19.212191892813053,-7.039719946548492,2.1886693162007336,-9.244207131562414,-0.8894073245404727,9.88990641170465,79.76017578057468
6488,39.90612225319616,9.663344647764296,7.041880939560076,0.48642801692347476,14.376386923828427,6.042482272092776,-5.986768778070658,64.57459192945988
4881,86.78289180182799,-3.224661106409185,-0.1513076732316031,-4.438326507465028,-0.5777438630899158,-5.221167374089033,-0.7317269121606472,47.29454365124666
2642,72.75657731624298,-11.970733288676863,-6.303444368628448,-1.5066160780952886,13.937146466293129,-8.827097290486659,12.333499852089902,78.01758456207281
9156,42.496908236465444,-34.28536922199631,-25.847924968705588,-5.28570713072551,-5.247348286470216,16.09079941920327,-7.063209605689237,40.695342432057956
6626,73.26091328090547,19.593422619453133,-8.289285814105376,-15.140446401844363,2.426113502630545,-3.94738583569172,8.389607084120772,77.79722918781442
4000,60.311609807904375,-5.866974428643772,-5.2069219769637325,1.8980067849407467,7.225964290385058,-13.923342311394064,4.576656456743532,79.8550308423676
6269,77.15737111134071,5.276665352743733,4.8249389863925085,-6.239858695453256,-13.701562491619747,5.512483632004335,1.0001220335494565,34.394931613416674
5339,39.65438157990302,8.75512275198673,6.098975056156458,7.473311786828068,-5.4393071443232754,2.877693020247953,5.63671554153477,63.94327124620675
8651,76.40038984635846,10.050668815001757,2.3978985135639967,-25.644334174483824,8.53374549783867,-10.49387097536396,-9.774065689518638,33.89479798804065
7488,43.06765405756202,11.305098095702578,-12.589837341768447,6.071102749753918,13.025209087177918,-3.424424358839742,3.4636264347236763,70.08978413467125
3963,86.40002898128489,11.490117949595295,8.304147982192273,-1.6483169837021951,0.919813165807857,10.071347462579677,-9.12707266340577,46.20007706425634
344,38.00026005057515,-2.4069542816669514,-7.556553754953892,-13.15280026374216,13.53637827403011,-1.9140010244893522,-3.018324259429202,54.885971665226414
90,41.11514409658055,-0.38611284060100387,-5.719775681162328,-2.1224669806494676,-15.212303785539632,14.17281466378438,-8.101387330049564,42.91475767365144
11723,45.65854233003489,-1.4731139216367526,13.585299704668504,-10.199562177887467,3.6922572913496854,8.860363696574709,-2.6278629797286186,36.992394776628174
5910,87.9582928047197,-1.5184966419534809,-1.626210242302327,-0.41213280471016966,-16.000171213847302,9.824239341112945,-13.82439022052386,53.55652493132836
